100
100 -986808933 -895285427 -872766872 -822900938 -812181151 -805529319 -765339815 -760288808 -754902307 -744959513 -723794042 -717549934 -699569920 -694301564 -654639588 -648667935 -638172580 -620514493 -602398690 -575966770 -563664484 -550164718 -538115668 -531477917 -506541310 -477610804 -430088110 -410707338 -353577213 -347550360 -337117408 -331313088 -297649632 -259053882 -244027918 -240151393 -223410966 -196319144 -167110408 -164322561 -122601298 -110202734 -109766721 -85458242 -76756572 -73581142 -56437658 -35002849 -14324070 -12833159 -2847698 2010024 4252557 20455414 23988987 49198629 65723685 70695338 84627775 108743618 169873467 175375245 190602441 243471779 249356337 298580294 306796722 308877421 346982014 352032852 358855870 369071236 387443135 400863418 404762251 440455459 442300134 453711073 469277867 483423798 484547761 494157713 515313694 515502135 535959342 544076906 556950543 570086920 571317038 588943566 757046125 778681239 783806839 827049074 872632815 901496727 907003922 965981172 975067347 996019648
100 -998629224 -979625180 -969481446 -925090035 -913776923 -913603404 -881272498 -817358072 -798941343 -766361429 -731139802 -683512251 -620322039 -587071525 -568694421 -566570081 -562587567 -538231608 -534550911 -524907639 -518354066 -517056535 -451284573 -446788150 -442811961 -429200216 -427453056 -359425561 -346449341 -326695801 -314362108 -269697623 -262414965 -246077393 -212176417 -205365644 -191179570 -186542288 -174380223 -173760219 -166436905 -117898704 -112646319 -94306526 -69253582 -41631173 -35262356 -21922740 -8132581 3124596 3167605 19723312 47573533 91645490 95860781 104414848 182894071 203642186 216402817 218653634 222690521 228972574 274802624 285056714 340640564 353479393 353749915 361559113 386809069 412626315 445191117 462285615 467132936 473724942 483541942 500162565 511703193 523077219 552018856 553841261 567932225 624453911 631084038 649777247 690624653 698576165 740632280 747676818 759377846 795751586 853200122 866473511 890100983 904295482 906502917 918895210 928204127 945197805 975713336 976629077
100 -996965833 -986345573 -959280442 -927231361 -924861453 -917559424 -840096343 -832000215 -787496516 -780195893 -749139459 -732586113 -717824633 -691453624 -688496818 -677030443 -668118920 -668096594 -654204044 -637471452 -636729158 -634949519 -618378660 -613280544 -605225001 -590051581 -583709660 -565985527 -530794545 -507460897 -503652532 -493220532 -481460083 -480965821 -395152287 -335022075 -321800838 -287655924 -207546613 -194098364 -173274347 -128386928 -115471363 -100113501 -64485139 -56033279 -51867071 -48599071 -2592143 -2491790 20358039 21824289 37594690 134382960 155670654 160664327 175305863 176352752 186572175 203358797 229961900 262252755 263220331 269869952 293751003 315993775 317160638 323450977 344644404 344929614 351874403 400046642 410030236 423706438 439983312 450354970 452610387 458148917 551458441 587881376 637109844 646346896 674983675 681926981 708689047 711189263 711207859 759681600 769273090 777632306 787726045 824084305 824086962 826946668 842750222 844207400 870789061 882595219 892008754 995103254
100 -997546403 -986430802 -985199527 -972985684 -971545063 -944512179 -910221298 -905653649 -901677646 -848311707 -846258347 -817125856 -805081266 -773204271 -748614372 -724893300 -688618338 -682888076 -677277732 -657868385 -653950709 -645356892 -637432939 -629669908 -620926223 -614375846 -548152880 -528942030 -525706450 -485650737 -467604856 -452236518 -400049459 -395565717 -353649765 -353570150 -313118109 -298591948 -291108266 -291106448 -244534941 -180973107 -162757502 -134506411 -104347753 -83352650 -70137608 -65242721 -65146483 -64127177 -56817775 -46772721 -34747085 -13695348 25682154 38283108 47455442 87717509 111484819 116136692 127648644 148071785 154943332 193118884 228615802 278510277 285712314 285847364 288017781 292514454 308184940 310820806 371150568 399874171 421641752 459492347 474646211 480804884 493379699 517050081 523438706 567873356 568963188 631769451 640355595 651763715 703020919 721334364 802868547 809103981 810204441 824113581 837305711 837792217 856955052 862364885 898401156 907911201 951379985 962552859
100 -998342816 -947340180 -930988441 -921857121 -894595294 -876329934 -866007562 -826849856 -797111519 -784738426 -782685832 -781256723 -588770237 -568586582 -513130597 -475490495 -393931477 -385405963 -383987867 -378387074 -371970484 -355635240 -345797192 -321007085 -312044948 -296282990 -287494480 -252352914 -199345307 -198125737 -155690875 -145358523 -128660657 -90360970 -87303116 -80971682 -80085994 -68026216 -11563265 -8868914 5420890 30408511 35869566 44192508 60262692 66817825 74659371 79586010 86859966 115393125 180569938 197806897 204006153 217887732 218669596 253571741 264760014 269143465 270671759 277707662 308593220 313159565 314972057 332558589 370653994 371956822 372865456 390562850 395862935 398587790 423993216 452463343 468148678 470271943 471235292 490973036 521986831 587660288 608922542 612505912 615061264 657489925 690388028 725370650 726071961 758409535 789960328 795925225 804950954 805025981 840812152 855557913 874571674 884475309 909517867 925568838 931953341 942623590 942743935 971546627
100 -969969959 -931422379 -915816295 -905582860 -901669585 -884750428 -884328213 -879337785 -862372813 -853912989 -840602665 -819164622 -799761226 -743341514 -684326054 -678666823 -675049772 -664888198 -660738205 -638239967 -606061040 -599584347 -538333840 -531446049 -505162413 -435273888 -417360945 -337986694 -335283049 -308212728 -304403881 -303767597 -292667189 -270680498 -269432895 -255879982 -237766393 -215573078 -200284138 -184470976 -179221191 -162585243 -127849266 -122846581 -69039005 -56983372 -38339277 16657733 22361554 33613215 51487337 61115606 64026425 90383199 99015851 123162762 137167134 145319841 173836161 201385804 203002569 209917735 218246258 260831227 282720515 300730761 312961555 419303311 450926694 460559606 468668998 473013518 484484274 502793984 514231536 515251185 528669222 529400246 550153608 607785588 615920149 654166564 659253839 673060219 677930632 683908282 686418036 712545179 785850018 788811089 791091347 798647915 803431131 806652347 840087684 867447793 903516939 921401051 937617734 970219595
100 -998236947 -993976907 -991922043 -983789648 -898628106 -891800683 -888193093 -856292316 -803063437 -776316727 -770981953 -766764173 -761800625 -724898360 -700607724 -667609519 -659184901 -655123042 -644396442 -637705563 -618460591 -589179471 -570929302 -554717405 -550627003 -514866019 -477111686 -444106614 -443993289 -439054234 -405356615 -388917537 -381178506 -324918749 -298862679 -294345871 -289651877 -282927758 -275424097 -244969777 -234155493 -202118269 -188612712 -170066276 -114359972 -65007951 -55080777 -8538422 59067569 96759647 122603275 129879416 139851020 151554058 167113926 207538717 221831928 251603716 254490775 306220587 349498810 371230465 439855667 456457477 458736661 468710912 479924128 492230277 504079867 513830269 521265263 528671069 530391625 532069527 542553966 569879439 579007481 622159900 647263534 675379727 684875040 716333566 718658401 746048084 777220289 781603088 784077168 816713078 817168091 828867600 853361788 895236268 896446150 897343914 906655523 943970374 946813984 951007573 964179886 980282734
100 -997075576 -992514720 -950041504 -945178218 -926475513 -887489529 -853349936 -852175846 -823122982 -811991646 -806328489 -797168905 -797107051 -793986636 -746859736 -738988675 -729607286 -701604116 -695896829 -663415287 -632911251 -627694140 -618993506 -595635395 -593440281 -575815506 -542859467 -541178621 -522246779 -467378487 -465209499 -429421620 -420460335 -414993228 -406944630 -378676845 -343505555 -336108666 -321464514 -308211587 -302161869 -217102602 -202252994 -201412535 -185410286 -161712566 -131918119 -105685889 -79435038 -75335472 -35717809 -13784536 28483926 96166900 127971056 132404791 137201316 159396788 173859488 195100516 211793293 213410974 213560633 243021156 256389461 271014484 273825419 302082052 305059545 307691510 309971830 322794373 349684529 409476391 413557645 449592923 466754061 470946081 471087352 474135444 524091540 645142399 651439079 655102075 681744738 688029671 689692619 693201224 701983557 825163349 855072488 885455103 907566514 911860257 920160336 934347924 971053813 971332676 971911135 995239127
100 -942152841 -922692255 -915539190 -913126625 -881762722 -870235787 -865082663 -848350776 -829448285 -826211844 -795072654 -782131001 -759684640 -753163718 -743060037 -716335509 -685016260 -672472578 -672264664 -657756048 -646635575 -606057644 -599150723 -599149759 -590845178 -584343187 -513124495 -484524275 -475914759 -469078467 -466110283 -432833789 -390080334 -370450942 -366710520 -350844987 -345743558 -311659769 -297528109 -292502674 -262206206 -251659309 -250416928 -236789851 -227836058 -182079136 -136213890 -134759957 -133975833 -119948981 -118388464 -117183947 -82883596 -67634116 -63696321 -60452806 -58583448 -17732718 -562947 8623044 21065477 23601553 31483028 37161090 99369430 99956234 144139950 152161837 170966375 217595037 225704363 240451627 277947374 283767339 287803976 350979762 353713147 414685552 422337179 493102056 503273291 520871600 527926225 528919991 644824964 660995416 705259044 711318110 718715203 743437346 758378866 761703628 770924869 822325916 823420645 823475491 920020420 929197656 942956006 968832832
100 -999559613 -998756670 -978233793 -969499401 -924781605 -880404907 -877535709 -873682245 -852747089 -836204630 -827339057 -824013525 -816917017 -813926889 -784664732 -744060060 -731944147 -712952591 -651329783 -614755483 -612659843 -478771869 -475338655 -448771957 -431309863 -425390653 -407026149 -403026211 -396383854 -376718838 -365354193 -327910539 -309295315 -307315230 -306582605 -271199167 -246243458 -235522507 -227706773 -204907688 -192021054 -160633120 -160014283 -146689624 -137567085 -115918426 -71181717 -50093424 -44050548 -42805450 9390400 63779094 72354131 81738146 93410554 98015387 123256544 124523196 145474315 159922679 211248932 245763620 254834493 267942023 281625580 329259091 400910831 407048515 452953305 471908497 525131404 536908713 543379885 611566925 625579816 648178910 648926416 666648034 674528735 702088926 707505688 717144416 771451227 775807107 776615757 787659452 799909780 806303259 809945837 818519710 825797326 827013786 844048368 858029014 870273282 875127532 914844547 936658479 938603856 971424851
100 -983341583 -982471876 -938121944 -937579631 -925374055 -907407201 -899915102 -899099337 -885088073 -882081434 -874584765 -854082677 -799346717 -724173272 -722015253 -696669690 -693456343 -632786760 -624711967 -601488884 -601105532 -554154400 -527197791 -500003255 -478575964 -463834947 -452373122 -451112308 -449246312 -430565432 -423044546 -404031997 -399275329 -386267457 -383354865 -373865992 -372949360 -365996601 -347445008 -343104389 -314605566 -245108615 -195514688 -176177467 -164951739 -118836137 -106874766 -74526195 -54962736 -7039936 -3707251 9758403 11502386 19607279 29010103 101392292 131224677 136923593 138466778 146641590 148416219 180532834 184414258 210333504 214980843 216510941 225920151 228466604 237534662 323871114 327480963 350457046 356269617 382140889 408010767 423322108 445084887 457811525 467559304 479537068 514852879 531991715 583076463 583713181 584638195 628652672 654373378 676080486 725357802 725631696 738001163 751750811 769966037 797291980 809922061 859664236 891182849 899311322 959466220 965476807
100 -994242128 -980098711 -969786099 -968307649 -950225706 -903491546 -870107386 -861092473 -851781251 -851118145 -828746614 -819491207 -800622433 -788266231 -785015968 -772861702 -772598317 -720668329 -713715111 -694721761 -689816764 -641255306 -632555505 -603544833 -592464839 -575400679 -562348676 -547342784 -539823306 -497302090 -488629877 -439136398 -433825061 -430022493 -399963288 -347580765 -258296582 -220706221 -206668230 -205962596 -204196985 -180273483 -155979412 -140158728 -138419169 -122916674 -120949282 -112780649 -106550948 -94496512 -91318306 -76328729 7517449 20784381 43267129 63783941 76560637 85452199 118292886 145077101 150176155 196313228 224759461 226235329 246469859 273418131 293143443 299051931 321854940 322294813 324767560 353506744 362785530 408114622 409801549 459772276 478424737 557538175 561815348 562371018 591039267 603338369 620780468 630184494 645183460 716466403 726273564 770969952 787992606 813893177 814752466 840794590 859063061 865373180 902807302 917242131 930986807 941528117 948229235 956356048
100 -973349957 -968328679 -940239884 -896458181 -881732955 -861219936 -851673348 -850412591 -834367167 -809864780 -723982541 -723678629 -694809215 -661497201 -656711675 -557972402 -547401644 -533101446 -520821157 -519876807 -517333074 -510696773 -508089663 -494531945 -494460604 -485575633 -483017553 -460659871 -457536782 -425742799 -416756626 -413129187 -401703542 -394443130 -393110952 -370525999 -356680947 -329605658 -287611844 -287562625 -275230004 -252342665 -248388081 -244833174 -177817846 -175928505 -171110031 -164742995 -159823463 -111291623 17345095 19418898 24198727 41897778 73855936 82732877 87508590 115859834 148003604 166321571 245325673 250866469 256745032 264718846 293037623 300405595 326399254 333002456 486461623 508075663 511909762 548776508 564146726 598336494 606382548 611274663 618448970 654572474 663574526 664109333 724615419 728039176 736125446 748450341 780525219 784160343 789120036 796394256 801622247 815415243 819580810 839592372 881947216 888688424 909944125 936607305 942576135 947746551 967114151 976653089
100 -992618699 -966520667 -964950759 -940679665 -936120265 -933136685 -932797822 -912978797 -908429372 -900191162 -884488180 -875405215 -869552458 -855303418 -853223534 -846663818 -835858630 -810037543 -776542333 -770151332 -763948503 -755984918 -734407567 -728187857 -688721985 -679837683 -678239483 -676759149 -629595163 -607287347 -526666407 -503681755 -469245015 -442873826 -439866551 -433297022 -430722480 -427215634 -405476673 -393022638 -376101416 -340401838 -305147102 -299574365 -243427679 -215873051 -215672513 -211398425 -206371313 -186832720 -152677300 -151869052 -128177641 -123177459 -119036875 -98121546 -90217337 -12613972 -9839583 12735800 76346644 126211011 150498194 153845474 161089503 205279507 209326279 319501243 367049690 383065814 391032959 401497426 403393527 404701669 412168569 465258772 477792831 504712261 510882286 525939697 535469611 540583599 541489765 543587722 577270256 596935603 601806493 659475929 660118532 663760158 701828550 721286144 729283286 760204815 797454319 814909664 895246612 919205476 996743400 998607820
100 -988585169 -973656230 -972646979 -953752334 -940625379 -918593670 -912680317 -901040651 -898638649 -887586480 -871061646 -846124612 -825723509 -760874413 -755752678 -745107067 -711769871 -691969641 -691367418 -663284769 -626433262 -612824089 -584568425 -564449306 -558032211 -554267604 -537247965 -528732708 -453877020 -451618349 -444354740 -441036503 -378826245 -370918217 -352130662 -336170435 -321978427 -321694487 -291306435 -277820314 -267885934 -254193338 -208945119 -185533681 -163781828 -121621463 -117035005 -53246582 -41377086 -23540221 -4510331 29539431 182256790 185284969 197181445 204658894 216712773 232809919 251317849 269565780 270389317 273235488 294518835 304055253 334268450 341738620 344276274 361998329 391599598 392608473 412292298 415711517 417896012 421341853 423746035 443325086 459280928 490348152 523495734 563644080 565909011 596572298 605708550 605922689 606908026 640825082 651521555 661584925 675023309 695298071 699759402 757723407 770635831 811149927 844316017 851048251 885866263 939357430 969263441 994447412
100 -983954452 -902647420 -863993215 -860026049 -793514987 -792755286 -786847937 -763111747 -757805477 -729344020 -705808814 -587670089 -577060554 -569245930 -549453830 -548926154 -541697980 -520549817 -515956047 -512955919 -497082546 -396667145 -395950118 -394798925 -390020713 -376510087 -314865296 -291509983 -287205601 -284399411 -262123969 -261882779 -191925477 -180412603 -163315522 -158220986 -143621414 -126404626 -113483190 -105144071 -74143115 -56669416 -43219743 -37881358 2785314 7971667 29062785 73664582 82106154 89806197 127748415 184985471 191681401 216313730 228898740 229738798 237803325 246970837 257111621 284174339 318301951 320519992 360663403 402097002 403230655 411174525 415426248 423544380 443464371 482728443 491774026 520487580 539066746 560492437 566694561 568514836 574856916 626639771 639353540 639444120 669786576 673469742 730700357 741564478 752580018 777056829 811547133 816947414 820271559 828200164 836407678 872608986 881503227 884528008 919061779 920886528 921595772 931611548 957488261 970276316
100 -998657818 -944228756 -937505357 -908346364 -889568091 -880929022 -869351309 -866565956 -856994688 -847208900 -784827094 -781431167 -777253821 -777230395 -769496461 -748013754 -745779867 -744581676 -733497644 -707718355 -683027228 -665633948 -656404404 -643024035 -631091854 -547539275 -544630624 -542571474 -530412609 -483138038 -477097144 -470674527 -461677275 -431674119 -354898442 -347553553 -315528417 -287645202 -286584122 -282063401 -276198696 -271271534 -255044565 -243859352 -201610731 -177400049 -153564231 -149840725 -128199999 -78019853 -32191692 -18097194 -5606292 21941988 36110604 94054330 97306166 100234199 110876187 120629124 128749069 137249386 141271734 177542019 180507763 183470625 183793122 185070136 186721620 190444049 198222311 200201161 247518535 271992847 332173502 338379325 382897411 477137879 495365859 500945452 548796914 656066707 696590859 698681730 734422084 738423466 765933873 768215386 779943942 788101361 795815985 803723001 804733806 812014607 824449692 898976712 911508903 916620328 933275483 954225980
100 -994914571 -961274483 -934930834 -916241534 -911308840 -902467644 -887258493 -886952905 -877502225 -843319777 -816840496 -788879234 -787388596 -779324617 -737559245 -718683377 -707028188 -703761117 -703125396 -693651335 -646579984 -638973213 -594372566 -592648104 -584033128 -560078939 -551647461 -538594833 -498432373 -491221594 -468838754 -463708959 -447998773 -435679019 -403469313 -390636517 -379278688 -354631314 -307276152 -300140009 -277722410 -265120583 -246117046 -193338356 -181204868 -176648474 -149195378 -147859905 -140968514 -137486045 -136456288 -96628997 -80993228 -67598281 -45436403 -25600752 6777698 46745483 58562639 73547628 79210530 136438890 155011601 155719860 165380240 293823850 333566797 386025498 388244445 392990574 411034391 411673932 418290027 451884713 462113757 462332748 474223131 502119806 506625172 557240430 573789170 584680982 621156854 723373743 738427487 753303042 765914783 771016688 777935180 799143658 822984991 846073155 862946359 884484050 917623016 923277120 931538633 948193730 984818169 986186067
100 -958908430 -952484144 -898424067 -867384582 -853881544 -840282079 -822919266 -796180687 -795962563 -786292649 -778816937 -760033810 -739588236 -700807854 -692449583 -684672308 -671853542 -651622354 -601807899 -596969352 -595591430 -568711034 -485652665 -481585899 -475871020 -378323222 -353411252 -327190708 -324825588 -314990792 -294145970 -274206922 -270733551 -252429376 -240511731 -220748682 -188806936 -173637093 -161123646 -130593812 -118519924 -109804939 -98642590 -92175088 -70300736 -57532446 -21589392 -14260507 5570131 9764507 10207730 24428412 33951140 42070124 62650198 82404504 94031686 104681813 108740740 124556923 128035237 134001284 139233957 187965416 214292141 216592255 267096234 267811620 278483398 292161136 313841104 365669181 371868164 405491580 433441310 467173139 481626675 528252036 554003846 591698754 592967634 603548649 605993295 634473595 636894959 670885335 703219230 720310087 749162506 756196138 764640326 804727341 811194473 854685751 884193550 889795208 915398306 931090810 957732675 969553800
100 -984394554 -946629957 -925469537 -888327281 -875348112 -840767724 -822246432 -820301452 -813391678 -810180756 -787314273 -763046938 -724532083 -685337766 -674795276 -666592837 -650095672 -644787253 -641291452 -628377104 -584690376 -553603922 -535404074 -497737905 -438861412 -411807634 -377682352 -338896240 -328784234 -315038617 -291944670 -265942738 -245700670 -231483039 -213519357 -201519336 -159920776 -148776652 -134132873 -130089112 -112816543 -97892429 -80925117 -18146870 -15979407 24869289 34265513 40106581 47716079 49751210 81483853 83705335 99539667 101493902 125146757 157068783 182812411 193157062 202707465 235882764 245122612 265049930 306071380 306718282 338360909 340323155 353189016 367014481 410745806 421802964 469798344 499262989 512524061 535103995 536215653 560037658 567422794 567527902 604351222 610152512 624053433 640597497 706306137 737273192 743825552 745912324 748220288 752197104 764909683 785855963 818076540 855280976 909244985 942376032 948596840 964880744 976406186 981447929 992016888 995265535
100 -994606835 -967088110 -963877622 -957971747 -893955980 -885248962 -869746337 -843226383 -819736209 -812072585 -783354655 -782510233 -779512276 -747890997 -737937607 -727205899 -711905732 -693751473 -677967843 -656123958 -647248132 -646445820 -605938411 -598993687 -590582277 -584918599 -577426297 -535052962 -525587880 -523764930 -480863484 -479036849 -474127131 -454104997 -404603732 -376761046 -370802468 -368641637 -328319327 -319666992 -256453691 -193061221 -188156600 -183142529 -165866711 -133548233 -125618353 -87290741 -64554935 -31976363 -20500651 19745838 81528016 88754255 113998661 122949131 152202454 205110048 205898941 257212870 294761008 310820356 317244005 325717758 345473146 373608767 377632059 408423413 424222261 441598382 445163632 493519173 497043161 529265887 535826768 536660596 537385163 545048477 573628484 588062674 591668501 598240556 606970774 614094143 630688312 686192524 710854752 734943166 761949814 777082191 785828498 855507565 879367194 911528987 917734102 937619261 954730500 959297905 975972814 998862002
100 -994749365 -983114970 -970384917 -913685948 -907607265 -894222210 -889703293 -884105890 -880297391 -856872927 -853228582 -831814432 -792074067 -785863007 -781065869 -775163125 -768289920 -756277330 -732707837 -705662354 -660216064 -647354134 -629323639 -627809592 -615018807 -579468282 -573322767 -553044927 -545038320 -477097732 -468350240 -444641943 -437528704 -434906124 -427940733 -378555862 -367176214 -364017477 -362247956 -306001572 -279473570 -264429259 -242572011 -215538096 -202265724 -175601169 -169025711 -134193175 -120963023 -114367207 -102333559 -41907450 -38238499 3352107 43727028 47416354 89928841 105328467 130241527 145641656 186708176 199310360 204470175 205004464 220157690 227144044 227298146 237624808 238718466 261271997 348231179 383492914 428762523 478152709 487557707 514886680 519785681 564357889 570965137 578240393 612724112 617201351 618708104 645844217 662435049 668257223 670238522 686602055 700947300 739320595 777144103 792696930 822175235 829872428 842378136 844645303 908225559 932386115 932828490 967756183
100 -953711924 -914767239 -868547615 -844349659 -828247433 -825538832 -797380098 -796455460 -790332470 -775968481 -740112173 -719139534 -718322641 -709492211 -707420234 -701096253 -689356120 -687842359 -662594587 -652993521 -631531566 -614154902 -605933507 -563803669 -521053324 -462828736 -440362018 -378687333 -361703644 -308230771 -289131025 -274837982 -274773793 -246310496 -164516213 -128647995 -109549003 -108659925 -74693134 -73598626 -6809902 4627834 7631395 48129476 112681586 140419742 148715254 156211790 160615893 214142923 261692634 274280112 289404475 290160785 304866155 372390108 382542280 389583065 394843920 395691764 414107602 465220247 467504221 472690432 472938649 508173940 510602737 524578131 528997748 532926583 574967531 584400943 589655201 615139937 619709338 641005577 644174088 646682215 657267701 659466606 659927446 665182796 689380669 695608567 700523317 745302236 751902859 784817758 795241174 795493466 835618717 858727072 858817512 871487361 882753938 946307758 947795990 951440757 975404224 984509925
100 -985573242 -923172627 -922015461 -876460945 -864347059 -864138999 -862872251 -844034590 -841894907 -834007687 -833512784 -832630696 -808884664 -763283594 -719693865 -708172903 -689640149 -681942393 -637254974 -620624718 -611506982 -588914769 -567013357 -566235190 -548845321 -548104436 -528801335 -526216652 -521825180 -501565677 -493942456 -487825047 -472299989 -394322598 -361711790 -344374330 -298192982 -274254955 -262100100 -255420730 -244689864 -236930010 -199780267 -185780547 -170162192 -158947041 -152292118 -139334138 -118135000 -86791237 -72771518 -33463569 -26329141 44153316 87750019 110907214 120789501 122502879 122886025 141935206 160877070 222705908 225374229 232341765 274085427 299854561 303693480 305081076 308577296 315336783 316442606 335145315 365779751 395478913 416864644 419986682 431288629 440779792 448259508 469568689 519669025 549327460 561994261 607640668 632101385 638904678 639693862 648934812 650697429 665591563 697592847 730211405 749048747 856415906 883396792 922103175 943146072 964304518 972272705 973585082
100 -998220482 -959280780 -914042694 -911621604 -871414440 -848596616 -834781551 -827719954 -824235616 -800267601 -797171947 -786202358 -777583210 -777209061 -760085236 -756926347 -706637443 -661209747 -648472039 -635118367 -631791084 -629796115 -602788813 -527285152 -504627630 -497358634 -495258840 -460968767 -447184801 -426139012 -422383892 -414231142 -400889270 -391792093 -343281585 -340792334 -300633135 -300440549 -298078380 -253068135 -244152442 -201698670 -200147637 -172727536 -166647141 -147636316 -135126072 -115696622 -43688256 -37562085 -29042447 -4860782 6582039 26717369 27793438 39268905 98123735 104346020 112626211 123642415 127996077 145467901 146778043 155779361 196212588 226361958 255056706 255660352 322686377 335113555 338152694 352172030 357538144 361978675 374481004 416188919 465367019 557996931 599728888 613557546 641535319 644296919 660368572 740812307 770963959 786892597 810260744 817665910 836478053 850266395 853261748 864307579 885633955 901014411 902486308 906788155 915963439 929428337 933571825 950778540
100 -996593283 -949893648 -871248679 -866965497 -819925366 -819766158 -752992727 -714415274 -702699619 -660307571 -619203488 -613522292 -600913578 -580181200 -575124002 -531180301 -523704835 -518400481 -497505358 -456075002 -454825002 -447744121 -392639682 -390896730 -364255976 -305802098 -303680790 -297655408 -274373334 -244563331 -243556333 -223266276 -211787760 -191598710 -181083719 -146552051 -53847177 20163209 22120517 30924379 37390435 45471364 57481905 77064211 95637755 100154690 106929660 110433363 153472315 176668675 181123863 190364046 211011260 225480508 244331226 259385788 263583075 269164492 300377074 305014753 338183664 338360389 405924616 419732245 426040101 428900160 451242408 506183336 535944536 548038939 556633838 561691273 567022851 571506361 591939809 626997260 636767697 668260593 670499696 676007866 683168341 718809263 719577562 720867928 739768085 765314738 770797427 782972761 784753311 827270374 836093719 845425692 845930621 877824911 884015153 899724216 903323150 905506805 937722797 982980877
100 -982250457 -966046045 -958517126 -942959228 -919817995 -895200322 -853023375 -841046414 -792073714 -789675387 -742307135 -726005943 -705046255 -697025566 -688800473 -675148291 -671009450 -655963870 -655872425 -629000872 -587780677 -539823353 -511328467 -473281914 -460987299 -429911168 -423563096 -412194430 -397727043 -386869622 -384031994 -371659493 -369678602 -297993490 -285152088 -283521464 -271256396 -261365437 -241021952 -232788450 -218417044 -212045970 -167829196 -135738245 -124674934 -112587366 -109486768 -53661075 -27655176 41835164 77632895 84179369 134759346 152357580 157504493 178783093 182995816 193198684 220822701 230350452 242192065 269965485 271684498 317655125 326614782 365270089 384904760 385701529 391799714 452392838 490200108 515893600 526634667 565370416 589983542 596241139 605575695 622858315 635580047 668460808 683432921 691283111 696165573 713566019 719362095 755128683 760684717 788957561 814257722 822057791 837960377 850210833 890125817 960584301 960640956 971446002 977103842 983885025 989925056 993158571
100 -990283816 -919413847 -893717209 -879637064 -863698914 -855560693 -810942141 -799276104 -775365924 -772666984 -764144665 -760718430 -746256387 -743544479 -719899667 -712099012 -703692432 -690885973 -659623527 -644898994 -643747790 -636791550 -634758788 -630017969 -596371338 -590315021 -583743328 -571882783 -562089713 -546800570 -538924103 -533481857 -504597544 -473054238 -472899690 -472381646 -429993847 -424895925 -378504550 -351020173 -350185139 -317224120 -316485208 -311367496 -306441414 -287228776 -263053668 -255412765 -247652671 -240320377 -232844790 -217170297 -189942880 -186599374 -175493644 -147826338 -110232820 -108950904 -89593571 -89198044 -75293681 -35237683 -7236680 30957894 71517154 75464190 90076341 91909750 94237473 118154819 196538479 213154050 240736148 253315304 290622591 294194559 314605675 328318581 385008191 430003016 435267996 469370979 488606962 503358504 521184289 535480804 543293589 545405348 585518287 624314206 626414118 738548555 782619023 814215469 897886963 939844087 962135904 970055847 988758359 998311761
100 -989586119 -971922202 -951002801 -940675371 -938249102 -909175507 -906984404 -899464386 -877065111 -868113159 -822477256 -819231021 -816983727 -757597666 -715608232 -711294047 -703854432 -677697545 -647007824 -626799036 -624952349 -596600998 -589442088 -503765698 -461080885 -418594218 -305144013 -300511250 -260312460 -232522204 -222587334 -215793985 -212963002 -211805767 -209785109 -194849240 -177091997 -136188722 -125426202 -123494807 -60021651 -59245214 -55066910 -50432924 -37408120 -33450326 -31229227 -25156679 -6259075 1148614 2318968 20335880 21638359 49809147 74454804 76640881 79891032 102458766 104725123 115790655 118401764 120857911 189112303 214906836 235814583 255216854 265386235 279360309 303351235 314187288 327546702 349625079 427309480 432886952 443797220 470445545 490131232 526233451 526752039 543181773 543648443 553043749 567172723 590424034 632799613 636102054 639121482 670010470 677775403 733803130 743878362 765284730 828813338 844366810 856896737 885479380 885548940 887514415 895920503 909315290
100 -967441698 -956907222 -885508062 -885461851 -872333012 -869505014 -785867899 -761952563 -751712271 -710805722 -692842816 -673511522 -666232848 -630545650 -630371866 -620733486 -603976466 -581210172 -561988938 -558660574 -541686328 -500196480 -485105032 -445802137 -421432662 -418795985 -395582775 -378465635 -340632392 -330228877 -289264668 -276937660 -242521458 -235058569 -217123269 -202337798 -182924174 -166250673 -142988900 -125729415 -119135542 -111677716 -103635195 -85217661 -77094465 -49187154 -44705825 -34275115 31391245 48879100 63729412 86322371 97272730 111048597 240474909 242278837 247121212 253125683 267238061 271634746 290773529 316414543 318249021 324915353 329690320 374041361 378443153 401810583 405118471 420262286 437167536 442888323 457058798 489133113 495830383 526409671 538228243 548843527 560097794 573828561 620426208 632178506 640197803 653258319 684242077 703518974 742540052 746224717 746430256 769874041 797749815 802746556 802790146 805324568 825752419 873716297 937094189 937636687 943688790 951089699
100 -985687557 -978280796 -918729263 -918130700 -917602512 -839084821 -829299905 -774925998 -764974578 -702708709 -674486307 -660652148 -648084808 -641172133 -635422689 -631637893 -609847458 -594622239 -583135129 -558843596 -530516735 -504688810 -488067570 -478061027 -477860706 -466963608 -466775106 -445839913 -371941679 -366286691 -363311171 -325362400 -249094383 -247768923 -233008719 -223326885 -166976988 -148295541 -138084838 -111550617 -103049838 -98664121 -41228712 -25280244 1964792 2725885 21306158 48765570 62883215 80419763 89892774 89959508 106169056 110612607 135706890 188992108 205938466 211183388 229132727 230760946 238796467 268923239 270912088 271279033 278559836 284473260 302450826 325908611 330456904 407023875 422520331 427824864 440880245 448322374 456133481 506420009 517794925 532037579 543198477 552377966 555822584 560556169 564243384 565569969 568887107 658537311 665035027 677403007 692566943 710353377 724764915 732415503 745343640 746298253 760431150 840758193 854733139 864370428 882275778 893393182
100 -978863134 -971218775 -970099690 -969995369 -913691290 -894260610 -859878877 -823937591 -818929535 -818247855 -806415518 -803612247 -790546432 -784361297 -762031656 -752730324 -741946405 -721214322 -715635024 -711412048 -689952894 -687228216 -650590584 -627647667 -598002864 -574946598 -554597624 -481070548 -480482868 -456809493 -452342995 -444371092 -436140809 -426927353 -419595145 -417087093 -362083789 -327750435 -278183189 -254937093 -250136052 -247760524 -242589862 -236507841 -214287495 -192208151 -187136191 -185097072 -171818924 -166666150 -112955036 -102341933 -77625714 -77125691 21084435 48934695 66124117 72400687 75096576 84876694 106256358 135651484 185312663 212296063 231318348 257648486 273587881 331241871 337620616 348000474 393058706 397658708 407077732 459215937 531993767 537515848 544204409 566409580 572358504 578264434 586814228 600995377 616789128 618419654 626915931 695164401 707631910 732895266 741940418 757049725 761114616 771652724 807063717 817241758 849267975 870266719 903069577 922388845 935757657 959440358
100 -990402797 -986093018 -918511759 -893074692 -865066753 -845044219 -828044151 -814192323 -796256469 -754092177 -752809732 -751221485 -747494140 -679563842 -677216087 -655133110 -651977826 -641893391 -616275901 -583613965 -577359054 -571461223 -565810571 -558719873 -556681555 -533038315 -527829548 -521241517 -504046353 -484914976 -481348655 -469221556 -467984815 -465782542 -441053801 -434910474 -399308171 -346616618 -337550822 -330577308 -324998244 -317516329 -316458156 -306154958 -293091811 -283838800 -248464347 -247689449 -244495273 -243620532 -219640021 -218223225 -164841996 -115248208 -114223592 -61711566 62552909 72084357 170182886 181926477 196707031 198524697 207612621 226804640 228353368 259004925 347063987 359135241 368368155 372804542 382770835 404792337 422373690 427034013 434820785 451503797 458410311 471957503 492717310 547216869 549058082 567903192 579583698 583882682 594548694 602013745 602610488 613715896 637396987 637577107 648479671 654693231 667251892 696782051 701253507 703830117 713638376 741540816 746795709 841004478
100 -999399814 -995865142 -961297311 -923878670 -919182805 -908124265 -906678607 -869797888 -839578839 -823643022 -802584723 -768397382 -758006792 -738346823 -706996947 -696638467 -677920752 -672375407 -642863553 -640047018 -637385262 -624990901 -602243309 -580637446 -564370845 -541163505 -536014281 -509587833 -491171855 -483333842 -374373771 -352175206 -340912090 -338962149 -328573673 -274142466 -273484895 -250254284 -207302687 -203772103 -188299686 -187156338 -171412599 -166225350 -160081273 -159749842 -156068378 -144964974 -139803532 -102115820 -90696383 -66764856 -49057347 -42370075 -30696185 31718270 41826880 81454598 81507090 93165245 103413165 108361512 151260350 187518557 249733382 263014276 271495215 293326296 302327269 311728648 353788139 368724416 370741526 384036904 387514294 409399889 425780971 429787315 454081996 461097660 573705824 577461602 612563506 625966721 657801986 662394866 699829031 708982769 725065422 725991695 766552568 783592647 800675885 808635199 810382706 825572893 918922104 982679182 988579333 995272885
100 -988846343 -958139956 -956631180 -916409479 -914109584 -904135114 -895477080 -891457451 -875772924 -869289759 -844388432 -830490396 -816374530 -810271140 -784229737 -771396776 -742071152 -712386937 -663579885 -661149920 -654353192 -601782177 -598970834 -597703093 -563829215 -557527655 -471788089 -465482751 -419457203 -396759772 -380369168 -373333104 -349010872 -341489954 -310821755 -298209318 -297354824 -293494755 -209061085 -207633768 -174156972 -171817563 -162235937 -155108010 -122143989 -114001885 -94946407 -51224149 -50374183 -23424907 -21701090 4553652 48421957 54171832 74391664 91826941 192990423 193265409 196189250 196570629 208843713 287040218 336640425 371038691 420123221 425861681 437608640 452824808 456172015 502331545 502590726 506207983 511037367 532506185 571357660 585700299 615836114 631478520 635482474 649922370 704898223 705730446 714118988 723936482 728751903 733938488 744863070 775213337 808169627 808809633 811511687 834815919 843097681 843498700 855494117 887088702 924683825 935255201 966233315 980976659
100 -994509682 -952273912 -949313139 -901547089 -878760562 -796134284 -792443628 -790761247 -751346812 -743808477 -709471191 -707096836 -697083539 -677501110 -676810567 -648875595 -645632850 -617909522 -608484482 -604656864 -574181015 -538182981 -516010604 -509581440 -495401854 -486686656 -461970276 -441038136 -383147714 -380052992 -298299787 -291299964 -279922447 -262808043 -239128568 -170504048 -156050872 -149058442 -135261550 -121693123 -102385526 -87946917 -86011352 -43525181 -40512364 -37202746 -15808212 -6981549 -5537735 45537036 84559851 113947665 117007627 124084271 156383159 159207654 167145404 190980869 206630948 213069996 229289277 236436822 242004251 305595134 310848025 361163304 369427834 393650043 401752483 453567909 462099216 547817042 554153738 566569129 567340085 603688504 609797657 621210474 628168091 629587058 632729392 634834348 643188923 658373239 675370008 714590257 739505341 763491489 769033271 789723157 825429694 848545364 853217805 870519848 874776470 879137289 884718989 903405084 965514650 978743761
100 -976069077 -964674931 -940952574 -923249866 -893920632 -885597246 -830875309 -815489462 -787460078 -786594627 -780186121 -768832794 -759066439 -756066706 -733793202 -698516567 -641561531 -624743270 -608658570 -588665548 -493885749 -486467284 -432934408 -375324077 -366249423 -345099030 -338988812 -333314628 -333047978 -315003371 -310146210 -307057145 -293601728 -293005605 -275109849 -270070025 -250361962 -243937048 -234126932 -217233875 -189590214 -173336354 -151437483 -145962486 -132042696 -130830853 -77254151 -38063689 -25877939 -1986413 -1107973 8442877 48899880 55247441 59990320 85901781 86528272 118521991 119218398 123462936 176802376 190284996 221883449 229236009 229548546 246499155 251550917 266256479 300226055 318306499 328069781 370581855 381453692 442395861 447466902 474148515 480542504 492172857 532937660 565706354 581134420 667530529 712443609 734713833 755952198 759258428 773084080 787438232 788535810 792512519 806907642 810994721 813801436 814649357 854331209 856675187 883788585 908484534 982363315 984365222
100 -946076611 -931873495 -918812238 -912103541 -909947697 -864094665 -857082127 -844484044 -839277149 -754602237 -752917058 -746970975 -734271419 -731963439 -683839044 -663663864 -619741863 -600632358 -592173261 -556323718 -531156836 -520144614 -490491380 -478570905 -453884881 -415111507 -411513521 -396995758 -379059927 -353693299 -328244827 -304725791 -304361162 -300044692 -249635521 -235071157 -228238814 -214684966 -207067249 -203146932 -198135395 -166544442 -147420240 -143455059 -112798317 -43780491 7444170 13591661 30334959 32714025 90786067 100112185 134399624 167890731 191057178 193956028 195607269 196153436 208797659 260282709 282990634 311000839 311760460 338758617 346077521 402218372 408784633 418700235 474139315 479069869 498101314 504226709 573343442 574445646 592230245 610912951 657863530 659763435 699127703 712211953 724676775 731108927 743664547 751576460 763930334 768670416 771110867 780153610 797033222 810373851 827374910 893658875 925573316 939678154 944395547 955042407 960149861 965284882 971807814 996302575
100 -979108315 -974583804 -962455334 -932688021 -931441806 -914897732 -900365311 -888042834 -864152332 -849286118 -831276767 -828381943 -819251543 -775747475 -771391966 -745614192 -737980817 -733607546 -694483463 -687900297 -659883490 -655331159 -651345016 -597950148 -571274353 -498539065 -484748659 -477530860 -457991964 -435370521 -427420490 -371748607 -350480644 -327131577 -320917930 -319837187 -319172058 -318660364 -299036967 -203676769 -198301393 -161016451 -157290649 -139017359 -90042930 -85959512 -75593923 -56920985 -42397501 -30907949 11559656 13961383 20958761 44871373 93246254 115240354 117770557 175110667 201598019 204834461 215404905 219750842 251111924 252685398 257281475 297655723 301047211 322716448 328160582 330557605 357499887 357813882 364918936 442011421 460895021 502736344 551174681 552006426 559675226 604085355 615945439 617816302 647848994 678114698 700977953 704079213 727114496 739958973 752916544 773418002 823897979 856369655 864980392 865815320 890144292 893093712 906205452 915673022 918679238 987617538
100 -975766409 -945565332 -909961103 -909304666 -890844209 -855929081 -849297795 -848493060 -836749028 -835831200 -804389552 -791457144 -787885970 -782248069 -780644458 -765935779 -757374713 -753140997 -718692336 -717355518 -716949808 -646159049 -604262856 -597704778 -586146778 -576584900 -562176097 -553023893 -549098038 -529018160 -488173479 -481915838 -480561175 -480050008 -479352438 -466713961 -455094413 -454671927 -414590923 -390151015 -380561518 -362732998 -346921274 -298011832 -283119919 -262904036 -252972229 -223604685 -193917686 -166566445 -155867922 -94718733 -70004448 -43177918 -37110761 1600415 23089877 24465418 30960406 55483446 61928798 118860463 155655678 159340842 167831813 181375765 216346208 222722371 225433312 294361082 299270723 350348542 399387483 399855168 419593456 420801475 433586612 445156763 459943060 465865412 468182774 511702558 516443346 533308499 557488707 602789067 660369912 677389387 679938136 720090616 791959164 811307871 858304234 880294417 886951738 891540786 899621134 903326912 939166729 953266904
100 -987931256 -980833225 -940960684 -935382508 -933659160 -846995266 -846127179 -818166862 -796976302 -780890707 -744235423 -734369629 -687760909 -664241498 -652894422 -642390641 -640072647 -619586942 -604538131 -597152608 -590671369 -587578819 -549647829 -548227603 -517801294 -504526989 -442130517 -433361728 -422246961 -417484010 -403446465 -346713859 -339888875 -260422023 -246547046 -234103211 -209588780 -207231371 -206657286 -192196530 -165020080 -159393807 -132323148 -126780349 -126612904 -119982787 -113403695 -93537429 -62600431 -62510033 -36991611 -32633171 -11526675 26858145 53047382 58818273 74018279 91734487 125754875 128119401 162645114 188770994 225169787 238738691 250084512 265045425 267412353 269249748 291064865 294080769 347084053 379441837 387598874 426541553 429403317 454167085 472097448 503555121 518813323 529096209 546347491 555212801 585742795 604503277 607768329 616341695 621511024 628587516 642242228 675216681 726236401 745020801 792256382 812357864 850052115 863591042 930596504 980661972 994520967 997766973
100 -984274886 -955447570 -954805282 -914390348 -881319876 -877396257 -859894468 -844013229 -835123562 -774181679 -763941908 -762337165 -761424837 -729347586 -707195566 -704921853 -703285221 -685392890 -672412325 -658082398 -649175835 -618631778 -611418221 -602584986 -590730932 -475536721 -439755836 -378564140 -362428100 -348974772 -346484441 -299877415 -265797658 -234743505 -210204261 -152415267 -77051451 -71901313 -51364934 638691 14861277 24604521 32470685 65096996 91048894 91473830 93767888 166592199 196549251 204036462 217789192 233374167 238899798 256686810 290760887 290917551 292305061 296215749 300927144 325216703 329152928 337295938 343322808 383306526 388913839 389516405 393717766 404895432 410071315 466768949 477637312 478733922 504921774 515042580 521510601 524938072 548534834 569253668 583256933 592381468 650967848 676600188 683955653 689551083 698786100 710160582 733000343 744293472 755687506 763481146 789355580 821042415 828133641 859343245 860318635 889535458 924755916 929797674 934148924 984061923
100 -994290077 -972037883 -966996133 -925159620 -920972304 -912107308 -865013900 -861571302 -855855534 -826808932 -815469147 -805963878 -802582511 -781940036 -774142502 -773590654 -770775452 -738342952 -736490572 -668461580 -663736725 -653210738 -632566021 -632070964 -622222250 -619579227 -574092377 -533160643 -511053030 -469628294 -443196909 -431513037 -426538959 -411975660 -394918540 -382046952 -379473450 -346040094 -218913844 -205763308 -173120351 -146480115 -124625850 -118063859 -84433115 -83398923 -75474143 -56775027 -6458374 -466996 13846335 25653767 100805540 100862254 113802103 116174613 143038016 158637096 161699651 240000179 241139760 247449809 252638624 344834949 360074007 368000957 417158082 435302179 445615780 484356862 497542311 522336770 526212763 526297325 538722789 549466757 565082468 595772720 615321246 638555969 648428947 654558327 667067840 671483545 687658274 687659651 693412242 704450174 737347995 760527818 772747657 829371239 848873830 854327623 862733810 874448116 896413385 932443454 975273514 976356989
100 -978498411 -945385544 -942518266 -935848090 -910321561 -855072462 -850079703 -825795833 -815334107 -680647087 -676309589 -602673846 -600407379 -570736766 -544882805 -541081074 -505517029 -488207344 -485892034 -482164123 -469917134 -465139144 -448242268 -415773045 -388001092 -381997580 -380195764 -379964410 -376187274 -324185356 -309087092 -296560203 -286654839 -284871542 -241405848 -229639873 -223605395 -199204355 -150364686 -120898432 -116361892 -94978428 -91822337 -84627404 -69015921 -59116024 -23480936 -19598818 1243653 14876820 21279748 62351009 64063179 121724316 165371042 167694825 181625110 200784762 201038081 203773103 220584538 244851972 251619675 280358333 335676397 369189423 406319155 432899021 439930563 484854865 524169464 531135310 562546687 570137124 603231346 613800941 638102956 651254429 657990392 658874748 660755902 661125373 694090818 729148554 743919967 752985493 753052451 772869590 779076984 806523354 806593233 833587597 858599731 863559553 865744485 916698120 957694364 960210007 989789618 990486631
100 -997207122 -980573695 -974940187 -968927409 -958266987 -900437310 -824150743 -818836862 -811817866 -797895077 -796412348 -773590555 -730505133 -728389600 -718465704 -691930145 -689249293 -612759400 -572389679 -567617476 -564203321 -537140549 -525967927 -507045102 -496109218 -491425866 -472977025 -464333380 -457761739 -430573710 -398447068 -354008341 -343852121 -342418136 -335923008 -315183599 -276822999 -264912655 -238290418 -235953886 -207164189 -200047547 -195428375 -163649630 -143208957 -134587001 -124509193 -67418928 -38495983 -25501607 -17251731 -14727861 -2584149 113521651 119689128 128407093 132764183 152092985 190293029 206314378 217062325 242434439 251096423 283452536 284070868 290791446 329703567 346721409 354618981 386020368 386986352 390988463 403894842 439965887 490966662 500305691 522291250 539515059 575642899 605998333 621224977 641412092 656511254 683494093 698928308 702609041 725303787 742590319 766155029 783409367 804642298 817459672 848327417 863138919 863785101 870428702 891804433 926407339 968689288 978730879
100 -990359791 -967334567 -936456459 -924181671 -906804124 -906655995 -903417228 -897072751 -883454310 -854935223 -830514678 -811837650 -761706262 -748241855 -697289717 -688607497 -678617784 -657368489 -609387424 -569448829 -566491719 -529788853 -510207808 -466319431 -465146046 -456467875 -431577802 -426785097 -382370304 -374371223 -371061865 -328379276 -316176799 -307867249 -264636648 -222953738 -208085936 -174848423 -160584666 -146523323 -106614413 -98869869 -77569072 -60721222 -59195219 -35131962 -33979021 -15982351 26027789 110268059 137481214 165147417 174809422 185983092 202152541 205759634 206382248 213725774 234406414 239964117 244425431 365816289 376819544 426206722 429294607 440023077 458609836 524903668 546596224 551788145 580911097 614324770 623113815 642811325 675361943 681231102 690612245 694143276 704675651 718122291 733244989 774062914 776594498 776665462 804989433 819443114 828781812 833366009 837854655 859837334 870600013 873944152 886906485 888265471 907383244 920870767 944954419 966612535 988071084 989556701
100 -998885390 -969333984 -951783499 -939558266 -936719729 -884036392 -828870129 -825186044 -815768860 -723593746 -714250631 -653440711 -651430356 -637372621 -631830368 -595655738 -581293720 -545197324 -538928737 -514250465 -489661888 -489563129 -488697557 -470154442 -463639905 -455779598 -444905175 -437621198 -433889188 -412569797 -391965619 -391282582 -390923700 -366830218 -362578738 -355523983 -353930486 -349198372 -304680656 -301789311 -267716529 -205581915 -164150023 -143647537 -122855535 -112249703 -109732155 -62966260 -41915921 -33037962 -11981968 54492953 75837234 115486192 115856310 151111969 161457878 206819725 221309685 227715839 233793737 244350556 259989974 274503530 278683451 297223066 315931689 372652502 376777435 383664552 415220989 420751484 468944651 476109886 481101382 533004770 556318624 622944096 631135258 652583692 684173043 690539009 693981934 726810043 740397571 742033016 780034366 805441291 820348942 843826056 846807023 875625422 875980066 924509336 932033261 943803982 953192681 964736716 973185089 995091645
100 -995155206 -976551298 -957621871 -951472027 -948247482 -901332737 -888283664 -886304184 -877787894 -872045755 -865451368 -865276392 -819911442 -789314706 -773738819 -768046385 -766880896 -758496053 -730333450 -706334958 -704436534 -692379371 -662701955 -603926933 -600059511 -598940287 -580167099 -579876548 -575235185 -569977171 -507649176 -441219528 -411244254 -407931110 -399082835 -362028697 -361197678 -358200255 -333056451 -331396005 -324085288 -310041013 -308528115 -283131915 -261459500 -252480534 -182367885 -144277355 -132983271 -121236898 -115097969 -112876933 -108804165 -105540566 -74145191 -74139896 -71615394 -62628855 -32054845 -22665250 -16215681 4997542 70548944 82313228 95142519 105194121 107697657 140699807 204600308 259050129 263572533 266578034 291763413 331193971 333684662 347627244 393919895 440024416 475626484 492137296 526051247 537759416 537779552 554796651 595525159 603857265 612295257 619360384 654430749 716292936 729103120 818293575 825356764 882863605 884426780 912931680 942571959 961380057 978953053 987122562
100 -997862738 -992972496 -990009257 -957662975 -936867747 -934537062 -906386010 -904349028 -869501865 -868955259 -861453063 -852036641 -822151025 -790013855 -768745973 -765941641 -756837305 -751435442 -712302979 -675873778 -653303147 -639748575 -615985341 -609248259 -593762774 -538769238 -534976982 -511334707 -493214764 -481463248 -475006604 -473142704 -462680758 -450062850 -434244255 -428153924 -419351269 -393546371 -358146577 -349711847 -302796390 -288298644 -271323924 -248521620 -235041658 -209062146 -201046399 -161856177 -155531278 -154425484 -111535793 -100851278 -87074139 -47064166 -32728547 -30059075 -25398088 -21798396 -7988069 -2793670 2367750 45344080 76265815 87505524 125819978 133502729 162301007 162376448 173001530 210559311 228693349 252818563 262489807 272079840 288341294 289127139 305719398 318738341 409964407 441275829 492318596 520810706 526563815 545518967 569619471 595771630 632989603 641182548 701548182 733998698 734174463 743139512 767631662 811081557 824418680 850617922 857103018 906668956 914949106 921839118
100 -984570212 -976509498 -957888710 -943002886 -939769476 -933509740 -894916345 -886167966 -836749306 -829169763 -827475580 -781177534 -776986535 -758006649 -749175822 -705594812 -700537268 -679363742 -673625664 -662979925 -659302672 -642847195 -601115149 -584939765 -525110160 -511368997 -504825062 -491447628 -468237031 -466851265 -466024742 -415383851 -359765284 -349496550 -339634461 -306635744 -285529053 -283134560 -272008111 -270659998 -264241868 -264032144 -254356966 -224270154 -219099205 -188869545 -160322143 -144698612 -140714509 -116687520 -108525934 -83909688 -60393830 -34867118 -24746818 -24722674 25528496 39078124 42019011 47342356 61053950 109084313 146314343 149819697 169494772 221348534 232362903 241923851 245275917 247957258 270368229 326771841 371950812 413606422 467548620 503277833 525981269 527603382 560667783 610297058 616981360 642148498 650663397 661252365 670155625 701384290 744255550 744673121 762691552 771856715 792888330 833361725 875836145 881920119 888450597 904308213 940330405 959988901 963178525 993510653
100 -971787217 -971029092 -970733234 -929876296 -910381617 -880780739 -874649993 -867393419 -848455201 -814178827 -786945153 -766829976 -725512795 -698261028 -696620515 -688116075 -651452018 -620529264 -612498720 -588555426 -581038647 -571972221 -571100231 -557603194 -517991058 -493834049 -458398113 -434402368 -426397336 -421510786 -407930432 -407901498 -407028260 -333758979 -332197666 -320028107 -298274476 -297634126 -284270080 -279952826 -243192290 -163576857 -103939791 -103872338 -93846746 -84802038 -62513817 -57745023 -43435743 -32046807 -31307189 -27834604 -7544257 15984843 26328151 34253351 81258133 92559280 97284053 109150959 143364476 151649934 163710433 168986482 190719610 251540283 294145257 308097785 330816153 362371171 366732838 400214130 413606799 442095392 448935657 456748418 457374902 474087834 492887023 494309561 494735750 635836231 639122647 660228284 664208407 671771696 701355476 711366449 713246469 720961567 740054898 748401290 755072797 782753120 792230371 874452096 917837732 925965510 974426701 979241818
100 -950903611 -946008943 -929415649 -920395880 -857397608 -851792481 -846373234 -841162063 -816510044 -813468052 -771731211 -734294111 -712251195 -682466379 -594639317 -587230510 -510002365 -509404891 -505846900 -474556825 -470713785 -463033909 -435930918 -435200973 -432797532 -416246452 -391442268 -390859550 -379322865 -371882868 -354529965 -354402050 -345292086 -342827937 -280985351 -277628894 -240086444 -190991066 -160384813 -138427713 -138355201 -133308942 -131288265 -112215518 -111110048 -103140330 -40532807 -25979872 3367709 67067647 109049247 110480323 127165888 151525078 154517085 164605350 166265719 174564081 213612776 229768977 310615304 336379649 367005082 399794823 401645532 439755533 449622830 456305005 471326320 490273537 495976501 503108023 614247641 661708044 691019589 695843944 722511678 735930139 740768806 755953925 774091487 811932241 812014057 822659511 830128479 844664824 845801552 849984416 875410178 882934037 886387629 903149033 905517266 919439558 924389890 934465137 968057084 976135456 980106672 987737991
100 -998823686 -970103921 -911168317 -910353782 -887224989 -883071516 -810227170 -691786024 -652131210 -622673553 -614139367 -586754134 -582065262 -564094268 -551347495 -544088268 -536552265 -535195388 -473431174 -463601040 -442748120 -438639866 -435536072 -407718213 -403491017 -379364259 -350195597 -344898857 -319170008 -305600339 -304616908 -268898022 -268159707 -254389671 -253493622 -239569536 -225917142 -212994795 -205610307 -205496906 -191136716 -173116807 -170934356 -169615156 -158466943 -130544117 -120969485 -92915222 -78610837 -64902180 -51437730 -387609 74221000 86114880 120530723 138862291 173440791 177445386 193803991 235894656 238845680 240402828 254442760 273168461 295961933 299531106 335975337 356352252 363841930 364903287 429109018 430684859 439218274 447616746 453586333 454071537 461022937 463483657 465287253 486565211 526098015 528426757 558703201 574912863 584173412 638061803 650414857 720329998 754665143 760655054 797364461 826173478 839252209 859568626 867993717 868800120 879984484 880310421 885129550 968460720
100 -943850585 -901553626 -892592642 -881434395 -870254040 -850236541 -837819544 -821703331 -798702511 -785058752 -752645558 -672696566 -663318849 -663318008 -650827114 -650115906 -632066382 -625635399 -623899362 -622294566 -620194589 -608503019 -600226823 -588116054 -583073249 -577508863 -513049573 -474620851 -464410272 -460571905 -450630315 -449533835 -407282623 -404607150 -383043871 -369037744 -357603347 -350667149 -289672184 -272740155 -262970746 -233308470 -172149803 -162453416 -135876407 -133792159 -129004447 -87173996 -86270349 -64452616 -44715384 -19077469 -4152532 16937481 22872792 26864542 59882705 160097150 226617031 250748320 274614234 278662824 297074756 305399629 332718809 353839908 363596223 368493453 403831241 502698527 504545903 533203207 541863805 560283221 560407417 637942826 639574272 676682990 718757119 719253120 735001706 757061515 761046120 771088487 813014057 838806934 843737064 845331411 873291915 884336757 933010620 939502051 950891817 951697681 955845263 967403734 969258692 978799146 990318272 997049518
100 -984560932 -982706753 -963278345 -906907413 -882137199 -858484270 -856889921 -854858665 -836119679 -823585631 -822088329 -819569264 -771970813 -766443240 -759194201 -758178760 -750228015 -705798480 -703736196 -691699583 -655009249 -652849619 -627368062 -601233958 -599303076 -565549676 -561214731 -543671579 -532765664 -529294006 -525631637 -523507962 -517594929 -488632258 -459617927 -405713924 -399965594 -365495929 -346310229 -342566395 -332411258 -321453859 -265414599 -264588221 -263809160 -258217093 -238123403 -226049751 -202872661 -190031408 -140092930 -123745243 -122720058 -103700849 -11689413 7833775 19354313 29134229 51743990 64139544 71818253 97204896 151094232 161732503 230877359 235637908 257760250 301510411 333849580 340017719 388080957 417010866 418370279 428178498 450539854 469444819 493848856 497692635 510600419 574681110 611887696 634951856 674994869 679680068 681339223 691880789 722379302 741474666 745779554 759754688 771532404 817597467 838898391 882318754 903389442 906705622 928454878 937411402 947676704 988571717
100 -955063589 -921355884 -919172819 -907295422 -886696025 -868320966 -851301801 -775931551 -762801589 -757740370 -668110383 -654944703 -650272795 -608940478 -607545535 -601523582 -589285203 -577847797 -543939064 -529738509 -525516601 -467664793 -429096495 -411383284 -388717595 -361733046 -344770751 -318344371 -290491576 -289880846 -276373743 -237773372 -203646370 -183776903 -183267533 -161635579 -147649323 -123825322 -123372022 -86746576 -79067639 -58146638 -40094145 30834 7358632 60090141 80090820 86073120 115518002 140627664 162046405 179374324 182184052 208105469 218827236 240922567 312597831 334149875 336259630 365417115 382952924 401344844 401501563 428114884 429380955 451249557 454327236 474373240 483483656 484169720 494450531 548745258 573407405 614736782 626885450 636216065 652061669 686126334 699749068 704215943 705812750 726329020 746149044 751214427 762907518 766452363 772572145 775410797 785565804 791275477 807572048 812456154 831260164 870336879 876078092 899326686 901819485 912919345 962476913 965054114
100 -990154667 -965279296 -960887242 -921152387 -918137266 -838675742 -831506992 -820731591 -812407409 -806214567 -787375994 -774270765 -757929764 -744297155 -726044083 -725504446 -723528955 -718263439 -712281577 -711613179 -702589214 -702080239 -680358047 -665362272 -663209510 -657180094 -655538222 -654969191 -633144524 -563639886 -558802235 -543212929 -533274992 -520950630 -520185045 -518737702 -472516658 -466220956 -397856984 -380730880 -337343506 -302493404 -293608950 -289146921 -268241448 -260720509 -239861241 -184082157 -167265407 -166414257 -132995574 -100461344 -25315580 -18081347 -17117339 2949821 4292303 8459230 16223374 28740196 37057843 137905641 146116550 184371423 229510188 250960393 345285959 360330354 361745551 371939134 383523599 391391312 437938206 439814824 448719257 456965744 463520500 540442870 566878980 570932780 576809170 604677847 606229450 674472642 703174186 724039588 752413642 774579234 789742562 803683248 850943042 851164429 855213921 885621051 889298912 928392293 959964195 970471172 979761168 987714139
100 -995256002 -945107650 -942122135 -908557937 -898141332 -886894620 -867838677 -855205678 -801218805 -790753157 -779879157 -699138601 -658277000 -650162620 -641267085 -618690170 -565224513 -555675285 -553884590 -545782973 -525103706 -518019324 -504177047 -495401990 -493487505 -484573584 -484228139 -460326170 -452573551 -446327117 -442603660 -441058753 -432945842 -410228706 -388405911 -376979433 -369855674 -351803101 -301789877 -283127384 -279816700 -275453963 -267790347 -222582783 -86515440 -73415492 -52779176 -33066538 -1067041 6304955 25414335 29065266 36526179 37231346 63538177 98098784 98389651 107097167 116611690 136400473 137748035 147650353 200484274 212764884 275818264 291542551 294888621 315608186 330013409 405991927 447790368 499134600 523180081 528246404 546547990 601467758 633847114 637425975 643184326 662393847 664905450 686667711 690432099 706549535 710075125 734432726 772166956 789665480 808830730 829084271 847111937 854358936 883647151 929896759 932499361 945017329 946576349 958262705 958591817 959131467
100 -957202597 -940959202 -938896521 -914539024 -894491324 -879980871 -846097704 -822167401 -819343071 -818733155 -783250222 -759753434 -748284611 -739826792 -737430573 -725511453 -648189670 -611232237 -595830932 -589425404 -574064188 -509251192 -451021563 -437082155 -429347855 -392656123 -356791168 -339075781 -325233768 -311130024 -298385268 -288635377 -250086753 -239568381 -219217530 -187762068 -172238100 -166088812 -134307386 -132506776 -132293422 -94360097 -63505619 -41177548 -19661723 -3075973 613774 1238418 55325993 62480252 76665296 86628260 126594385 131521514 183398087 195315667 270604504 291122783 309744080 315896606 393882691 420921245 422941796 424850656 434428887 445520300 450102603 472972187 473926128 474733148 484081719 484193964 493066740 501708291 511907077 512121442 579993697 588609638 590200835 609705569 621631618 654402440 676462835 692863102 706592343 715523344 735107386 738706595 762558420 821199861 837340018 855931956 875800645 879306191 911302668 923515888 924091494 944675395 976383406 985452381
100 -992929486 -943736604 -920041207 -891177318 -871883571 -810494367 -784645708 -748519551 -745537656 -720950909 -704540129 -690590845 -669120220 -668542968 -660212923 -650958355 -603676620 -572799675 -561410288 -386536976 -367815180 -355000048 -340499136 -313672302 -311290339 -295352989 -281913937 -249217766 -229955282 -196956558 -193234414 -159822675 -155163894 -128104579 -99787864 -95593222 -83385244 -79971586 -66117043 -57035779 -40204223 -18188705 -13801580 5437186 21903542 26203543 46427579 57434395 72030085 77544786 84439391 89606589 103069707 127858411 132436816 152481824 195529813 212532248 213586669 251322953 262219703 274318808 329271293 371002887 389508568 396112724 399666938 419207491 470333857 474179741 490315862 504135190 507702851 525838185 529384142 616230332 650642990 678113615 680763039 681387413 682149117 689877746 695887832 706162333 743615944 743953788 782186979 791459669 797552020 823987203 884760796 888213345 898468591 903502092 918320970 935603911 950498832 964453808 965163080 973356916
100 -999826723 -996612808 -990062510 -960372591 -935758119 -906944429 -890210616 -882628770 -854679179 -845743356 -825951282 -809049063 -797037989 -793375656 -780781686 -760494126 -743143235 -728129519 -683199172 -676056931 -662945945 -621009407 -614759740 -594043268 -593051473 -578575216 -505923354 -496149293 -358536803 -312098654 -273063340 -270654312 -237383060 -208601119 -185350302 -108889607 -98691022 -72661045 -59448963 -53836572 -22696530 7503849 11513361 11977508 15548931 21198604 23830145 37909177 46750089 83724700 92348258 129361155 131130960 176659729 184391391 193088649 193641439 250869459 251284119 280965454 284503170 288710778 300203141 347439930 350937319 365696791 375116345 435945184 444787900 479539205 496654939 551826961 557859957 586109704 593352487 622038527 626231151 641526437 646531302 665702609 681152721 684829734 696707887 704467468 716282288 763674764 773159442 792135276 799732216 810371505 817354390 835040969 836649486 838182165 851923565 869946109 871289818 884149306 884623371 977066122
100 -996498053 -990886677 -987980265 -963696177 -948009634 -941495878 -931836252 -920095110 -913939053 -912895265 -912751955 -892541068 -861183750 -836046813 -831134450 -782119278 -693447686 -658097579 -642593211 -635702250 -634664923 -628764007 -626388802 -622593196 -551849216 -540467797 -520294884 -497522602 -489161204 -455089299 -453952964 -437626254 -419841361 -409598723 -386476693 -374164325 -373058003 -348598683 -346059941 -343390755 -336245676 -333497544 -289297533 -284565376 -252913393 -215745358 -212093565 -209963269 -152916707 -147650485 -136233394 -118037150 -114593699 -105707713 -64831495 -43003960 -17309463 14954809 36630680 94777681 95232026 112951497 129336238 168311440 170500058 218167342 276864857 283917848 301422315 304078799 334520009 339949109 348704939 352393606 381242381 381504074 388678485 464256154 486171835 495580877 500966582 543130767 566734641 581807544 644563059 646070342 693112713 716817762 723702330 773662200 834140728 838732084 842624650 867143420 882538466 899409663 955735938 986046806 986498848 987729186
100 -987266954 -977706925 -935177879 -929057092 -923296915 -916266346 -882931142 -866049388 -853234867 -822508767 -808013697 -796149707 -768349786 -752457520 -747261388 -714963922 -688656184 -647169890 -644742162 -639914718 -598244923 -594767076 -589757393 -575951579 -570327815 -553572332 -484513421 -478714185 -472811165 -462273488 -459917850 -439819051 -429489547 -428211801 -424311116 -411218906 -407106934 -394514686 -393252241 -375790348 -371322010 -366594725 -342780281 -341321239 -325960270 -320055645 -279886976 -236116164 -169572719 -157780444 -138450109 -43076219 -39387311 -38042166 -27277181 -11872800 2085625 8712565 14598986 23599837 25407342 64625898 77578338 80949933 113689676 152738492 174293296 180405389 191323034 214180675 223987655 262047772 271739111 273994390 292930118 297930028 374047029 428789977 508763319 564832205 581671889 622464814 633084444 634609338 650025703 656119005 706622309 739083114 748398079 762718207 807184325 813264217 816318944 859827345 891931051 905044414 921128901 932234953 942739706 958255895
100 -982625018 -941740423 -936537060 -893255821 -892157049 -859295220 -771644113 -762703894 -710257408 -695358561 -594423562 -588390775 -588340300 -571536910 -561773735 -544897561 -510114464 -494645062 -427626256 -405802665 -393146776 -379842237 -374129062 -347465176 -339013792 -330336979 -319235084 -318366175 -317415508 -306714644 -256806236 -239986119 -227632113 -189962395 -165095664 -156594247 -140457935 -129466845 -122734591 -71838145 -63783047 -43679935 -32814541 -32133879 -31083174 -13100243 16876665 22976979 25054376 52734421 88317936 128820924 132293692 159748843 170317063 186080472 186158750 193818418 219939470 240573004 253546720 289684154 336567474 379439077 395699548 402262228 408322612 425570845 431853189 434351492 476554565 486326112 491093608 497232730 525270963 543749122 544618476 553186425 648644089 664681779 692430528 742691195 754062007 780763699 814060157 824557571 827820312 832089434 846599408 853984821 860836856 868372230 877457459 879439775 906622974 912827641 915686379 952938413 953728550 955510934
100 -969185182 -949077615 -884965553 -873175396 -867862333 -861132768 -855056841 -839191764 -829822495 -821023276 -820338707 -780581262 -754270387 -740105259 -724690835 -693108369 -691272042 -676972588 -676034701 -673494113 -660466170 -656401414 -652025910 -643181034 -586742464 -564223727 -542408647 -513310847 -496760380 -441448834 -421651309 -413765604 -392418103 -323193648 -319648233 -280230891 -257531684 -236075668 -221303416 -213270271 -167206674 -145371040 -109132035 -97471221 -67281762 -62937945 -61760272 -61255183 2296633 72481474 87248732 91122142 99893365 118213946 118491849 130748081 148390638 154704418 157096600 171832543 173843520 193214803 210354604 233669375 287941067 302659122 313122638 323565462 348603232 355860163 371453851 375180938 420846485 427213402 434498914 446978797 485434207 501454934 503067078 518172891 599541418 626822378 628433477 649591508 687904305 739396092 785531234 790851808 815478263 825585309 845567072 863939507 877228825 886027076 893932764 907760911 912277690 958707010 960295174 967569301
100 -997575127 -987664264 -984588729 -977966761 -959169828 -947375780 -937688001 -882336750 -878254287 -877319738 -848016411 -847847714 -817378518 -817094592 -814818117 -777721154 -757816821 -746079009 -574065182 -570377485 -555950783 -549077188 -530633366 -512970287 -494349546 -493397889 -481452202 -448988750 -438832599 -436476500 -406927926 -396301048 -396260294 -392944036 -355389649 -354855269 -352241890 -311015722 -289270029 -275830361 -259076446 -233601622 -166184287 -144891948 -140729590 -103943490 -90432234 -58310701 -49832485 18177139 18302736 72156054 96060635 101797293 123954834 188265677 190905580 206851428 207358920 211078210 220630737 249040272 259743693 281154765 293680586 299307980 307709587 310929476 317487761 321899937 341785416 357553910 370550830 389436903 407822973 423847658 438660942 465323873 489311802 507583357 528115327 548811752 584522414 588638346 634721129 639164506 709052937 713386289 726811321 746925891 791366203 854309817 865128627 907832770 930782549 934692438 944591445 955435388 963148647 965121049
100 -954703634 -942042606 -941044248 -938878488 -930323503 -929906331 -868501835 -842726163 -768562290 -752683036 -732278146 -699815712 -683569681 -672246575 -623718149 -621060320 -611718741 -584820655 -573330394 -543678649 -528632061 -517542048 -478766574 -457881893 -387615470 -368746179 -355028309 -341070666 -309722460 -287445713 -279264230 -276293756 -260660651 -225114795 -217121801 -204620781 -162688713 -133416059 -120469880 -73081078 -68847414 -34333167 -24567374 -7279287 12338268 15290510 18089647 25123330 27612159 27688504 34428245 92172180 125713354 157625614 174286426 191728034 207809978 227118959 230216876 268496046 282749851 284074399 313839602 334539703 336662013 337617636 340274151 361188779 363299035 377266717 390574256 477499650 506102433 510205331 531502256 564666147 569938881 570261227 570726187 619972976 624878829 639186294 666037056 668266512 695688340 720663277 734990472 748952116 785932959 796101966 847835243 851410720 894099539 906679642 909168485 920004823 948336689 968202655 971129254 989465124
100 -974898521 -938885592 -931973296 -910263519 -909248939 -839832017 -833966952 -812056009 -797584740 -790650946 -772721834 -765511702 -764064222 -754097449 -746048731 -741280623 -718829043 -715379929 -689962468 -683961651 -677454303 -677116926 -641853015 -640868814 -612832145 -551567733 -502283524 -432986078 -419010980 -413740795 -391263314 -385062674 -381099252 -351331543 -348055117 -340187048 -337915242 -319465118 -300241186 -294834919 -268461956 -249630286 -234919759 -216744188 -205934754 -150988688 -117985613 -112520783 -107829925 -73552380 -32508224 -23740019 9170518 35960913 40092763 90240187 199662903 201923774 217087181 229283084 293761106 294869701 334105051 344833934 346897986 357501669 386367995 413062052 422050727 433673680 478259501 514685614 526806814 530803619 532928149 547111076 579035639 583701037 584378963 607204502 674528406 675557644 680266214 701617362 745937629 757271987 774515546 780144363 796572916 804224900 825967822 841388199 848447309 873416876 882464073 914322196 931443087 966284354 987889427 993534700
100 -914013613 -912828844 -907559878 -883784994 -816854406 -796782927 -688779614 -618898026 -606123535 -595122315 -584099488 -575373757 -505257923 -502157387 -501952673 -492100645 -475567371 -466821387 -449771554 -409780307 -407321719 -405206099 -366746815 -321253395 -298321142 -274266416 -266661161 -259369854 -256667686 -249535800 -239926914 -224682395 -224510555 -216486485 -215898879 -198239344 -144305181 -125775464 -123704631 -91952289 -88231914 -81178714 -30025527 -20131066 -14976989 838141 18058151 33938006 38249517 46640522 55478758 55967791 56950108 60923637 62964396 103517986 133151194 150433750 166684672 223648125 232285599 256345874 278562804 293421428 313121559 322116261 323417261 324296591 341618507 364196943 367300785 373101248 377493264 380054855 392491749 393562585 406528135 411568970 416354708 423521409 442834342 458027299 458801097 498292975 503836249 512750454 578626585 625015240 648690221 674969743 683105904 693227702 694118351 742983003 771711706 851421362 853912288 877376803 975044641 979331392
100 -996712970 -984782575 -865178961 -828459667 -804139626 -795978050 -785601933 -749117190 -709215214 -679816300 -674080327 -674071632 -634638216 -606336713 -563107237 -553760669 -545819400 -516213088 -506980409 -498802801 -394956575 -394845669 -392207984 -386565932 -384852149 -372051831 -339654253 -326002347 -316811626 -304855437 -294880278 -263078542 -262417899 -231098698 -166812453 -149637144 -136648383 -124010983 -123874234 -120549673 -97260503 -95718431 -65021396 -64224301 -24656357 -5758811 41373473 69078038 82996239 94121237 151727542 155648303 168651865 181322957 183539622 189515553 200935324 211939674 232946898 242661285 274573940 275448455 277126551 295863805 312577747 332354401 334231607 334574598 344668395 357241498 370610282 438281728 451344452 457991669 462496569 490875139 521479218 525740143 534265592 539569889 555395623 602965215 615101319 617655717 626415575 627796874 627871035 630739758 643514686 676058707 735481768 786764129 823331190 830702896 847330226 857382520 928541237 951082849 974411636 981621509
100 -980763017 -962863861 -947794281 -934283959 -885985574 -859408433 -810356102 -804986178 -797799187 -794026580 -756168371 -700721009 -628452494 -593450754 -590343062 -539157594 -539099722 -500127185 -482274804 -462364062 -381453506 -374967065 -373657717 -344621060 -321547153 -307438819 -276418760 -271940341 -268825595 -254133403 -242362719 -240851336 -199217526 -189168958 -168538387 -146654189 -113753904 -94065578 -93873956 -64447670 -27493066 -26668404 157765 8994037 10336610 14290857 29520761 32084890 46479326 88707804 104570810 157340478 187226901 198382007 203074601 220238797 225778630 251065026 251904901 268956958 276000405 280949255 327717344 340805759 363371285 366202817 381136316 395714396 409306943 422159162 463037227 474284611 487431504 513066227 517629557 543648753 554072944 566568827 612015234 635638053 647024203 653432409 673964204 741228731 741283739 752240429 768765854 785134916 805545994 807772854 828294347 828470247 860209654 870532937 877424271 878586127 887944558 949402042 984517459 989389228
100 -970230010 -968430631 -953904128 -890571962 -861300559 -826425458 -818486942 -765817175 -761236332 -726820484 -720063912 -694329754 -649236013 -645708844 -565044740 -535076966 -520728402 -516253032 -514406480 -511018871 -505252896 -478193017 -469208528 -398890753 -388815676 -388370246 -346962195 -340079323 -304010457 -297901306 -295602927 -294930569 -292706870 -281835270 -280301067 -255594051 -247821803 -232771336 -223149798 -214559411 -206123423 -196483027 -137199636 -104014054 -98599419 -45863831 -35423885 -3269595 44402895 45327854 64993287 93004935 121449487 121583180 130183223 174524711 219732645 226286168 253888814 258058473 265412192 265933338 275884617 278278826 279783661 357592775 391444576 438318673 441661022 448127295 470416462 497165468 550555822 553316822 571958822 585646054 587740650 650266081 666198068 710525108 737376621 747691914 750272783 752364397 761101668 762139337 777483567 783017832 798892537 812208846 822315471 840903724 857132900 912255317 914483052 958556047 969867176 975667994 988601135 994736799
100 -989877793 -946246412 -924341182 -919768076 -914612246 -904322555 -896724867 -886905616 -870689710 -859406414 -858183364 -805393990 -788161928 -744142024 -732243245 -701230118 -690840370 -674592212 -591309861 -586430757 -583203041 -563762035 -539830321 -521574255 -515783159 -495098855 -422779469 -394108580 -348483620 -338528474 -335837469 -327978544 -311148511 -277604393 -263946272 -260108128 -250833059 -249438450 -247861613 -230941275 -227621247 -223816238 -135274571 -122610460 -111258443 3231713 36960739 62683914 81040618 91151913 121373451 141497058 182702942 184431251 198430690 200170909 217019589 241491294 241850089 256471242 290286383 292902861 294611308 299186017 311031735 312245652 334859669 366237220 389042814 416002155 420325482 454326820 458230897 521905240 539294248 550951487 554211212 560699343 576618531 586377984 589409353 628744159 634286626 641932364 678011394 679665362 699331808 708863273 747576974 758984304 769036298 792911190 801171417 816433605 919862089 926812790 932794936 933863667 947865850 981524312
100 -978445966 -931183873 -907299207 -889004436 -872750639 -839262133 -816833066 -774703557 -711549247 -668869836 -659045227 -651698729 -619156058 -610875628 -583269932 -563028270 -536764581 -523264705 -485040814 -426771680 -419220741 -304773499 -303913252 -286256073 -282368122 -270661015 -264793148 -193099851 -186800346 -157740060 -147337584 -141657470 -133400550 -133074325 -128096073 -109273033 -90058279 -85659433 -85514824 -77520859 -31048516 -17384480 -11816430 554487 33498032 58165896 75549061 97592296 107514440 133049267 139616975 148727379 166236776 196096511 231130371 231781546 285643808 286551768 316567353 324004995 326552901 335830973 336865686 337910841 341195511 349099964 392426047 394525964 404011199 442343777 469795186 488021035 513862539 520884264 527232098 577429518 582272086 591034097 633553581 640020364 662565113 679553626 691691185 734939912 747553139 753936351 772950129 784143419 800271750 801102961 801296741 815401062 819560940 833255555 861591838 878805156 944997634 946597664 956101668 994780185
100 -999303264 -998667511 -995060528 -987455833 -980584335 -966497096 -964168524 -961323392 -955785298 -918459477 -914836229 -878908815 -872643434 -872624880 -841519396 -833649458 -782753772 -773536648 -753150921 -752904870 -721859271 -678381948 -664463964 -662059553 -657873171 -614309909 -601965149 -597703811 -579411084 -456142608 -407185621 -403040394 -396267100 -342459054 -340895911 -336875130 -303650346 -301333131 -299435029 -282398164 -261364465 -241701354 -169996311 -127655390 -105882467 -102144321 -101357287 -97334953 -86508502 -59774803 -50936354 -49140471 96105 3675135 4398984 23368431 79224764 99888393 132566078 143249844 144864840 155793341 157248532 200984726 206809072 224958921 228076413 279375304 281236308 301097541 332219281 360217690 378688092 380854099 385520167 422091621 467348008 483599167 494048001 495859574 511725529 521730886 546111429 561803183 584216889 592681337 602479757 698550290 706039706 715343103 748630175 767711906 779518392 822733521 833424038 834395555 858142925 877916281 888219410 930031379
100 -964703759 -945672382 -939955186 -939277162 -895756004 -868993383 -840285107 -838881154 -828665066 -827429162 -785213463 -752510765 -750681537 -746827393 -733169008 -696596683 -679127930 -669462545 -652667677 -633885587 -629478469 -628247350 -620528073 -577826765 -570221135 -557851060 -542462391 -521941286 -519912152 -471288283 -432468824 -428489526 -406624227 -404935744 -380259021 -361849219 -338867903 -336649253 -328538340 -325387820 -324335288 -319950711 -286475210 -285648064 -278754821 -273619855 -242334652 -216791940 -215130526 -205653725 -197531109 -161260961 -108155169 -97444928 -96685230 -81314904 -72831027 -41870793 -7677953 32158002 39346180 79119365 106992097 112676521 120996515 175857821 183664250 199208423 257545811 279480839 285708683 299198182 308872758 316219866 335547633 368858820 394676507 457241921 460822030 505208480 525039159 580989953 608275704 673068722 690820592 696882662 722317062 744749795 776290414 789295324 807674179 827600021 896215248 916047925 920822931 930268288 941748021 947070309 985574580 987407816
100 -990858130 -931840394 -904444262 -904204557 -901296341 -871465479 -804690985 -803802862 -801586983 -799405503 -792230416 -763674285 -681246742 -674197853 -656567004 -653242120 -644884670 -635510593 -627556860 -620828385 -612303541 -600117276 -590713956 -581721067 -547140106 -530833579 -514557692 -478909476 -461308466 -452533225 -424853265 -406457530 -391089111 -386463716 -377795487 -377414476 -370395578 -358270427 -353641970 -348722557 -336057190 -322781893 -309303337 -305860172 -302896844 -293072622 -220926884 -205860554 -149501175 -144949573 -127655262 -110534656 -107041599 -100097789 -95745251 -67969137 -57531027 -44372817 7163157 36630227 68575936 129115156 155160641 185659095 194445964 196731608 226093470 284216334 301374973 334699650 346257362 358051511 394769075 398164580 401117118 475838343 510773060 531157529 572131310 590500862 606463461 638553321 645798903 649607529 665988822 667437562 720138783 742564893 809307528 824027031 836135281 865556443 878970041 896492429 928422544 950671412 951353324 962528058 977216487 981639576
100 -979163503 -969078455 -877019877 -812478594 -793111502 -789121337 -766360387 -740925745 -730246403 -711251761 -687279772 -669936755 -638052046 -633464404 -624835103 -613064540 -604071983 -599437592 -586819572 -575160859 -537381962 -532990810 -496139451 -492795107 -487783556 -471562062 -450924712 -446380870 -417919429 -396412062 -377495588 -357730073 -344601742 -326820584 -299509521 -291893626 -263344713 -262227254 -239790874 -223749598 -168126392 -166093978 -142051977 -133672246 -89334878 -55101848 -50932405 -49431566 -25753916 -5935439 38334317 99339815 108263688 112991685 123460555 134145322 138827805 157199808 173166652 185794265 195327555 203623561 210426260 271111380 273105513 273558767 298281296 316137507 316232782 335675019 367096853 410129295 412490297 496820923 508391743 549974526 557505040 570817953 576301667 577412721 592263872 603444668 645739081 670814732 674462908 705169697 731764407 758737451 763244912 784324029 799082516 804190605 821375616 844520661 887362267 892629731 914665007 935029355 967683293 984185448
100 -992405007 -974425817 -964970590 -951462655 -941868664 -910028317 -896497344 -885337791 -861224006 -819019466 -755528314 -740132460 -727408240 -725222971 -709366413 -708358651 -703453973 -668552859 -659688778 -650109636 -603636488 -602370025 -576935051 -574975362 -549813508 -488681860 -465075915 -433000437 -393804303 -345127779 -329047079 -322875597 -301093697 -298744299 -256563761 -245585087 -241187989 -239856417 -232959674 -175012697 -163657298 -134199316 -102079073 -88777032 -80612136 -76786448 -52036461 -26120455 20720485 64428946 65962500 78400106 97883363 106929954 130414680 133047228 180591388 183057204 236792088 257299561 264257278 300109700 364272052 370825096 389247319 404705851 420572044 429718632 474703310 475888382 489176635 521166135 541264810 578073675 611559633 619503005 630327731 660327034 666484706 669198660 669242191 671128091 702113807 704958221 764401699 811693541 821802578 830639374 844254070 863019322 897207912 912964865 926109579 932235714 933367329 933369772 958687857 964637209 970425657 999180629
100 -999489901 -941862058 -930837953 -929130757 -914155145 -890713957 -860103353 -836707444 -833053664 -818696406 -796624267 -783325577 -746003853 -713982049 -707797403 -701668779 -683396772 -593014831 -581728419 -578352765 -465573330 -457154244 -454671453 -453962988 -414038760 -356077630 -344091288 -308137222 -291358025 -280286227 -229005218 -221584562 -208086901 -176838444 -114587375 -95772269 -94681036 -84746703 -74691769 -38050395 -36346810 -12151682 -11843819 -8489629 1621375 43168131 115386103 117398154 120454975 121870509 141890069 153528329 157677914 183131969 188823142 191076567 193445693 195199609 202419206 227668788 240754316 292822093 310368412 311911303 314365771 315692204 329235497 343951446 365420293 376854681 380977696 406073281 421833362 435781764 452013390 460243700 483987561 488040393 512988887 520048588 551169794 567295117 589031340 596980223 598443065 620368443 624253048 678586478 689693897 728692072 806157878 824737844 839276961 865412582 873131411 913542607 917218747 927147800 939066387 944275586
100 -999121332 -973157184 -966279477 -933806542 -903361186 -884866827 -858988150 -844279991 -817388052 -675590741 -640183630 -634929567 -630768124 -622532423 -608756791 -595679897 -578690710 -573418504 -524193109 -512954898 -496935870 -476938217 -412432946 -406555652 -399328826 -399045936 -368915963 -358519583 -351965368 -305169237 -279484258 -217481769 -162214802 -141827517 -128634165 -85642407 -83023025 -81422102 -42394531 -41493056 -41136690 -35399237 -34468201 -8823751 -5357549 -2003617 24296627 35211354 46438234 76822681 148071928 152027896 159764058 161299429 166722632 171562094 172633132 181843570 244562172 244626114 255929959 270069080 283354143 288138615 311435203 332037087 338315699 376812329 379804244 397284453 400209811 408861765 434577091 454135630 464295050 489812970 513011396 522984160 524321139 536754658 661555597 697219398 705032482 705176809 709892597 737897223 742077463 747059408 750563925 835830821 838232743 857629014 860098601 864739084 867080644 874893149 914561198 955055407 992210424 996759370
100 -994573371 -984666803 -972344279 -966794710 -950193518 -949959066 -931876141 -924425295 -887111304 -876638300 -827970439 -823069666 -821091068 -794327985 -785186510 -775364061 -766391526 -759939166 -724987460 -649168974 -645172228 -623972371 -591224878 -571608710 -562278834 -561721071 -559678205 -549426174 -536112039 -527534848 -523919368 -517054053 -514246460 -509640366 -503369387 -497384142 -486368334 -442997137 -437802766 -420143714 -375941045 -356034487 -351319188 -334384770 -333865522 -303548978 -265675635 -254115231 -236594883 -166229174 -163343743 -100512778 -98297484 -91451188 -85905285 -56927914 -20563950 -18133742 -2223654 4233239 5437625 16854942 24588486 64981153 103872947 113500768 172662722 207246692 208682030 352502768 359771558 362941564 366606967 369782333 376513752 383011745 389929587 429028330 444280878 489809426 548408879 552270962 566642997 583061994 590161540 590530189 611181045 651772778 713250775 733739525 787850387 798000985 816817650 821734642 861762058 870849067 907196241 951345723 960231765 967305510
100 -970101591 -930700877 -920102461 -908639815 -881289168 -866322169 -848884032 -834067213 -826568827 -820509096 -805072034 -774178950 -761024861 -750912983 -687735067 -649223312 -621773692 -528754164 -514206869 -491269491 -470653253 -469843184 -433039157 -426610301 -408771781 -401203236 -377846392 -365332169 -320588645 -312468146 -291321870 -279398213 -264594209 -260648743 -211603597 -192356673 -185963729 -182309505 -159188885 -143527314 -127438881 -106357426 -64682630 -50272873 -21230898 -11343476 15165603 23264916 25269493 54237598 88799075 96363212 117859843 128697000 147952775 152673964 161863878 170877102 192400940 197083016 247371701 277535085 288637306 315646107 317677194 327424339 327956160 341234834 372481275 396792222 443010763 447601516 448231026 471243498 494873934 560651942 568593319 648852055 653433967 660868007 661258124 689822260 713337954 734936970 749188178 766446060 769209706 771936427 797459279 802410585 813496437 853135323 858590580 878252311 901042225 905365907 909485416 945045223 952931773 962707665
100 -994399814 -992755058 -975337734 -921948037 -918563820 -904197860 -895632996 -871133362 -861656943 -823645294 -804265796 -803527921 -796558325 -786074929 -768101850 -762499757 -756993860 -749281882 -736551508 -710536747 -685765060 -679793058 -644459809 -642289810 -614650743 -606217622 -581993049 -566478913 -558942741 -531043793 -517174752 -512981287 -500735372 -475837294 -475787549 -351090511 -341414006 -304091463 -289940675 -289111172 -268358824 -264429119 -256117912 -225715152 -212726098 -201234353 -124297081 -107169277 -85676439 -32184688 -5534720 16412849 21603309 95323890 124430091 128675902 136872423 138776002 142761932 152713338 156366990 164105198 196501660 219790394 227111267 251001857 256975121 264854625 264908558 280830754 289496231 298336902 369144893 383031894 405323227 428115814 448202484 467063144 510338369 522739396 538600685 545319372 563042090 572510553 583118361 599289357 616449850 665218422 678449273 681316043 729426796 744479666 784203938 802849912 811323782 820487424 823523988 849249178 877358016 954153946
100 -976317470 -960188520 -950379420 -919145824 -905251123 -881923114 -859647321 -813437889 -813389941 -739102661 -730489385 -692945743 -659849553 -654194410 -653583899 -629891439 -629717655 -623959590 -613280278 -611110215 -537006703 -502309879 -466850699 -457806715 -425312486 -406086149 -381155881 -378588468 -360090934 -359373405 -335659364 -333898840 -315098327 -302311822 -236266037 -179364182 -140266765 -132002067 -106721408 -103655987 -103435424 -99289931 -96918928 -92770418 -85875402 -85550663 -83644926 -46413188 -28399150 -24369513 -7609591 76785619 78681620 93574953 107609759 128001901 133454774 179579845 202862443 216921487 239411664 263256075 331953243 347543080 359082322 379636354 391141620 392082833 442898462 485192748 549890337 568757481 571861436 610226702 621971330 643136055 645120142 672619804 682956452 694401456 709001395 722992951 746138760 751365206 769815990 772926290 789530144 803495997 810848289 847210388 871894876 872939533 921785107 932185748 937205507 942505516 960740308 973730751 974656398 980616823
100 -985440403 -950698217 -928557769 -922879418 -900358885 -873909360 -867187068 -858310686 -854533077 -836781288 -824108540 -799149449 -780719803 -739524091 -725189645 -721348507 -720873461 -717444292 -711654244 -698365681 -692554936 -664703569 -656037613 -653981447 -652908547 -639229030 -634923861 -620736453 -560286554 -556097026 -551212222 -542077956 -517695158 -496454632 -488804847 -424093835 -407066034 -360762653 -359919446 -357294272 -270116612 -266893300 -224430053 -192732378 -179567318 -172387038 -169015405 -166121310 -145716113 -145513511 -142909514 -137172118 -133631433 -93693870 -22171735 47643729 72346689 84744117 130384796 170842153 186354824 199721444 210287149 219404459 230432541 233791630 245805113 256343421 259839497 300433078 305647457 308105658 329946969 341283053 378944587 445028114 467313502 503288259 505958095 523904809 531468271 541824335 544161711 549686451 584694917 594542603 600491868 605509882 607076371 681290389 720281207 736061175 739085333 741596720 767962460 789800180 800681228 830456553 834584910 841738153
100 -979940022 -917735681 -900801496 -891451184 -869964547 -858601499 -839704385 -834753386 -831296258 -817754076 -803227648 -794813425 -779330361 -734022523 -721547309 -696526994 -689128990 -684764307 -673464057 -673165436 -662574045 -617499472 -617418738 -612029066 -604739152 -586069450 -584494453 -568258221 -563197868 -521360320 -521274141 -512304456 -471610411 -439667289 -422570338 -412177811 -330704552 -287004591 -252649758 -210381304 -184853835 -159177903 -158316186 -145766367 -144664268 -116592141 -69904661 -62950447 -55968621 -22078547 -11941367 59209359 66708330 72306883 74953399 109429382 109686306 126445504 127176708 127480720 139309086 140629647 147381123 221557945 234149586 239876413 264990281 294208802 312147145 319818295 351971136 369133349 379611103 388959843 415298098 434316972 436186398 471103993 528483030 531755475 543614792 585136400 586736707 590497213 614253261 623326003 638220710 668622209 704660641 774227010 837246932 837506497 873200352 883757028 884824804 889573687 922907352 983281607 995310424 998744123
100 -994289638 -981260321 -962974999 -961631399 -901353511 -871108275 -866440428 -837699147 -827826521 -785014227 -753927631 -751414352 -733317191 -733231370 -717534065 -717263569 -712133721 -670220666 -651180799 -646961378 -646688730 -605812106 -605181369 -599035885 -556729034 -460925350 -451123242 -443801169 -432335467 -415359961 -405673347 -372872183 -355991842 -337484810 -332216644 -327091220 -286687897 -261054849 -256461049 -209247002 -198021245 -116637679 -92480233 -76319220 -42482652 -16464869 -16331386 -5996853 11161221 19860553 23085744 43475758 51934048 75508917 110540557 114282121 136560016 150343950 151642269 184170129 198323644 219909657 234896624 276723290 303543973 338624240 356414466 361641252 388195787 396326367 442047191 449260030 482412841 506276516 515731564 534897202 564779159 573007086 579502428 613043533 616856790 619671298 669334011 695878056 711426030 719957703 725125306 732470727 738041712 757091505 775417032 782453970 844849362 852611916 854791943 885331066 907649756 953607553 975985134 980033799
100 -994350748 -988906735 -986627319 -975778398 -948165149 -939389392 -926396789 -921598256 -911941142 -906843347 -878599328 -871182930 -856726908 -816043618 -809177706 -794021243 -790114178 -750642603 -680736886 -680335752 -636189398 -623528317 -580894597 -568719818 -565295797 -513936432 -512492661 -482467165 -474425213 -433003049 -392035870 -372379673 -324065593 -303211075 -300570710 -286670631 -260360240 -254997228 -216876877 -202323285 -194762230 -186476011 -171910802 -155607159 -128492668 -100113657 -82399542 -79232533 -75230613 -72504683 -72021708 -70556386 -59296236 -44773123 -40003465 -8736705 -3201527 6687038 37080493 45218867 54205850 57997019 103777244 107309581 121688050 125333194 184679594 217464342 258883589 278357495 306976886 308044096 333771817 343531260 376980463 381951835 399605242 415561652 447505271 459573295 459895185 462960769 466562288 494882574 495595811 520786917 544265736 603069265 629374529 641570829 683610826 708597497 711242668 729329989 741089622 799897070 825674351 898533098 904207709 936150709
100 -990594902 -984923503 -945949631 -930952405 -890063300 -874968332 -856720742 -836955273 -820937029 -814104638 -813016597 -798441368 -774698814 -763955332 -750704257 -731017355 -728919620 -663479485 -659480888 -637273559 -635187204 -615441704 -612330172 -576282563 -527988267 -527124743 -459150671 -454894939 -444108335 -417915073 -406090832 -374775112 -350109359 -338539527 -271197468 -267575121 -260492613 -247308923 -221253892 -205200651 -164212032 -163014217 -155756401 -123945143 -98817775 -77750489 -70552645 -59181069 -53041417 -45307396 -14406711 51017464 67439926 69600793 84804616 132433570 141282267 142392040 180037198 214069863 274130597 280688761 291859688 307166850 313217848 335676841 361227457 374671925 390765814 395973451 413837834 419638775 431412142 433429007 452371306 476606611 487015105 489357976 500509017 521684712 540143161 569916078 590711470 609258669 615109924 616933831 647737886 658989665 675423795 709356859 723311390 726359297 745236778 766802398 792020749 799993077 821810496 876138003 898198135 948581055
100 -995980778 -990312663 -981887795 -977397932 -973971372 -939289373 -919649682 -910322628 -900365960 -820215102 -776362969 -732252883 -709220462 -680445077 -656588110 -631469758 -626600799 -624227513 -616745815 -589582731 -587739124 -584311536 -549710911 -527983440 -525779718 -503813698 -496654171 -489739852 -487269047 -482865186 -450811766 -426102131 -402835016 -401423605 -360733102 -356465985 -325050813 -323221764 -311167480 -209977507 -202206371 -184682481 -134028174 -79098780 -75289276 -63949859 -34222882 -30641684 -12821607 -7076446 27395785 49853754 62359819 81426332 84802156 88342584 118475269 161621300 165528843 176271418 197199718 212399728 329528468 382716329 398589417 408910073 415854881 417308980 451006595 492944754 510239169 515492705 523085540 523755917 536315999 536625124 572356383 637178464 659907309 666399404 684439829 694610869 733922778 755020681 777943502 813682153 826791184 827526248 836188384 837287319 864981090 888669594 890050003 895915107 914385059 943115448 943329532 947657504 951273613 985776010
100 -974884772 -960525248 -960370489 -891548938 -889471118 -884192399 -816593256 -762917952 -755258358 -752130790 -744180436 -734162651 -729638986 -709472246 -691469936 -671807288 -645514412 -595534826 -572136065 -501982047 -499760682 -497217547 -489896968 -457720380 -422564744 -411584338 -397203701 -379389587 -367340103 -332562835 -302781169 -299971563 -213482542 -211317969 -197685005 -189679454 -168645152 -121727914 -103791616 -93373366 -74135537 -69637063 -67104156 -47166210 -22840665 -1694375 18968163 35625490 44647281 48587353 59836022 92227527 108252849 119456307 128268527 142022337 158436274 163574462 186573857 189301169 200912698 207426804 233354043 245304224 265079616 271247407 302153658 323249432 327020254 328238341 337859253 346507429 356629228 398414984 455882789 463736861 464105411 467885249 510977432 511039076 512404977 523061984 538085878 560535556 562736539 613364212 629952070 661325384 671568902 731313518 741889738 744175492 746501438 758184083 774149127 851917007 877842744 916231415 956510356 975808418
100 -986490176 -983979691 -950324640 -931905906 -929267153 -921744385 -847588870 -846907475 -841480307 -825397699 -745600050 -691361610 -672595431 -666657046 -636010159 -632347168 -612216854 -594078979 -570008579 -561204964 -560897227 -548797803 -536468388 -536114517 -517170243 -509846060 -497118274 -453222559 -439456734 -428633994 -416462459 -393779244 -367972812 -353402229 -353387632 -326479221 -287015662 -272479312 -247161683 -210665624 -200006952 -176462988 -173339475 -172640400 -158987722 -93110802 -82600493 -73897327 -67284133 -64663306 -18221636 -5979454 10243651 18376287 42257738 48181101 67247154 88462411 115581440 117738139 129405795 180301992 301479109 342597361 432344369 450471026 455066913 489448567 492700027 503099442 544031114 544665724 625116250 654489002 670223752 675391470 687021026 698467970 718265669 730371943 754250923 757135488 769189786 806983094 807778853 848546112 861876256 863771468 880426188 888973683 903062214 914796810 931318444 934892870 939945811 962605589 964513518 969643639 975010484 979024552
100 -975124122 -956265354 -954823914 -949014840 -925498835 -893550768 -886466335 -877730211 -874672931 -858625141 -851185797 -837565511 -834983918 -825249270 -660047078 -658149468 -618032960 -602151962 -576991860 -575759850 -567780765 -562176304 -551582411 -548096670 -524192607 -509754574 -468011988 -443122022 -439279411 -435604708 -409991371 -386755725 -385256699 -375269393 -293127876 -288418369 -285006230 -254881905 -230071328 -221854624 -212760016 -171903623 -163913197 -116772682 -92698921 -30512616 -27641913 -27174631 24034485 35093957 40030536 56804207 59573521 71514075 73584352 99775063 118139247 137916531 162515060 198925842 213533737 238060363 249702027 260745113 293287017 356405163 430996274 437560223 437621735 479888030 493856755 495497338 512749888 514610188 521716307 525478261 560447484 572501210 596950200 605058785 606990635 608532041 609111809 623846121 647887794 665968265 672425496 684096007 705381331 747168616 751088499 795130686 797006831 798154564 805849055 850901154 864453420 888139667 930004938 999994258
100 -980024112 -962470794 -960155943 -893669764 -882142413 -826221939 -824357125 -790664941 -789904098 -776618779 -748237692 -738847126 -734553764 -717428072 -710813468 -693855600 -688735892 -685284916 -673777651 -666352964 -643380555 -632360415 -616504534 -606101428 -596175487 -594832333 -580274738 -574575935 -566211330 -552217889 -551949333 -493326152 -469577364 -456559254 -452536101 -450794248 -430866526 -428398193 -418143704 -390568161 -351116589 -333473475 -329696219 -327162445 -261034048 -252031774 -246183439 -244265081 -234230982 -231480100 -224180766 -219218951 -164291201 -143909789 -94950131 -3429033 6466197 30132169 48535531 72372585 98042577 111186485 136431813 153359250 171040451 171666172 181534200 198168461 227040695 249257524 288438544 381966812 385882179 387529000 392803227 406455622 423004606 458310554 458319987 491599930 498418820 500169571 561960715 573702220 602256385 630578239 673515021 724144601 756737105 779798853 824370156 846951283 853342137 854178968 865631829 890913185 911583990 919148715 953547014 981956551
100 -980229067 -966016857 -931174382 -926950402 -887379397 -868932306 -861396293 -860977741 -859433158 -844662298 -824057128 -814684925 -715052231 -710342010 -644086316 -622661968 -615373831 -584778875 -582718679 -549005234 -529362509 -519224148 -513585891 -497392110 -481596289 -466597961 -462952067 -461896070 -450376596 -434846566 -413683314 -412609101 -407270939 -369257861 -349493063 -343740868 -319363744 -315817881 -291681219 -228502213 -193269177 -191643787 -115377176 -106151071 -89930828 1922516 14877034 31973115 35643066 38598701 60478686 72280670 72543775 80285683 123637903 138336890 152490366 160273331 174941867 179134548 246745144 249034729 271531019 277719259 309040379 369637711 381517967 387182367 388879256 425101114 441285502 489975200 494000689 533358160 572973466 585765025 593637450 595710716 606176632 629349948 662600768 665440902 667427914 668994544 715804490 718944198 743235170 778230029 817306154 824668040 845365139 848386447 851687251 879275262 890984501 897716995 912133577 941145405 973979197 982146074
100 -996248850 -970646206 -941082492 -936463965 -925189338 -924251149 -915555902 -900300397 -894336474 -881699797 -880298357 -878898107 -870327364 -855953567 -821516015 -714472597 -700345297 -692330127 -672916433 -652690084 -645948625 -636836069 -623481660 -623114249 -608106720 -599254877 -598704730 -580591015 -579964860 -560858520 -541088073 -495954327 -449787811 -445999907 -418333642 -412492484 -341903030 -281927132 -268970241 -241540777 -194415001 -193138297 -173907213 -130345548 -85066370 -36767177 -26865247 -6317870 7059938 29551262 64135412 66480436 66753937 98864094 159297693 166368224 170354166 174616314 201705985 208632277 209639363 221444911 330732300 338487187 345527471 362268487 365985915 373999533 377284912 401085582 417974666 447746371 453753350 455025099 477975174 482241427 518172181 528252575 528377201 541776188 579675586 592561175 608474669 614373647 632466123 658729155 668433859 687257365 705980528 719877176 728721137 763359601 779710191 788304762 850837067 854138306 887580692 907283693 944992163 999181850
100 -996629182 -992018211 -982937240 -914023397 -884339006 -879138240 -872421127 -837212221 -825651432 -825005852 -802751433 -739477259 -735869033 -726233916 -714842689 -705908125 -662173958 -661956404 -606442036 -566484458 -529541498 -520926139 -482475288 -410199526 -403243405 -378445404 -349856251 -290214713 -286697212 -283837141 -263731408 -248756870 -245004628 -230606575 -207792062 -186622971 -134521479 -79909914 -78161166 -76763105 -74917449 -53658506 -14143459 1350424 30722868 40273105 52934362 68899571 70970112 111875782 129327307 144257079 154928819 163604718 197810377 219717462 233894112 240675755 244172722 246951528 271767171 286915359 288172111 305580428 322950672 343225078 358158258 366099557 366509930 404679764 429179275 462440347 500767114 535857492 540401773 574733774 575187115 601060631 623148839 648624998 654069066 677081967 711752230 726521059 732600579 743623984 744009377 785744129 796757802 801170164 818791580 820000931 837128171 858216988 866197253 875022983 897074419 907604116 914615365 994620201
100 -989945065 -977958552 -947895294 -907037555 -878069897 -831075162 -821759661 -795225100 -794933219 -777258409 -741099837 -703046355 -697092983 -655455590 -638050074 -619097688 -602209958 -584441687 -575933850 -552670584 -535422667 -524133706 -499787578 -494030637 -481451771 -472446830 -443750528 -399415617 -374018284 -372584008 -363770002 -361071272 -341628532 -341433121 -332376673 -302088418 -284511113 -282083785 -269097138 -260801496 -255021705 -251780545 -238393021 -234568968 -216331910 -193665332 -168806388 -168360371 -163765171 -156577895 -152298079 -142177092 -114400897 -113465168 44827273 59974678 85457274 150291966 167535115 189267332 206815279 227401167 235513458 248525414 278993003 280911828 283060830 284344980 322436525 353175971 372828967 395965823 409005886 450157468 451382964 453585263 458066881 491730086 497120184 499064131 501668155 527329629 537245165 567582976 577912175 578806809 608714790 672367654 698915160 719116846 758681002 812329606 819908733 843480982 855739207 923629219 941958439 961037864 984443233 992737681
100 -937771893 -923872837 -899484441 -891481552 -878825281 -869538818 -863713681 -846696817 -822751303 -792823829 -789772238 -778279651 -774848537 -771715956 -770854909 -684212595 -681842403 -650649286 -643364117 -629437684 -627919449 -619699007 -600546717 -599536745 -596799224 -587901650 -578219094 -573939792 -571565731 -565753060 -561288952 -560488030 -524696229 -515646062 -513435677 -473542531 -435922008 -412032021 -365394746 -355251809 -354388915 -261728059 -248054939 -231870181 -201896526 -169376496 -151980513 -114641317 -105413706 -82877876 -82331893 -66399557 -55629420 -30167376 -3641703 20111439 20324355 31121172 46634484 77852510 97880985 114623297 192944333 211092750 221793366 228424571 252083336 278639061 321840022 327799121 328818379 358432810 386734107 408269663 442767084 468085486 514536984 520161239 524827314 541474933 541808240 551182964 585834323 599819969 628168213 636057011 657904932 700276710 701904983 786747392 811290336 857476041 863558980 900782466 902786966 919424116 942133262 964749854 977441167 985605496