250
200 -994718082 -992802679 -985330244 -975515205 -967474559 -966007205 -961455242 -952995327 -947661915 -946189158 -937510404 -931153848 -927292798 -926005871 -918046082 -903203432 -899586106 -898120659 -875688866 -875090183 -872562430 -861860640 -856364799 -816188627 -812767054 -804763713 -773172469 -767526927 -767022827 -762288804 -756740556 -756392080 -754140649 -745203815 -725905835 -714908713 -710023957 -709520715 -707928372 -699200504 -673069313 -668518045 -652089822 -648191629 -648141606 -628216582 -615529934 -612714897 -610317579 -607500524 -578455183 -577968076 -564614820 -555561509 -552752953 -500553919 -480627843 -473323757 -458551997 -399569015 -377793450 -375057408 -372737837 -371984909 -333297930 -326058908 -325386764 -323348556 -313682140 -305283491 -304004369 -303057102 -298927594 -295197162 -277457367 -266540070 -256247011 -255332861 -241368850 -188282302 -175929081 -174434528 -167388069 -165252669 -162025760 -158349724 -155583395 -137499965 -100102021 -97781745 -80939497 -71072150 -56769639 -55089562 -55038578 -51494468 -44402520 -40864121 -21243287 -16972636 -6817883 1609864 61692690 66704145 81064192 112150159 153445633 163591739 166173920 169571110 172010942 186796255 198996679 203627013 206265703 206537225 232211060 261072076 280547425 299794095 303459049 312821789 314139592 320558772 324012602 328675075 345278311 346625964 365993446 380919113 386108152 396095322 398064572 409569395 422134976 429912917 429949123 441845056 449239965 451237571 451631882 454058866 454078218 467030208 467977044 468735908 490965007 506284013 513455754 519878568 538066205 562192517 585806161 590543103 594100474 595416772 612488377 617602238 621300429 629747407 630286608 634829337 653529179 660299656 663346928 667311270 710565907 724253902 733773642 734993055 747245243 747465902 760553322 762923554 779404286 787924162 796507331 804105117 815856228 830990902 839353621 847097515 848869640 851273688 852643098 864113110 864522805 865633405 866889392 869355875 893927827 904952648 954409630 956601947 956899824 971904535 975050414 984834454 987086173 997028444
200 -983232173 -951555505 -949631364 -926590246 -912070648 -910780021 -897582643 -886017559 -877137139 -870263482 -860180294 -855637096 -851175628 -831358780 -808193342 -807854125 -807751954 -806989214 -791841186 -787333973 -764690743 -715740519 -709881897 -699884404 -698301863 -697709921 -694467822 -694048855 -670873658 -667215626 -660610661 -646888626 -640072548 -617805223 -616286053 -607163999 -594574561 -588999141 -588614896 -570742131 -564083290 -535607410 -527001591 -524190480 -490208347 -476478084 -473700668 -468075952 -466827141 -464415506 -460881675 -442304950 -395373986 -355097911 -345241426 -336913451 -335865174 -328549434 -324105351 -321424209 -317489883 -317385085 -316022995 -305352035 -299789960 -287342631 -272127633 -268969793 -255684447 -255123370 -253337172 -247262635 -244349040 -242212239 -221473932 -210181714 -184821745 -182152964 -166241398 -165027262 -159587671 -152748456 -119987281 -118915796 -101686729 -89924477 -78380881 -72733287 -67726807 -66056196 -65999876 -65152002 -63889700 -58682111 -56481417 -55513341 -53567263 -52146194 -31373046 -28340129 -27937479 -24349423 -19583590 -11066569 11064393 11965067 23104214 24181775 32729155 43860272 81557259 82205691 100378741 106864906 109075078 109923388 111850106 124904567 129610458 168922024 177248882 178751656 196529777 205051411 214814270 271031839 294928116 312051774 312587752 326398555 345352376 345644803 350433660 369382733 411530004 418005836 418309356 419209282 419644382 432704607 436046476 436106853 449234471 457118791 463602243 501668775 503642936 511819881 513295094 521198108 540175970 543241265 554928559 567812230 582386784 583691311 591438146 616897645 622619115 647121873 647894969 648707216 654005026 657713515 677672198 678746624 679737568 684876100 696584709 728105049 728511300 746710283 752182541 774275292 776908474 792439097 793678680 798501042 799193578 804560041 806299870 819228268 825667916 827990266 834269659 837128999 844523456 865444005 880867026 890172788 902520093 908040497 913082184 919559907 932201597 941431334 967461220 973158804 974880074 996838629
200 -989595422 -963081449 -956872943 -955509252 -953929078 -945857084 -926824791 -924935698 -918608742 -899107201 -889050720 -870478978 -858073218 -849519273 -807722723 -771357365 -766581858 -762168663 -754365535 -733979573 -723213457 -721462887 -714034681 -689127802 -681964096 -672608904 -668912569 -665087423 -664383558 -647051402 -642124827 -632291641 -632246919 -630437957 -624043723 -612335192 -611689664 -595014734 -594826205 -594079050 -587648555 -566122181 -558152311 -544484067 -509704852 -504875035 -490137648 -489902423 -487064667 -485839147 -464775764 -457089199 -453104059 -449985393 -441826723 -435897146 -425456949 -417532009 -398119727 -394837329 -386306758 -379723403 -348598292 -343448657 -333964394 -313827184 -312383065 -297382486 -297173925 -297079356 -284112423 -281698925 -262215891 -244453874 -244228799 -240909601 -239578587 -223674065 -217059127 -198129097 -191164162 -187611270 -178067594 -163378135 -160601926 -159620779 -157419329 -147187663 -141468316 -133854499 -86754982 -67130692 -63633393 -49781070 -34105082 -26955339 -24425373 -18084946 -15669055 -12675838 -11940595 14635914 14660188 20009296 21811506 27359034 40296796 41230595 43273907 45889045 51087782 53188478 56433278 77203891 85419266 93570034 100010744 135371370 148892358 187540161 206727394 211383032 239720471 263893525 264573538 267478335 277483039 302783986 322964983 327724987 330925411 347141397 350652705 360883059 376731605 386358190 392422777 396816273 405988969 412724400 420178317 440545624 454188492 454302850 461242381 470859623 487115293 487279544 497124505 514527687 528907101 556318813 557042335 560123618 571749897 572689825 575906057 576770266 595819317 596502800 597977443 599754500 610719733 616361382 618560691 625877341 628007190 638355071 650170773 657876952 665643532 671978340 682424002 702902771 709085585 740686089 751315620 755567800 762175722 763603373 769651129 779954999 798103332 817340639 832668267 843736105 843811297 864440345 874289113 883831250 890633178 918392224 922446363 927038248 943955470 957255452 958157669 960294503 964263480 986900505
200 -996928862 -959440618 -942870255 -937185018 -913686495 -898577155 -894824958 -893553323 -883506327 -876783134 -873775377 -860618540 -854111593 -841305717 -835334974 -831155313 -828569711 -826508510 -812043337 -800658474 -800272535 -788119100 -773537742 -773018618 -763993262 -763869975 -755663575 -736361926 -732890523 -731539517 -691935348 -691262208 -687728602 -685847758 -678360982 -671509483 -669382152 -664651026 -658518815 -649638135 -623848423 -609142624 -607808201 -603984265 -579252265 -567383517 -546449632 -544345269 -542128067 -540363991 -537803449 -532088507 -519669571 -518986639 -504914505 -490953306 -481068220 -475867161 -461288060 -459684803 -458739989 -436147243 -430773766 -421107533 -415746845 -406154095 -402850324 -400098382 -393909908 -390734242 -389290956 -385284948 -359219655 -352234695 -345812144 -341729349 -326837559 -323219778 -316326426 -311755154 -301625701 -256441804 -242078770 -232552222 -229489980 -226985209 -193828537 -192644405 -182170414 -176654420 -164696784 -164366325 -133807103 -111576996 -82772215 -80802282 -72153925 -59097273 -53588390 -41044151 -34824031 -24697859 -804849 1334311 3594340 4482877 18849965 25686250 29140314 35011002 35352439 44434833 47671235 53160032 53915667 58682022 60307363 60588503 71527043 75791591 92864122 111582427 113048688 115962464 118046571 132627456 134528676 146228429 155920414 171855100 173092819 174407709 183266172 198857208 237138701 237391212 241212796 241516113 243490352 280925655 313179881 313894930 317612869 324629506 329090731 330567910 337762960 356633476 362023402 380774391 402601280 408750019 418389100 418685108 420709450 440703880 450853095 454734351 465384394 469119771 485342357 510071550 530851207 538273299 548648826 551863621 552335962 564171363 577685562 587281777 613855858 668018789 683609332 692096081 697032086 698307932 700655155 701029754 726053499 760966764 780542744 780991150 803812355 804059162 811745457 818826174 818961018 819146997 867961766 871809813 918851809 924695771 933386836 954121417 968542965 970482213 972427277 986290786 988615663 998482060
200 -992496910 -992218518 -982548805 -972322097 -969557181 -962998988 -951123173 -927897130 -926870006 -924431745 -911530103 -907801905 -893132292 -856498393 -848556367 -844737703 -824890108 -815471907 -812353793 -780633707 -774034316 -768726556 -765087680 -762719191 -758596347 -757099887 -755582638 -741928448 -741643703 -721433490 -697820200 -695672586 -688724320 -681607021 -654601655 -650605744 -634832236 -627693702 -623512499 -622961901 -622554112 -617245842 -607437673 -597817621 -574415429 -572352401 -565906993 -563216698 -548538984 -537192891 -516164396 -505043840 -492909220 -490472239 -477352232 -474781410 -462865579 -446203220 -429741863 -403984954 -402826337 -393865149 -384526520 -372810332 -346953856 -346909032 -344815287 -339731107 -338118312 -333193449 -324581583 -314945356 -283491262 -279583397 -269195071 -269166531 -223689362 -215650429 -195755076 -188974545 -171345595 -157291551 -156957554 -154141564 -151993470 -151109059 -138597726 -123141014 -121763998 -117810086 -114993107 -113322542 -108943547 -99269177 -96991556 -77451264 -71731084 -42480806 -23635069 -16562735 -10566783 -457147 -250943 1767631 2191193 15781109 19103395 22548251 46763861 47048822 52849394 58975843 84480401 85570334 86441793 108277153 112979949 122244303 151204974 189542454 201142972 207100377 223727088 234512246 245461807 252720062 267821489 287806551 319216036 334669562 362416030 369120491 372544987 408179428 420907208 421605220 432640975 440447360 446667705 455600585 459122623 475722530 476897956 478317716 485420961 493919127 501228217 501359752 519818637 523623220 528039647 554106496 556046530 569570832 584869410 590311755 615639134 622213831 642899884 656492541 656742004 657530357 661452618 666692222 667573045 668577817 672264188 679303514 694287067 704604931 708021943 721460717 722457754 726703721 734095846 735571856 739624479 753239696 761950126 762081571 792311876 800923239 801926876 821699749 844239019 846644029 870413964 883700697 888212697 900316470 901301828 915895313 920188660 937231753 938527370 944538772 952261292 971374521 987445451 997962122
200 -998170703 -994073383 -972406813 -964136479 -937811536 -933357664 -931979782 -926304478 -920876644 -884052723 -868583716 -863886901 -857542124 -849799987 -847314920 -838850292 -830209808 -828072447 -827302344 -826158842 -813790308 -809312200 -807910158 -795382024 -788456215 -785688277 -784798938 -778732935 -772456487 -740634602 -721638906 -720780696 -719795300 -704777397 -702822513 -695351444 -690010984 -689001450 -679884775 -667722561 -643333955 -642276841 -638792174 -633977437 -630718557 -616226473 -603327994 -559666670 -541321682 -538429931 -530243210 -523938697 -511689884 -492183866 -480698144 -479115267 -446238859 -443971788 -427254593 -422630121 -414466578 -412285005 -392392879 -392029465 -387734983 -369214631 -349201392 -335757058 -324851953 -316645223 -276092426 -271066260 -266453845 -253134116 -246910266 -223052354 -188864449 -172649578 -151712647 -143768024 -143385580 -138895304 -135161256 -116024395 -104018694 -99026442 -95376205 -91134194 -62993796 -39348431 -39347162 -36623282 -13888901 -9798692 -1874680 2566855 6758569 10512531 12264991 20365799 29525256 30447474 38448238 41548055 57624628 60177265 75850138 80408456 91827941 91974122 95796171 98218611 105188506 142979570 156064103 171019003 173325397 220573531 220841920 224205848 244166801 265301207 268983337 287270709 298095727 298650099 304004196 307878339 313632562 317658905 318536374 326813027 328628075 330353677 333810478 355002960 363266730 384938255 400790268 415501455 420171036 437314860 441416625 441996163 451655880 462784783 467347793 494106271 495598904 509351230 512271079 527499945 532531552 538397668 555336304 560075029 581470005 590185407 657568414 658743056 673466390 689913173 699419641 711383467 715283884 730587816 731397600 735652980 742124380 760775523 765089951 784591168 796290292 804100498 814997972 826267599 826444647 838620557 839033986 842924963 849331278 857927102 866208863 866312432 883486637 904666577 905726772 908628178 912127635 916117366 923716409 933381605 940070996 954795825 975990921 978322816 985998613 991054904 996797519 999176940
200 -987159657 -975888760 -971368346 -959275699 -954180116 -947335536 -889310856 -880872756 -877749803 -865776475 -844069650 -839175824 -836422437 -831523235 -827120862 -809050716 -797652333 -783987032 -783844557 -772239282 -757136078 -752858826 -747925425 -728590329 -721620937 -701391548 -694895661 -692556576 -686890409 -672896404 -659802403 -648118079 -622301599 -603082010 -601903833 -598186258 -569314902 -566197492 -560033729 -533958162 -498887637 -498334186 -498004635 -493942862 -480160932 -477538655 -460860607 -460181927 -448206512 -443515788 -434345930 -426911100 -401111394 -395042110 -392152861 -390607694 -370770708 -335016110 -324783680 -315277609 -308862877 -273319561 -272814459 -269352520 -268799315 -264336847 -253991897 -252992604 -237364111 -236769842 -231414543 -209324485 -204236899 -195382470 -195058703 -168987261 -150504370 -144799679 -116527033 -111194145 -108525936 -99752281 -86189824 -83178666 -81011619 -80180135 -72911152 -51266687 -40905831 -34177628 -21185502 -17039912 -5668202 -4887135 16525257 19190463 22308801 38817290 42497835 46585769 50890506 69423758 70026516 71287251 79557067 96461990 105344983 113085371 125180953 136193523 139915019 140468932 141216377 150704278 152929732 153961708 164783305 189645100 203210455 211575133 211614323 231068403 234366985 245340404 254243279 255724997 264152807 269865738 287631951 301702217 306315197 311254814 321543026 354243028 360406112 362008182 384057132 386433796 410466014 418256249 419634681 420167457 422496287 433897491 445849497 453115670 492980750 503843124 510658171 514724297 526093242 541223663 547488506 552480739 554012766 584974259 599581445 602804249 603317899 605278364 613507405 625568798 633521110 635401331 639820307 646618214 648816624 659354948 659889053 663032418 694172182 696902224 701225469 713154063 714928573 716210517 718310252 718610930 722971802 742212466 746684433 768885839 775718709 799558012 809116626 814786605 816316044 820575014 865130716 881590933 885279808 909925101 912765862 920311357 932708846 974132987 977623469 978448097 984183549 996492237
200 -994211839 -992207876 -991740472 -976254673 -972846549 -957154549 -955090593 -948887790 -947307669 -946429229 -923388076 -919816675 -916165709 -913414145 -909789037 -893958638 -892696600 -892083883 -872867371 -859042934 -851040693 -849921123 -842692641 -841671469 -839373222 -828913726 -820610701 -811405269 -798795433 -786096001 -777037388 -771645581 -750967819 -750408299 -740689797 -732576577 -717166283 -703716505 -671342121 -669804573 -665347191 -646791996 -645712871 -639937551 -638684944 -634363222 -622854895 -620844994 -615452736 -605356719 -600482745 -592411442 -586868340 -567307607 -556962708 -552783196 -545081943 -540404191 -537300303 -535566069 -517200401 -516496341 -510381921 -499687302 -498253803 -494067942 -487191244 -465036489 -446242756 -432413997 -418812131 -416323895 -414225422 -392515937 -386918523 -384018772 -368835378 -364298754 -328277142 -327644932 -327150400 -321188330 -302331643 -271138484 -264606668 -244263236 -223704136 -219556065 -198475768 -190172612 -156622114 -129945522 -125920068 -123133851 -111055725 -106445433 -99356101 -98856990 -89872162 -86448760 -71601437 -41053247 -37930622 -34763906 8459100 19258042 23998051 24089900 25295956 39055278 67018859 84423998 97241181 119017661 150844434 160145103 164728447 226760992 230739503 234992015 238082422 242838001 243992854 252486506 260006984 268102459 278803242 280459372 280473639 296330812 301196555 303703148 333382016 338025160 339789580 351398018 371241392 378315506 382798842 387274172 400453443 412797915 413786184 416115570 440004873 452653112 469887788 473379938 485830206 498589184 509455694 512893618 540802454 548824374 561478456 561708605 564406267 583855167 585841056 592945275 601230202 631411635 636585737 642406627 655578989 656883273 660043806 672306246 687959232 705053492 708246964 712821505 728977375 731182433 746045572 753245463 755222273 773731824 778132027 780969437 787767445 791433175 793123110 793908553 796729737 806195908 817837647 820820100 821753884 822620985 847217859 861871421 930158942 937578432 942058504 945589731 947281060 968940117 976207347 986032390
200 -996239199 -971481515 -956256414 -914563148 -914344945 -911279527 -897025547 -896908885 -867167953 -864728421 -863040978 -845053273 -838525246 -834727234 -820097765 -811997715 -807082167 -799275819 -798347219 -781945766 -744610595 -730849579 -721619152 -711479735 -709892315 -687655315 -684652851 -682516708 -677384020 -649836652 -648437357 -628620647 -624713143 -622538001 -605326244 -578398266 -574762301 -573344940 -551561304 -541754357 -524794464 -523918947 -517046232 -509477068 -506378976 -497719592 -493666221 -491803312 -490319801 -479900956 -463588333 -461982235 -458790872 -456747033 -443081532 -396727716 -393089856 -381793846 -377340859 -325639979 -313591280 -309686183 -304606146 -296959021 -290452847 -281659201 -278854265 -270426273 -268655053 -261205664 -258606577 -257057685 -251508107 -239373394 -225442655 -175279941 -171584736 -134925207 -134519233 -123290630 -118628475 -107748001 -103072555 -88396856 -85931813 -75200444 -35411954 -18916437 -10905343 -1838529 4261108 7588137 28867728 29617944 30836649 57641538 65086258 76951127 80694317 81043788 81898706 84050465 86144813 103364863 106292008 106855015 107500020 118536557 130987424 146879934 147573062 151570553 155671766 165429236 181725524 199924535 219451857 222937585 244624354 246091506 247643134 263495231 282819946 285010611 299977517 303409264 305796270 311937721 324999329 338495179 360711723 362248604 375130333 379910956 389095577 409331133 410816084 411613999 421572863 423760745 425010687 433323204 444217114 446111101 454832514 467022389 469347746 475233978 477236430 489355477 494106679 497505319 509067850 512734375 541150046 545069637 547984660 551228476 557601995 563441300 571487037 574978231 583208944 598155042 619076746 620919826 639848683 659204658 669086721 679293576 680173336 681906331 688100050 701372620 735356254 752044181 752356120 752866424 768754944 778574222 800507927 814430297 838179909 875500042 876979345 886375521 906295696 908344753 912092380 936776791 950511393 950977583 957396689 961198077 966918874 970633025 983316647 987898990 989827888 990705164
200 -970898182 -966780904 -963086615 -956818483 -953630481 -930033363 -926455697 -919792020 -916374350 -914821149 -911215787 -888594286 -847415289 -842896435 -837454391 -836012074 -822005088 -816577234 -807898661 -801212790 -773433811 -769084382 -768679421 -765779609 -756498688 -753889959 -750001852 -731313580 -724862032 -717217905 -702908565 -679068851 -660040139 -649862392 -644660017 -635137457 -631376562 -626099686 -615657224 -599690969 -597586213 -593223559 -590687242 -587151392 -571878308 -560339057 -547941926 -545831865 -545730689 -542377824 -539689568 -536995520 -536252592 -535557110 -498965606 -495780632 -490209193 -460660402 -436628500 -412508268 -412410127 -408138773 -400848659 -394502769 -392084386 -385987179 -379948456 -371163276 -357847101 -354386432 -341408525 -334454983 -334121181 -330731977 -295657403 -294578878 -294549875 -287438676 -281101899 -277116532 -275386066 -270372354 -268418395 -238366491 -222952317 -208351188 -204655827 -197291959 -191731233 -191685297 -190539664 -184196355 -183975895 -176801195 -161804561 -158213144 -96618143 -89308012 -70288370 -57915694 -2975867 6717436 19143067 55317120 56426316 56506783 72521847 86468321 88266038 109006705 109329857 122655776 146414011 153315386 163234178 166625319 184513327 196129117 199578814 202738725 204055223 210055940 215981223 230698514 238315072 241460987 241798039 250752919 251022402 257867010 272994380 273723140 292417580 301429506 329984997 345500328 363174445 380512410 384737929 387978327 397264725 434495110 463396665 492874677 498397921 498910055 499163938 508041605 517253147 518083585 545564039 566628026 568778210 568932359 572713326 575446135 596608750 607261221 626284456 629294740 633672181 641766417 665435630 699137740 715062404 716809842 730206472 733883963 763144309 772367269 776899374 791615888 800331286 804393519 819777025 858892444 860933904 864268527 867485259 870313812 879519158 879681567 882810910 884905562 886500549 894054834 901688238 905448863 913120651 914945293 919329440 921065383 927165568 929062455 936547330 943311078 952451284 987203559 993137079 996243319
200 -994496691 -968402217 -967285561 -957315757 -951933643 -948446720 -921681407 -921493688 -909791716 -894211806 -891854136 -875222672 -863576294 -851499599 -851346186 -844222589 -838700841 -792902095 -788480383 -780914337 -771809605 -766591725 -763547322 -753197469 -752506465 -727749083 -726720196 -723683120 -720048132 -709433835 -706367518 -688041809 -686002628 -683561176 -680315615 -668405302 -653920354 -623160395 -603863196 -529985250 -514134740 -512407280 -498301972 -498240547 -489642215 -487937977 -469106879 -463529702 -434136339 -423731627 -420864388 -420572938 -417694463 -416156029 -413524124 -413314967 -396877839 -391366166 -384894554 -381221585 -350174529 -333344216 -332831784 -311053527 -301957609 -299100456 -284268397 -272133250 -240367016 -240104956 -237125372 -225602125 -225418220 -220334741 -211996903 -204456628 -152140557 -144114956 -135790736 -134384922 -119535689 -109732663 -101013115 -99874706 -85285657 -79074691 -72563180 -70451939 -57941305 -57770172 -56656204 -55877002 -53926905 -48727938 -48389952 -48273239 -43486227 -10195922 -5663182 -5548251 49161 1074113 6406181 12583009 15568108 25872334 31975175 34130011 41219873 42220931 49075631 52953613 65613590 82503875 115998741 123646864 152574196 157121502 172016414 177875269 184402595 190447879 196594458 200212154 234257959 254975199 257079783 257977990 265138620 276409858 286549250 306801425 316350243 321084735 322700543 322789114 332992326 362490175 374216570 374947913 385585473 389355399 404663661 415745220 416529736 426889051 434078892 444395455 454149936 456492182 464666027 469043453 471518031 480778251 490522616 519095836 561638975 587019761 612161429 615080086 620031845 622419588 632384829 634806709 639600133 640994395 658684605 679242102 702156003 706726741 729484302 746471106 750978540 753446525 758498241 771487192 789919666 790499954 805289325 815443721 826928841 828754025 828819865 829967830 835930154 839174177 849112024 870527582 879891401 885516244 921044835 925348922 931647035 957942222 964711229 967889293 976000072 978568666 988150505 995345430
200 -993465244 -971837422 -954975401 -950337703 -929675266 -924748666 -909372685 -907023977 -891549945 -889282673 -870122260 -860021175 -844520009 -840601371 -807857153 -805430702 -805235146 -805197753 -768963804 -753135652 -749006274 -724164019 -718012610 -706616467 -698151940 -695272302 -688412554 -688132780 -674274962 -625933531 -615072735 -607963016 -604085611 -561250306 -559018925 -552008326 -527351574 -519590244 -517974204 -513226227 -510061579 -508716106 -504125499 -466906072 -459850113 -429527146 -421365569 -386338148 -380777415 -367627796 -366100623 -338946240 -326570191 -319093886 -304841024 -296772901 -293962082 -292806791 -279620631 -268575751 -257348684 -256506982 -253321210 -252426458 -244972805 -244199386 -243172459 -237733969 -233637440 -221701441 -210131543 -205977800 -205711302 -188347177 -162530316 -141553032 -137033283 -130593952 -124423007 -106395520 -96596802 -84661158 -79902849 -79547013 -76325208 -55347944 -46726037 -20407565 -16930798 1113961 5126579 5166115 11562683 14413383 23725494 40016268 44766942 52584628 53503034 71237465 72470587 80120510 81319641 85714865 90942403 117831388 130209046 160101398 166784540 172448179 174783001 177470228 188730166 191573948 192057985 192980373 198610895 204652248 211872944 212926407 214102307 217930515 238259059 253903730 257573931 271623279 279743393 284097254 293275995 294058175 334335155 342764516 379860499 392567332 396200829 412404895 417526108 423749039 433889769 434186983 440356937 440960826 468458428 494325911 506163729 506783208 508280150 515164126 523311654 525854473 536957122 541527893 543754263 550184891 559384735 563469998 569429215 577563049 581489706 604561646 611380634 619319349 659965701 677964455 679691954 717428529 725645580 750666234 761142005 764633404 764697840 765586733 774196087 777698050 786590600 794128995 794806510 810030723 816732313 820531256 825724411 847411589 850019286 850378257 855833823 858269248 858834994 859180810 867170421 867409397 885046070 897285238 898028211 901134971 902851423 903096035 942569354 946858510 953636153 988270421
200 -997059063 -992277225 -988149589 -974374153 -967014763 -957243120 -939675055 -900896949 -897350512 -897250331 -863034632 -859730641 -859251213 -854408349 -845234518 -839905911 -836176324 -829089823 -823030586 -815426705 -794445638 -790813490 -790498159 -768735760 -738214998 -733458880 -722649562 -718886403 -711756888 -704219777 -701916406 -698536850 -683672533 -667780874 -651200527 -650581702 -623163158 -595545963 -594596911 -585305573 -565206614 -561852760 -541850658 -517465053 -511872996 -510565403 -501451704 -500755179 -496013448 -490219847 -457807176 -455391865 -455028692 -451304626 -435272066 -429372489 -420539851 -413861646 -402676439 -379418560 -378311432 -361756058 -342310379 -322958477 -320338838 -317737893 -295982856 -294055244 -273485095 -273105155 -260941026 -241319433 -241305237 -239503934 -224829946 -203860527 -194054811 -191604281 -190754674 -186233636 -163472615 -155571963 -150896211 -147639382 -144449544 -144098228 -121650095 -110388074 -96485635 -75944555 -72953426 -63497806 -55766777 -41923233 -33621668 -33542462 -25308154 -7614132 -2938014 -2711071 14216399 16379258 17795965 25366452 25877476 32600476 33109292 48013236 55633118 65602439 65906982 78328253 90167006 100728265 118611114 127689309 130584488 132954348 147079502 148996343 173633308 177121189 180280515 182312980 183300580 198370467 207654399 209603316 228617963 271245604 271809478 275012527 277021960 284815355 285955471 298332394 299046581 309970541 311804304 315461900 335620802 377953232 390230169 392424550 398352469 401340040 410407423 422143919 424475725 438967284 448249570 455388030 463973522 525464951 525950385 542421717 544613866 554901964 565396885 578465664 584532238 606215655 610976608 611340586 639764062 661445518 670269541 676274828 679951760 706097718 715112741 718508132 723935722 737810359 738474036 738560669 757450153 764054260 768670842 790601227 795878803 818394698 824610582 847590053 849209684 852180505 856730359 865557335 875631825 876253899 893794591 922996226 936414868 937111602 944855141 957209320 967339670 968073013 981780417 999773300
200 -997085086 -983089985 -968750443 -943032292 -935258209 -928708439 -921390571 -913053043 -909886492 -903160889 -902692785 -895498711 -885562170 -881742712 -869733624 -855418975 -852177740 -832197641 -810076069 -807244583 -802775521 -794288572 -774884737 -753916735 -740639898 -740048800 -723320153 -711940574 -699087663 -685687731 -670167116 -654867491 -645383010 -613816327 -607531473 -602788732 -591496270 -576106221 -575462226 -539984893 -536006039 -523447238 -519363385 -509324505 -501679550 -495370773 -493654110 -486535996 -485182489 -481365376 -479358574 -478815302 -462924251 -455446971 -447809841 -442709426 -442520182 -420144849 -405006583 -388725060 -388613735 -378965827 -374561681 -372458360 -347774357 -346493523 -337955238 -334702199 -334182690 -319838436 -296928805 -295378440 -292736189 -281562826 -275473340 -274640397 -271670367 -268507376 -257467675 -248134900 -238404762 -235963646 -230791904 -219674406 -216964281 -203009430 -201052131 -176698395 -172811617 -161193010 -156738209 -152769817 -143513653 -119886000 -109693764 -106344324 -87363572 -75279568 -67001138 -62869944 -44128615 -38172053 -38145397 -23686805 -14464507 -12964204 -1099009 24718936 42008797 43058650 49458109 61337658 67390558 84837056 91258367 96452737 97333459 103325676 109058980 113895488 118879058 124935986 131180480 140861828 143162542 167395893 181468211 208289852 216799639 223921549 230503380 230706243 232929412 242060510 244134535 257251777 265052505 323341742 330273487 335055953 336289861 342158502 349076612 353456186 358038824 378761544 399193368 413199311 421975365 431170999 435720077 464963027 470189885 479964016 500411275 504839310 532728792 540165433 551541700 576908567 580451665 598483942 606571310 610247456 635526045 638594801 639577763 652982746 663385799 669017812 674060579 685151081 693198437 696916187 698146150 702875394 724071219 739009502 751083318 764852152 770356136 771096273 773563756 780316116 798410226 798949447 845374352 857654846 868182071 870885706 881716902 893815701 901253401 904387994 919290725 932433514 980818999 989467553 994146269 998848080
200 -998107282 -993358574 -984669393 -944407653 -943174806 -926892849 -902487234 -872862285 -865448441 -865010571 -855936384 -846412213 -839276592 -838882198 -834045441 -828464083 -822005476 -821835371 -819477690 -796143168 -784549818 -776838834 -771727749 -770393301 -762428041 -743925892 -738662370 -737220662 -729954814 -695304643 -688072236 -678539532 -645905461 -638526639 -614492579 -567691719 -567647028 -562102392 -559137916 -557303294 -538495325 -532993275 -532333680 -527988996 -520769172 -517090089 -515544315 -515394791 -491110479 -482761650 -471224000 -454853235 -438443871 -417210384 -413100121 -392504688 -383986332 -371239993 -361603103 -343596169 -342641844 -340059861 -332364917 -325967956 -298386428 -296965204 -291828231 -291521892 -288260185 -281413761 -274074990 -235783600 -230422563 -227152330 -223569691 -218697547 -184284826 -181076051 -172626121 -169843596 -167893590 -166433169 -159363422 -158978722 -155037122 -148242651 -147302153 -146732053 -131288854 -128736196 -88572766 -87813583 -61180271 -53107216 -51751135 -47147368 -42146363 -39822207 -28392576 -28271478 -25137080 -23652019 -18097616 -14114998 -13452952 -9409450 -239879 1746929 3297130 5267363 15679298 18635664 23611785 42868374 46717896 67270876 73809163 74685466 76030540 85384647 97325163 101835110 108418437 117433295 121779136 152440858 158949635 161179714 166165269 180137233 186611970 188263566 191697195 199882074 204001142 215252260 216671204 244970268 251501677 256815996 258265135 263353850 300938685 325327515 347182242 347250814 368579642 374657014 404744724 422563865 474690018 513459611 520784374 526183645 527530184 530582390 538301243 538983508 552783020 556671664 574262345 596617388 599060960 603483315 605202994 607895770 607907339 623401643 627519871 644372537 667013949 668755965 674615090 676402537 683855934 687638222 708986333 717609976 721045200 761050939 761558424 770319915 773472333 789374646 792928626 799170714 803745146 825325083 839707585 849129583 854297820 882717394 888345016 899027842 903984515 911907564 921265750 935367986 961631666 975914211
200 -991211521 -990577031 -982273786 -974345604 -954387038 -940802685 -928889994 -926392536 -918748427 -900045892 -896374986 -875745215 -848808759 -832044522 -830238213 -828978835 -817294019 -783495490 -778477820 -778262569 -776333321 -763164761 -758380201 -750703636 -695389757 -695292079 -666160248 -654698720 -634198848 -622897279 -609874560 -602748954 -585744190 -571148498 -570669338 -544737864 -533558081 -531479118 -527569052 -508499733 -490615637 -483758633 -476217089 -472403599 -469617214 -468179617 -458299294 -445768298 -439401318 -438149950 -432270141 -427476678 -417654154 -383967997 -382582197 -379318770 -369982298 -358905018 -352016269 -336466471 -335615605 -328883525 -296783010 -296776155 -284038608 -277850857 -273760986 -263019562 -261300532 -255323466 -211789711 -191741875 -186750604 -167985224 -143592203 -139608556 -130126247 -129393681 -123153500 -114365656 -104671942 -92766595 -87311046 -72028996 -66464394 -65399825 -49858480 -47686597 -41194547 -38125773 -18344878 -17240643 6622553 9005092 9079355 9223275 19028358 28736480 39702598 40944843 41694816 55268716 58755084 75484355 76983611 106931348 158502748 158988065 160519680 164385917 176015332 181679659 197046136 231034090 240387898 241314720 256385246 273277215 286589279 289219680 317974002 327831998 336501428 337615514 346332568 349366199 360529637 363760321 366559439 381736015 390823891 418291694 432137449 440567953 461059666 461395875 492566160 500659284 521538751 534620308 535228219 542447306 549300299 564451440 569007075 570025026 570659716 572889163 577411524 587108474 587828406 592919952 610323374 619700956 637342783 655278764 668373801 675676352 677785158 706904651 708915849 711805628 711836524 715770485 716374130 717348593 731040266 736679015 743111648 757613833 758628493 763977572 767610742 815614152 830354973 832119983 832351110 836500353 836754988 857387252 867839553 868541500 874386115 875432883 878952691 885738745 891759704 906446936 923134775 937737521 941693638 945906096 949164339 954969550 958796417 961069742 967695569 976689180 988063765 990720522
200 -978214233 -966904703 -959814134 -956129639 -944140057 -940766453 -936549968 -934578194 -933443683 -928918380 -922252161 -906873771 -894254491 -865641165 -860417904 -856467847 -821174118 -817101365 -816030398 -814528961 -813955353 -810412761 -795626315 -781807342 -769926678 -765823143 -754041241 -747737169 -746206550 -742982752 -742553642 -736951251 -726721244 -718459062 -715356669 -690305046 -688350868 -665004394 -647679360 -638918516 -635551386 -629250018 -627115145 -622394426 -613772808 -607341104 -601562068 -598480698 -587050548 -582641479 -582306098 -576453396 -550759479 -542546807 -533275137 -531049883 -523424993 -513184430 -479846892 -474433866 -464085240 -459385947 -436238019 -433290792 -432467286 -418444324 -417427555 -387362677 -385535876 -380697220 -370332485 -370087864 -368926526 -366087097 -341927444 -341786931 -319089223 -311546616 -310646961 -291662930 -291588832 -287380483 -264916821 -264726361 -259701617 -236802155 -220055311 -205276568 -204780097 -200872500 -196150262 -188855433 -169313178 -161661148 -159301837 -154880776 -147732622 -137328561 -125720677 -91604397 -81470569 -70996060 -69904944 -44031020 -35972651 -12427604 8185561 48658774 65498219 69312769 72537543 79153118 84465591 89731445 90302016 94937805 95879953 106262051 117361196 117431121 119111337 126605256 126808292 129031034 139592121 142094232 169403362 174487135 217619019 240936523 241047165 251834626 253859288 258390920 285439790 294669338 296262758 304307116 304329767 311019402 313487458 322744520 324395639 333126258 346290341 351299565 367892078 374574409 379243328 381859414 386748527 393486515 407852937 447783007 460336690 465542448 474791655 502090072 511118501 538763345 544101030 548949461 549832144 552306470 563058262 588691764 593489671 640537457 646153720 652304100 667189099 687075919 690328706 695134930 696415890 719809286 728546179 738315552 739616761 741260432 750743970 754326356 772741801 779638994 792388240 799807853 800923233 801195919 807458846 826157428 833137758 837160223 852610225 883509382 888743741 909495249 909891246 945905479 953753866 984337425
200 -983717256 -981552182 -952788438 -941193056 -939214015 -924082732 -913715587 -896121432 -875044136 -868443020 -850534261 -848940660 -846059266 -845425246 -844280302 -838914173 -817084840 -806126729 -786141844 -778389200 -759897580 -753962012 -752827365 -744937075 -739220792 -736614327 -728480465 -728360513 -719330719 -715845091 -715792942 -688579374 -658020999 -643002260 -639354851 -638490467 -629471455 -617795266 -608889091 -596047881 -580292842 -572261470 -552005988 -551272835 -549603729 -545228943 -545137699 -540875435 -529095358 -528248401 -521976372 -511175952 -479373380 -459448416 -454142434 -445866998 -428313547 -422926398 -381723409 -380032834 -368352458 -365442583 -356047805 -353819045 -348812868 -348485323 -315431321 -308870650 -284366690 -268884827 -253070089 -247373993 -245888032 -245088234 -242036846 -241702614 -239918853 -235266616 -220988822 -182940829 -162716217 -153966108 -149091537 -145186183 -119129402 -77762764 -64052303 -55671776 -28787545 -20445750 -20101565 -2999785 3312547 10835526 11817276 14648453 49093760 69182340 72574914 88407348 100765329 100784291 120808286 136458412 137180965 141030226 146800625 150486444 155995702 167918033 169713781 174161405 175280249 176931661 178131509 178460545 182524537 188795668 211500265 243136677 299188500 299557666 300852541 301432240 313238690 316841339 317337728 324505415 342413278 356532202 359151823 359555787 374610156 374869818 380086696 392945750 403963385 426951082 435213956 451833508 457445449 457919079 469253618 470472041 477145796 482175019 502379276 509262962 528843016 538839820 573334009 584701860 590054929 593720898 596758661 601083785 606399482 616390477 622205158 622782298 628661921 636908242 647602571 651369087 657660845 682862568 706136965 711343698 712997312 716023774 721108413 727216774 735986567 737075130 739552699 747518841 763660679 764461192 772210378 777039142 787513192 791820803 805304449 810596760 820402252 828180217 834619688 844228890 866658466 883897692 892811549 907027951 913980750 921778836 928645574 940971320 941391621 958991811 968113036 997751554
200 -995438794 -981589274 -947532001 -947131138 -925520300 -919121014 -910448964 -909524238 -908059216 -900151777 -878438871 -868947939 -864038447 -855264431 -844822240 -841210228 -839433019 -833587946 -824672131 -796853572 -772877438 -766956417 -764029853 -750931957 -747827470 -745302127 -736147316 -696202206 -694690870 -693712537 -684617954 -674945897 -673374035 -663204001 -652609833 -636422251 -633489351 -625567536 -620725583 -616170527 -601393889 -596841956 -588262077 -588161869 -573298684 -570857811 -544922260 -543246293 -529632994 -520355909 -510739103 -502642171 -500976872 -499581968 -497222612 -469395167 -463807139 -457923810 -450758384 -443560860 -441059642 -417187869 -406759150 -404081955 -400943605 -396332944 -383893286 -383175818 -365416624 -358637678 -330580942 -321865727 -319330428 -315144092 -310109829 -295256903 -289185580 -282406520 -264956342 -231087119 -228011211 -212543682 -206521739 -178640898 -170161463 -168248435 -162090483 -158318412 -135117342 -106663592 -89980787 -80005541 -79139259 -68108779 -66902529 -62487969 -60553293 -55082202 -31094308 -9800715 -8919577 232270 11347485 12337718 13057204 14585117 16495893 42701947 44193074 51264684 64570239 85956414 93102993 100446788 114756921 131588695 135241030 150300727 158518372 162666057 163193618 170874369 184978527 185712794 218276815 226860800 227871722 229520869 237543408 240599107 242643026 257456126 269277523 270041655 276555855 277994095 304644778 310803870 314926216 317183941 334383382 341612265 355043372 361788919 373836712 384014999 399017108 440939257 476399604 480495258 488755034 572033184 576567957 584142369 593952775 598203865 607101731 609129110 636578232 647955726 649108449 651619149 664711317 668453859 672950494 676954975 692195692 694633497 703128910 710197452 720400782 723654756 734746633 735362042 742975315 743813511 746135117 787080176 797689010 808486672 810827901 816621305 833896315 844275947 850724531 860056442 877053939 880183707 886752136 900948520 904385165 924384722 930095162 942776432 956326669 968859103 970434148 974455847 987960627 988494518
200 -994113409 -991443784 -982572793 -977625220 -972693470 -967579074 -950328950 -942852788 -937100235 -920217156 -919973595 -892063886 -891100132 -885968756 -879801824 -879323699 -864076303 -852240090 -840008099 -829136846 -822603330 -816459169 -807118281 -783913288 -782985273 -780183960 -778424804 -757593373 -736380678 -730856295 -730100242 -711699872 -711186422 -697864728 -684089355 -683864573 -663633964 -660474396 -658441424 -656408218 -654794045 -634834925 -631081917 -624999557 -616804022 -614967617 -606533523 -605848584 -604330802 -596005154 -567787629 -562165052 -541021315 -523049814 -517747080 -471263325 -470316167 -466813794 -459416024 -440412223 -430978541 -419475579 -386805416 -370706820 -370587750 -369888424 -365246652 -359220261 -324427650 -293076503 -288580430 -280165272 -272299872 -265005734 -261311910 -257407154 -239696698 -220039438 -210125714 -184793797 -181112257 -180416410 -147865107 -141597593 -141238884 -123493226 -116214430 -114266463 -104302521 -68019487 -51890716 -22522408 -875105 1612358 4945682 18236867 26614994 46459633 54353956 65190619 74527354 84245749 91415571 94205526 98075360 99796940 103065408 103710127 108403436 109101872 112947059 167231879 173295610 180437013 185818901 200843496 204480000 207177622 211136730 212595905 221188733 222742116 245965914 252454018 252951582 258166878 265375877 273927679 322281991 326799019 327796210 336972004 365377705 375281011 375432631 398119580 404847877 409420038 411967588 414708403 434304358 448838511 455673346 463784779 491091538 495912081 505485209 511408914 512692516 514925956 521680005 540338649 565023329 566908567 569961146 583221928 583499734 595452213 604106420 609244059 621937401 622372884 635795576 644577661 646083150 655619959 660751398 669354272 678381529 683328725 691079156 717357021 738453957 750991716 762342178 772393305 773844240 780698512 812612594 815834094 817505441 839496110 839882456 840447946 850892089 853954157 858887917 870828538 877392126 893498170 897397656 910232683 911647859 914506589 915428158 940379320 947070390 977030277 992425011 995308765
200 -995354433 -994920250 -980166415 -972812030 -963313217 -959011767 -940068891 -933869230 -931039164 -929114889 -928124904 -922093446 -918834128 -912431119 -898486507 -894083632 -889051900 -871741560 -867567301 -853802067 -841827936 -839163705 -818339933 -809671923 -784314104 -780502331 -764419106 -754773298 -744986065 -742574249 -742176458 -740282091 -721667215 -694582351 -688560898 -670979630 -669486892 -664569675 -656872833 -627914177 -621676473 -621406124 -599844414 -587662036 -586017270 -549711464 -533734108 -521374734 -520158765 -515776339 -512946992 -512195305 -500258529 -487273514 -480850398 -479996119 -459239439 -456354060 -453160224 -445064130 -403050356 -394942738 -385182545 -379807126 -376433611 -371118229 -364651997 -360717673 -359067556 -310004979 -300933927 -280673426 -279409572 -275522444 -265915703 -250294773 -248038342 -242658670 -234299340 -229972432 -216702173 -204872706 -194614605 -166828021 -165864617 -164142440 -160220387 -157041279 -156819979 -150675517 -136779512 -133014271 -127794417 -96309232 -74434145 -68360721 -66103185 -58338470 -51926453 -48052798 -9283130 -2792973 3566299 6548003 12360821 17074007 17569355 29905575 33851302 39648160 39959975 46903333 51729203 53701704 70619211 83760076 84790054 94380742 113807581 117903500 120088527 129091742 131413262 136349919 136837893 143748682 154038368 162063087 162562267 167796958 172670473 174649683 202121232 216578960 232478451 256668579 267282581 267910500 298132092 301656207 329172909 356370455 391130552 420041422 427588387 432186701 457221109 461760183 501568190 504767461 514892881 516766573 523636896 527140949 530739134 539894729 549441533 602304206 612655246 613573546 621699873 633597353 640628388 645924468 662284530 677490959 678741721 687009202 696303786 698330298 702786194 704509516 713697022 727011169 729240103 729485832 737359033 748384018 757778752 759053434 772867404 776766669 782620449 821684151 839717354 882148030 888107007 888500050 890014017 890109476 891394512 892856070 893455096 930807746 942734099 948784161 969903375 972951207 977305803 986610811
200 -991780601 -980225603 -975572424 -972429104 -958919182 -958548710 -950046995 -938136762 -927454602 -899802017 -884669170 -882175110 -873106903 -852777792 -848222365 -844232534 -841831457 -831835542 -807330831 -803699211 -792717301 -791900285 -784694637 -758177182 -726531652 -722564455 -696766934 -692255499 -690469520 -689296653 -678416508 -660463722 -649747319 -641136214 -636879020 -592454639 -584914123 -583785293 -581183781 -540980041 -517930792 -516061853 -509279220 -506087507 -491573780 -490786270 -480886607 -477365711 -471531906 -452439784 -450501555 -439058245 -418329450 -401919995 -396414348 -391417245 -386429876 -384359568 -291127783 -286912823 -276804770 -276749441 -272377980 -272046583 -252856357 -227968911 -226066623 -212733789 -209131095 -203869290 -188697007 -185631203 -182285997 -178299960 -173717965 -169938992 -157660102 -156907752 -153949481 -139845066 -117359530 -105746961 -102274478 -87936438 -81301778 -79011113 -66775109 -56985649 -44617459 -41788567 -41237730 -37707234 -28687418 -24574617 -14687963 -11399201 442352 26228401 29544842 29865108 41305804 51039385 75887711 85450663 92925265 106994806 113199435 117406856 135789290 172361197 200648629 200823734 205061982 221539109 227325547 236387468 242949190 244032236 246884273 276226086 279671593 284078763 288423211 290628096 291264453 302287606 313433910 340399911 341755328 343083326 349273158 373014965 384601000 391889556 425405664 429199378 429294014 437318735 444991750 452109529 461215549 462289552 473086900 474456699 492761107 511237179 546157559 546609167 556297646 571955364 572304694 585124372 592861424 594161792 595922559 626543443 628254866 634968499 641703067 654122159 664730152 668339908 668831297 721805323 732388894 733187738 734976767 736424946 757312521 795502430 802757586 807298304 811821534 813459116 819590058 821693545 824219256 839351381 845732875 847118769 864955280 865801876 868801588 872772495 909649686 918840586 933932773 938971335 947700080 949329993 956755641 958808911 964377002 965172343 970142643 978018060 982721741 991329868 998445610 998724900
200 -999650197 -988746666 -984649631 -949356931 -949328965 -940623887 -925990130 -924281902 -921703259 -919531501 -903870103 -901629279 -892152550 -887966573 -886823982 -886304253 -880202427 -872170281 -870473917 -864020628 -861994081 -857987542 -849186795 -833531083 -825369450 -810180134 -805976468 -802772142 -799163334 -761623129 -751293669 -729089007 -725423101 -722530926 -719738409 -717641569 -714902938 -687958915 -683374900 -680724037 -679081543 -675982879 -657528018 -656729628 -651501071 -629968968 -627266153 -604214891 -604203171 -597879018 -580360492 -564404890 -561898731 -550243309 -543840954 -537947960 -534985478 -522293732 -520530732 -513630159 -502647908 -479377446 -471201275 -463144514 -449383102 -438290015 -409538505 -408062392 -376999373 -324202960 -311603875 -297846244 -292451970 -275997378 -255063290 -246633817 -229541267 -194755040 -180361350 -158904761 -149576696 -125576706 -123716244 -114860986 -107015428 -105505871 -100689541 -98740652 -96558628 -89854196 -87534471 -48580615 -30234099 -22753730 -12980503 -5387654 20390628 27111538 32877074 52928410 55961834 60516830 63038001 66237873 73495711 89386006 93129571 98937240 104861030 116788763 121719884 122737561 127493407 150029684 154079138 162590040 165573139 175735433 183836758 189336123 190206262 239321387 239985545 264863105 278699943 283910829 301769121 302356610 325443046 335910396 343821387 366880560 394938808 428291959 442238674 445149748 449225328 461313173 464816632 473699109 482370509 489616622 492686205 507399445 537431056 540297315 550198039 554769268 554831375 556951935 559047355 577830657 582987465 596454343 598433815 600892041 606067909 607655353 608845888 609973942 615524077 633664556 641186633 642700127 652549495 664391411 671044221 680338702 697199008 701751824 704711712 719278381 743462986 757012065 777026072 789454395 801115577 820354579 821478690 836744743 840714580 844782242 856945952 864396741 866383758 867528932 874050798 884873462 892698350 895879892 932848508 936030559 936133496 937122452 957431877 965463358 978795861 980989141 986656720 997042361
200 -978578621 -975916940 -931653479 -914723312 -913772998 -912237475 -909153085 -907573560 -896447326 -886673089 -874726300 -858622584 -838877165 -824407244 -823981687 -823429838 -792307588 -787626138 -781673982 -781241960 -779187413 -766012559 -759503180 -753408094 -726547134 -705682527 -705034010 -704800809 -700688086 -698412669 -697848360 -695729819 -673804394 -657985065 -645430638 -634454997 -625804635 -609165285 -598169914 -593078233 -590704595 -582843713 -567291775 -554727464 -546416464 -513663939 -512690132 -509073408 -496637053 -494098312 -481319946 -467109823 -466032008 -455813415 -439979290 -439602491 -437812868 -431395838 -415049301 -388185015 -365696912 -360929185 -357366277 -348981679 -348390576 -341458465 -317099822 -305078161 -301293090 -300297018 -297268348 -275288056 -256138674 -253844309 -226858531 -209231184 -170848167 -159334483 -157372244 -147835727 -123529384 -103635169 -103167248 -98935881 -89083853 -80244165 -71725626 -62066657 -56849644 -52533189 -48251125 -37603243 -31992960 23036460 44042064 61273910 66104576 71561357 79011258 93752034 121334837 140385788 142566691 147105803 170607494 174452105 183410816 242684179 264996291 273875257 275304434 276477753 288401805 291158976 304211030 371451332 376709112 379283619 390371247 396362042 398560909 414820858 420741464 424058341 435757750 442263762 446821595 453574479 456958572 461964573 469918636 474864362 485844285 486202257 501910830 504405182 513072713 516161790 518899892 531234068 539209484 549034062 554285311 556307698 564245453 566062781 573574205 597128817 614602870 616120897 638504513 646737834 654646280 671679191 673308652 675151458 687928980 699657864 701068730 705761112 707797685 708086465 711894364 718040821 718872006 734571692 743066090 786962184 787258562 792303782 797149414 810405385 816506751 824094189 837653399 837990853 842148993 855040640 860983317 862741960 865757528 869241948 882824988 885267506 891040642 893677220 894612930 899830718 915832541 916571656 926471999 937575602 948703911 952267396 955379233 962727064 971706819 979651209 980675011 996793537
200 -996298378 -979565288 -978961863 -977322537 -937518664 -929021261 -917028526 -905743268 -897944086 -897111708 -895568338 -888042203 -874034073 -873620092 -869053983 -867815790 -857958767 -854562331 -852674431 -846121726 -827277585 -805855170 -792108616 -746117748 -742240777 -721364766 -708010064 -690795083 -687982630 -667236576 -666857489 -666086030 -659282648 -651445914 -648678721 -647975580 -647697731 -627177080 -616892559 -597293977 -585365217 -579857432 -569707970 -565184861 -555682538 -541217847 -539896335 -527992892 -521911807 -500454509 -470264795 -467382416 -450562924 -446903172 -421799715 -412504443 -389877998 -374444805 -343801735 -340421613 -335804906 -330149841 -322145740 -313459961 -310432667 -298557677 -292140033 -265025893 -263695796 -256613051 -238785836 -237873801 -233406370 -231603160 -222718761 -219068949 -218266757 -210953089 -207997717 -206337609 -200406650 -198518749 -193213920 -191630796 -175406273 -160500785 -154594832 -133802933 -129441104 -114565184 -101377417 -97983896 -86705106 -78299941 -75100106 -49834275 -42098878 -40933334 -25210063 -14059418 -5851612 1019198 8003457 8415542 19451571 20618704 26185654 27739856 28807481 38531842 55028400 58700913 77980751 116529442 132423664 152625383 153363737 154671491 154951628 159177730 166087112 198079473 221209624 223735339 229961356 235261755 260561440 274061304 289545170 300638227 308163947 309640465 322703762 327827843 350215968 350233746 362025866 362434356 369970850 398374348 404294841 412798682 417565598 433198810 435630415 441319934 452084266 466723219 475653749 485588129 488681611 516217491 521245732 534216731 535247183 535963355 542373080 543553858 549946564 571393160 571518314 588559934 591163115 627502885 658136072 674108102 679646979 694959146 699018696 701464531 701707613 701758448 718296977 725153492 730392692 731552381 748303272 757886437 758692795 763622312 772193507 774671191 781712939 798849369 807046981 818785330 861368489 865346353 875218258 905038684 911196085 913294193 915469125 929531409 933299408 944862512 960611798 991398317 995488956 995847745
200 -995906212 -993654474 -993020081 -966140520 -961676903 -950915525 -950280938 -943825936 -942784185 -898661312 -897058638 -893927763 -889890737 -877403354 -876830808 -866556704 -863459697 -862308571 -859771877 -856995640 -834069319 -829339482 -813113625 -812797994 -795559844 -787405672 -785603782 -772859571 -757856399 -745373230 -738973519 -732122358 -726895178 -722959790 -697253409 -689603357 -685648349 -673525722 -663793003 -660698099 -655978325 -655175829 -654904763 -649841115 -639208169 -636244836 -629961382 -627323196 -626523454 -622650631 -620606689 -595251756 -583061719 -562546120 -556016535 -546822223 -535971764 -530625169 -529444129 -523570415 -522357096 -520150106 -498348050 -495415508 -489854036 -485333926 -473924914 -468959056 -465303539 -452593136 -449983872 -417595333 -408034561 -398054777 -377615812 -376120624 -352689179 -350282189 -345136110 -336890040 -315825984 -307327776 -298679409 -296776437 -289318396 -287357009 -285810130 -270515935 -265029799 -258428062 -245403457 -214129490 -187956052 -186241991 -180007251 -178043721 -176546721 -159714167 -143035150 -127325227 -118374111 -116986583 -112208860 -98865217 -96423124 -94618832 -89807190 -84602153 -47135501 -35741375 -25231310 -8080440 -4744251 -462658 12213329 40675220 46940566 57939416 78586709 96636547 116062179 120924799 123241379 127267811 129737464 130205491 146454030 172046252 183136330 196935688 200073384 200752611 210824084 214313783 228873420 252665876 255947505 257996766 263667463 268732774 271752006 274292758 290571710 305300122 319693667 328231209 342355955 347176315 353594250 356080246 364447502 384574777 410481798 411257220 412549614 430185021 434744881 459569108 464875296 467731025 493490417 502638629 513139802 515298816 536630747 538674972 539761203 583590178 583649006 597344830 608419719 610740945 617424547 631475452 648406371 656226631 666417481 691946101 697785864 724050575 737558049 745263056 769678199 771133269 772801134 788898148 800396503 801809992 815408021 819815942 882883509 921889665 923638676 924618351 931128514 935248801 950326342 965839165 990110050 995821388
200 -990781579 -953781856 -939727259 -923600997 -923336621 -908369475 -905987624 -902713526 -888896611 -883293579 -872663246 -870010501 -866029864 -865278662 -857808713 -849081588 -840102789 -823034709 -816634321 -767579289 -759578149 -754645837 -752617155 -745781860 -744440857 -743810887 -738982210 -726372205 -718998232 -717477411 -714517418 -707025413 -704001471 -682800282 -677823380 -667951285 -655184591 -638332718 -634166015 -624323856 -614417361 -611925068 -609372872 -578779995 -557373335 -556999798 -555516322 -538510915 -536079206 -523775543 -515365758 -506731952 -464006904 -461221082 -455468806 -422945493 -416133809 -401980186 -388049224 -364672693 -315268842 -312332492 -308142104 -305214616 -304967442 -288910310 -284495027 -276604109 -268673901 -257585414 -256010600 -225583906 -225123554 -222064443 -203438987 -202090203 -196178628 -168225226 -134059917 -128753054 -120977489 -117258330 -110910754 -81307838 -73230515 -65602386 -47654586 -44177509 -43432223 -42585432 -42565227 -23225494 -7671731 -6730912 5230813 14579915 35005577 42939747 73369488 74432335 78729328 96632213 96857297 98298571 116149914 117269888 120917458 125343067 140796936 143237954 153309496 169382965 176138455 183785594 184598380 185706896 186334102 193014446 204023688 208116278 212112942 219954656 220651474 221898742 238114725 260364937 260991194 270113727 270830611 288737361 298810248 309489709 324458411 341507940 346270250 363757933 380436853 394103137 401642738 402579572 421615586 425128326 431756257 434222036 444193838 452371912 454621229 473952223 485828822 509956940 525766052 528702675 532031156 546179259 548330769 551214757 553240738 581847874 616856242 619584826 626713994 653321498 660096909 668647054 686389921 698947623 699269774 713609815 720604892 726812223 736719838 750631844 751978274 761652503 769661294 773923985 782936718 794223989 837054274 842857001 847927693 854943741 855042335 863706401 869865066 871479693 885665059 890766425 894476599 905380936 915515130 916562095 917668724 918691461 930390184 945341955 948530697 971247675 982899742 987076024
200 -992982616 -986572931 -976602113 -963623824 -961861285 -949443532 -939050926 -929603285 -924711814 -920162646 -902552437 -894757637 -886646453 -867753008 -867612523 -859708819 -849494447 -838019683 -813890333 -795071187 -786586518 -781222918 -774636449 -764862856 -761039005 -757698015 -756413074 -742430181 -740131848 -732126774 -722321782 -698789164 -697784868 -681246532 -673229813 -658999086 -649932576 -637823526 -635583994 -631031197 -628814046 -626833964 -614500803 -601882950 -582743891 -574838258 -573206895 -570878507 -563647374 -551773023 -545070216 -541252558 -514589818 -503583777 -486455774 -475161619 -473789983 -462312260 -461988860 -452043917 -421220741 -418400362 -416945296 -416171066 -410283454 -402124479 -387547513 -373407057 -362700249 -357251967 -352398682 -332166511 -325389504 -324358155 -300328864 -285234451 -280612576 -272326535 -264195335 -257692255 -253520628 -244088551 -242763705 -218507249 -213932873 -202084116 -197632512 -189437870 -181697455 -155980228 -152764276 -151926169 -151529970 -148531318 -146971318 -145015923 -131518007 -95586565 -72147587 -54527743 -38604162 -36107852 -35197918 -29428265 -16855619 -4163291 -1703915 -144887 662983 26774405 54037271 66188958 78456262 125846129 126013936 126826156 132043005 145393536 146615981 153821375 173825035 200468878 212582940 219055985 221803825 231716037 233627511 238290492 238355791 241490003 245916656 250705648 253626231 262507717 264918108 270986998 276206424 300693207 303899906 309165176 313763738 364673293 372485690 374199886 397007976 424942786 428924849 439852015 450111595 457814907 471551832 475499990 487299459 496543926 506108685 510122170 523749828 534827370 542810936 544992024 552663620 555083753 570906056 572165239 583589009 592386344 609863500 623059001 625346216 651259669 662540258 670179998 719996749 725533088 729151282 731270093 737695090 743978592 780580841 782620364 783889799 786580352 789226011 790296864 793554321 814898665 822671843 847042738 854507161 855112130 855223122 856681610 875333376 909458682 940174217 959803576 960210412 962940476 992539399 995502254
200 -992030364 -983306946 -981204434 -974765251 -970904297 -944826081 -940254657 -939181397 -931813752 -914759580 -909466839 -901651448 -898964008 -890658824 -854453819 -818528419 -789409278 -782309858 -773417950 -760418648 -706282432 -704345093 -692148477 -681571900 -677302361 -660901617 -647615642 -645016670 -641579152 -633112719 -624480349 -611546828 -608526074 -600465986 -588764497 -586378370 -582758076 -576698787 -576502447 -576105209 -569878712 -564993633 -543986892 -540869742 -527686935 -523726076 -497597090 -493857262 -483628347 -476080794 -468585413 -468142915 -464968821 -460006486 -442918759 -435538080 -400312790 -363319030 -359893216 -349463362 -326834414 -323671094 -303774738 -293980867 -288658779 -284998744 -263432658 -256506586 -252464363 -238989004 -237861091 -232756253 -224785917 -208132383 -193852467 -193639558 -191818407 -184494602 -177921087 -164456858 -138493341 -127385088 -123199518 -79046213 -69442115 -53952309 -44888354 -33139770 -33019963 -31987298 -17758677 -10126239 -9273457 -7778988 -6670630 7895469 26111302 28217169 40659692 55785506 61879593 63430011 74228902 82643628 110517609 112279428 114799953 116285445 122522366 133457953 137015157 146506961 173532852 183362021 187206410 192073751 196880170 206859057 209386504 237974848 250016472 250399123 260482733 291185165 296357779 297095897 307519771 311457712 329765402 380822943 409806530 414514568 427104487 435244918 442809277 446379564 450773162 456430256 461370037 474331146 487933507 500603813 504745131 518207616 519275332 522103099 526711341 527605186 544301286 583184342 589813472 595389331 638188218 638984797 641145855 641219208 643925787 652499800 653870701 657833552 663868778 666536249 667768979 672356548 689967052 706164214 709011153 719123441 731104836 747255936 759692659 772048229 773148316 794327723 809034481 852437616 859568431 860460245 862983375 863274899 872584182 872998721 873046271 874667648 875846115 890853595 900303733 903783902 904100168 915553553 918958779 929436131 945190305 947657723 953216278 966718283 979149907 987633933 992988495 994386245
200 -998867156 -998171397 -996352457 -986884221 -984540348 -981426578 -969178627 -957712409 -953588996 -914622105 -912045391 -911114706 -906605618 -904883269 -890491223 -872562876 -851376895 -843219240 -832576699 -831738217 -818902101 -796019017 -790887481 -787628701 -785504975 -774175736 -773564154 -764861404 -763441973 -723261079 -689345066 -681184898 -662619217 -662492579 -633540846 -617891891 -610224902 -608986909 -606356396 -597617405 -592600944 -589148231 -575613172 -571746098 -569375296 -567960115 -562683970 -557266936 -555024890 -544978934 -533923891 -525120744 -517573028 -508829074 -507056336 -466546538 -460478359 -452130307 -445597453 -435263161 -421122898 -414713741 -384792006 -365888664 -356232578 -353109488 -334666894 -329215605 -328514972 -316306253 -304056392 -288015771 -278404954 -275345834 -272400523 -268255882 -262892995 -194062565 -191910480 -175961490 -164347389 -151692811 -149235763 -143345054 -139424003 -139283543 -137550613 -134460498 -128041305 -108896207 -65587123 -58569854 -46019330 -43117861 -41206128 -35599275 -35293115 13506417 22675644 27126712 33759262 45854698 48492379 64377584 83101622 101534361 106100088 106201271 108848843 109616264 111662713 119894887 123415834 124862771 128537908 129780416 144369170 144836451 147143263 165173237 178759112 183516700 187525130 204338861 211351993 222055311 237061837 237846876 238629729 239973554 240134864 244295383 251065567 264877256 270828200 275204592 295674560 302496015 335705058 352624522 358115594 368501132 370908659 398362585 398509201 404218043 410865248 414546974 426439953 439826667 455088463 456754613 458014083 481662735 501977947 511359143 523571135 529162512 541104598 552396835 558886118 559285736 564371391 590080207 590133087 605439113 626812363 649263336 667420049 668699536 701293631 708268475 724246923 751180319 757816154 760345905 780513924 795329408 804333252 807029464 809068420 810309207 825374862 826009974 837368118 837649336 855684026 855755789 877380877 912169008 918123920 926372716 932132700 944366054 945111643 948894088 970264833 970863399 985461968 990730267
200 -997602197 -991368709 -984257233 -938726825 -931166981 -929499634 -929394121 -909294990 -904053298 -894183026 -892742470 -890081724 -875768525 -865044714 -861819052 -815404803 -801811746 -794704243 -787197763 -786130508 -762851018 -758137287 -743422179 -737708480 -736101229 -735045382 -731117323 -726577255 -723735414 -716268608 -703773073 -679293304 -667624691 -666751519 -664238983 -663847632 -653304523 -628996695 -593858003 -593100385 -592550637 -587964519 -577602075 -576254444 -544222538 -516330359 -505971493 -493773497 -476253096 -468760522 -450310107 -433276512 -428813072 -413199901 -412074314 -347882373 -345621990 -342762689 -335434754 -307062414 -296692203 -245679394 -240801030 -237665240 -231203278 -228044064 -215116111 -211426734 -202723624 -201507781 -184395991 -183982713 -177674254 -177124319 -158228940 -134217645 -117649133 -114182050 -104236163 -96472245 -72796624 -65547375 -62228114 -49018004 -46211332 -43833705 8649801 14909476 15182290 21322708 55236023 61100769 61334066 63411996 76962225 77110322 87841793 89130274 93482842 110041410 127982461 142377029 147959894 155255248 179732018 180170536 181269212 190351026 205842855 211407451 212534445 218743232 260613248 268864766 296421394 306638624 328002610 346540763 356519739 359236129 361475380 363998272 371861679 386968263 399240912 409025612 413404277 441398419 441408050 447208433 465254686 475379390 486286528 488177834 501852202 511604328 517505155 523395861 528833514 536845954 551852164 559222532 575338685 581213298 584412478 608006596 614939799 632840618 639713876 646066301 647488771 653044077 678577713 687798165 693527176 704023595 707717060 716246828 719536436 722798810 744133173 756878245 767453181 778739952 782202948 802888895 804267780 806832343 807427186 807829629 818643991 835049746 838773362 840881744 842572186 843384679 848267865 849213223 863553659 870070521 873742060 876188171 878416934 887651906 893831455 895842120 903956130 906876053 908193983 912534410 939008566 940208249 945620356 969023629 977004552 978558246 978635474 987273024 989318530 998721032
200 -975001247 -970639340 -968652085 -951060044 -922664855 -899221761 -891182033 -888929312 -887599167 -880206627 -865266249 -850183717 -823301619 -813581727 -791879287 -786820762 -777579734 -776808855 -769535007 -767039160 -752523073 -744799066 -742718130 -740841593 -735312462 -729867515 -724890715 -715803790 -714395294 -704783887 -697887675 -691822887 -689098460 -687794526 -686530594 -684662133 -669877665 -663889329 -655907435 -635359479 -618273180 -617897594 -616571513 -593394834 -581098290 -534882258 -533686924 -527496699 -515695011 -514234023 -512796003 -510770605 -502927573 -485591701 -485521086 -484282523 -478994279 -478590406 -474341507 -461036284 -457569398 -457135546 -453209306 -445275024 -436338963 -420005316 -392954342 -377699244 -362552679 -360891001 -358293142 -353926737 -351406972 -341083189 -334726661 -332407726 -326861430 -318175753 -247933361 -236371747 -235463691 -227020193 -226721681 -224902889 -210912669 -203725328 -203232169 -162065067 -157399177 -145411640 -119725831 -111412155 -108362058 -80573852 -80224436 -63064277 -54727495 -42308189 -32223520 -19030676 -9856015 -475133 1581100 3725973 14062880 19298417 24329805 48411120 50186353 77993936 84273722 91148551 108575894 121926199 122887481 123814464 157776650 160292220 163366497 169399551 170843190 194480360 205139554 213902041 214422977 233951572 255891419 270690144 273447771 275511914 281538213 284807690 292973152 306888473 343653026 347658111 348839089 357607311 358147241 371598949 420179702 426245735 432903902 439458385 439901933 444827677 462383470 477159394 491296540 496016099 496302576 533480496 541241574 560784544 565559120 569333154 577721982 584960739 620597928 621270113 632016061 632846621 642231317 659617844 663068796 669759409 673537124 673969806 676108884 684360239 692799351 695394425 706035052 741870047 749041967 760453204 768898011 795523996 796843057 800578191 809557407 823094507 826105320 829486223 863100672 867708009 870944275 879452230 881590048 881614310 895830845 904010593 906029341 924366402 925828242 927471215 941446744 945557310 959740065 981523639
200 -994965441 -987925198 -985044332 -974014089 -932900946 -929401089 -920775867 -912879208 -904245169 -897263340 -879453991 -820619301 -820013341 -814580464 -811314752 -811271200 -810413640 -810101010 -801992448 -800983040 -796162601 -793925943 -786108784 -773747536 -767795589 -750928680 -750531908 -746356654 -740290969 -732433290 -728059515 -709180361 -705575363 -705552443 -704659390 -703743154 -667862407 -661099992 -658245438 -635804574 -610876864 -603915034 -601190745 -573010413 -565088236 -553636494 -547373376 -540421991 -532039510 -517997946 -516326465 -511485776 -499328994 -479044594 -477307621 -475664170 -462502650 -457603787 -453870761 -446151470 -444610864 -434985646 -424217641 -422248515 -419895450 -410729751 -395740608 -395286573 -387225494 -379361113 -366345632 -366167773 -342660993 -336661889 -308812681 -308475977 -302582723 -294074028 -293259643 -284938901 -276455627 -258079961 -256237392 -254991266 -231834684 -229603206 -210628178 -194828158 -178219106 -159719263 -144722701 -142802209 -132995189 -124407696 -104613969 -87019814 -74916811 -72205414 -58608461 -52386213 -38680753 -36222569 -26008407 -15756355 -5497261 4124673 8938026 14355390 29966313 34007751 37087571 39641034 45904651 45979750 55442029 73874894 93551504 97265424 99427652 108417917 123702871 128688677 133955994 140445516 141786415 144221544 149050222 166213211 175766222 182861242 187514660 196673449 210774391 227307412 246252267 248903159 250992244 280635050 294869906 325435006 336286795 379602086 382329480 382565682 388261113 408169696 423581737 435214448 436129768 449561427 460045153 472859595 479952896 489065399 492549119 498454815 498983645 507478771 531664686 533038983 536462504 543997230 547549868 549945614 551781623 557711620 564501825 564773995 573618341 575009341 583315474 615732224 617195471 643152339 646219262 648013295 653938146 658691398 701652606 716110212 716361812 723780570 732039039 748398697 757566642 757957219 780347761 804389069 868854677 869028446 869788332 877506579 879977760 886129035 914325753 932400359 950878271 954703590 979166705 996003729
200 -997074835 -990678523 -987971278 -976617949 -975364395 -951581251 -925761251 -922038893 -919878043 -918031073 -913035279 -908988291 -906717636 -849058275 -835723590 -834429957 -828487443 -825360955 -812949816 -798284550 -734368541 -734304013 -732820532 -701455538 -684985541 -675917470 -655724474 -652769999 -648833141 -617471255 -617034115 -611602485 -610023686 -609130651 -605080289 -578849606 -569647774 -556721732 -555976290 -540549543 -528243902 -498291277 -491154617 -489872096 -484646563 -460032495 -458551374 -456275464 -426379891 -421585118 -411233792 -408032451 -404178981 -403680823 -384769387 -369046241 -368091549 -357023712 -349557990 -347513414 -334037155 -327125024 -317322495 -312331499 -293307828 -290080599 -282981909 -276096109 -272428688 -271197074 -256267711 -237017095 -215406037 -200108109 -191486588 -177681408 -173344773 -172336711 -171594136 -163509048 -159941409 -147960566 -139307106 -128058594 -126440707 -119545055 -111763355 -107238210 -79613717 -61902651 -54482907 -37622423 -35830424 -30708310 -29510197 -27553384 -4889810 -3148312 -1549521 5656575 17149629 47379101 60241578 64909402 76350250 95673560 103081427 105529472 118323114 123743453 125101672 131227013 135332115 135759687 139347542 140673129 149528523 164538887 169126041 171235565 191266864 234242844 243668530 269163457 272087721 287036880 300728660 332846173 339762781 348090957 355136347 355701685 362405129 367040972 377376446 382774700 383277939 389188796 421738349 441425470 449560105 450622238 452891535 470141896 478503391 489107545 499678423 501570965 514336070 525669342 526008269 526906341 528484627 548510045 549685005 561249859 576722182 583423135 613505513 621436798 621475615 625771296 628885124 635636892 635952948 655768942 660252318 663548691 664642653 666601859 672979078 694338113 706646001 711680840 733262723 738606469 751028577 762573206 787490183 795603353 798747385 813897533 842444560 853674365 888326552 895389199 898948806 938497573 941528385 941983293 968073550 971293911 978703530 984296246 984633375 994771850 996382411 996902661 997904037 999986461
200 -987233939 -975554918 -975551462 -969330673 -960177753 -951255871 -945653788 -933051279 -931268903 -925207774 -916612534 -903520783 -899302323 -893551597 -885992288 -881792342 -854498843 -853283605 -846098417 -842141096 -839558755 -836719445 -827613162 -817167432 -757051622 -752372614 -752348911 -748894111 -747473635 -738157126 -735496720 -716998248 -709001312 -699439574 -695899359 -692566957 -683822495 -682774555 -665011223 -632982619 -631019189 -629122191 -614879480 -613084788 -612402207 -611496510 -609790834 -607283188 -576457466 -567836245 -552402074 -541724123 -518440533 -515977007 -486979855 -482987454 -473510020 -466998520 -462546615 -461950406 -458817849 -455187281 -428213196 -423800055 -422585441 -418683021 -416344074 -403828870 -402602060 -398712387 -396034280 -376110645 -369156365 -360452003 -348451576 -335760873 -314274948 -313240751 -308045422 -306327740 -293387627 -284924401 -275672849 -267178434 -264685743 -259848477 -253976022 -248302929 -225515851 -190594996 -186348773 -181453722 -175089677 -169873646 -124045655 -105711058 -90220227 -88472957 -75479805 -64508208 -53636239 -53281902 -29896889 -27404335 -18757068 9155869 12334497 31195632 49674451 79348593 80180028 81426667 93561671 102198463 105579605 113161102 113236793 126312927 141501408 154467771 160026877 161922809 178970591 180853730 182917746 203818437 208573655 226917838 231497922 237405555 243087343 272930008 281894916 284227017 292727093 298392994 302985196 312281019 317159641 323213064 323731262 366324249 376226911 387507597 393736142 395564417 402338085 421325266 456648009 458358385 481523598 488524284 490168061 491224190 527671918 536627870 537429306 541207346 622394540 633288047 636906564 639362529 645101252 649808883 664722869 667582949 678827654 680986519 688943372 699238278 700543997 707243839 712566690 716290896 717324313 721361906 737502255 739680665 741280867 758424434 760752702 766006350 770834478 776986994 790972610 799942298 847532010 852043815 853558086 865587400 875414988 875922298 891881954 893994641 896955857 909565362 989836675 992744049 996793879 998273857
200 -996967098 -982502950 -977059036 -957567720 -956580144 -954158866 -891876738 -891474682 -885350950 -882632697 -877387631 -859289409 -858690577 -856212603 -823637099 -808925058 -808538244 -805077663 -788752752 -774531065 -764591409 -762736780 -737861340 -721793829 -709610501 -706411990 -704072590 -701701946 -695969616 -687650599 -673275322 -668701987 -661537537 -620664175 -620310364 -610152962 -609322138 -609244297 -601724822 -598666690 -598629248 -577257730 -574973734 -572269686 -569717466 -561365751 -556828080 -545108924 -539178903 -528347196 -524260664 -504330033 -497846823 -483845337 -479825500 -466697349 -449775877 -433887899 -402045404 -383337298 -382058023 -368580293 -355436547 -353864463 -346762200 -338149622 -328813289 -320003991 -312478202 -304716637 -299039088 -280458839 -280021464 -275692083 -270842752 -270237447 -256811343 -237352248 -234240808 -232168131 -229131630 -201159194 -191423638 -174491068 -157115530 -153260121 -153044978 -151415001 -122528233 -122144206 -121085648 -107849272 -100719235 -89546521 -85747046 -83024773 -78975001 -77130046 -73961005 -72989945 -70165344 -70145527 -53416258 -49914557 -45642642 -40396780 -25496772 -7853588 -1920946 3112166 4675963 5134644 17859774 17888263 19221891 30037115 37069622 42975615 47056677 47342862 57253276 71280363 83469424 86340000 92061051 94280466 97222903 102094754 148840839 165850533 170561506 183475316 204744884 207064624 253141789 259431512 279950292 283741661 305675452 309076956 314229634 332396406 343093731 346959808 364278451 365410763 368571748 386029864 387853229 387854533 398874730 413953177 414410380 420276573 425037714 429109054 440663632 483593716 486515501 519508612 520602319 521552666 526515170 574058485 574506275 590815603 599818975 604346250 605659659 613231487 614226532 619959754 629954021 658348341 682493659 711352269 718264057 751045436 751893947 763219159 793848597 808804516 810126168 819006752 833322099 837519665 847786699 851256025 851725969 872066419 875255039 889796880 921445178 946625016 958889308 968030939 982452038 991416288 994302748 999048153
200 -994268822 -991388320 -967458228 -965262187 -964871066 -961010072 -938036633 -931654595 -930910258 -923759152 -922628389 -914522101 -901699679 -896214350 -876923630 -872493934 -865580949 -835774596 -817816782 -802569037 -787519341 -781307370 -775557114 -768800079 -768630383 -758418422 -754429698 -748560099 -738874988 -696469506 -682865596 -677758253 -674330517 -669446767 -661066232 -659961084 -654588076 -647319593 -637264748 -636835372 -609191203 -599811937 -585746216 -580692237 -571860404 -562040117 -515847928 -511582902 -507961306 -503908081 -500015035 -488331409 -485440641 -484867683 -471508451 -464112801 -456540881 -452977845 -448792186 -443557517 -435078728 -420533162 -395013956 -382002341 -344030741 -332336004 -324257351 -322826478 -318354506 -316786572 -306483487 -299171842 -298931575 -296625188 -293820158 -281120986 -277859982 -252584894 -235451800 -231130505 -215328733 -201656772 -187947076 -171004123 -161286147 -157331373 -156347974 -128119592 -127867268 -103342561 -96840312 -76381666 -71253714 -56935411 -56758642 -56132283 -46538064 -38825750 -38383866 -35878737 4995514 15861227 28144874 39670068 67144720 72627801 91258114 97444372 98730158 104009163 106855310 109429162 117097965 117970557 150820922 155983792 180429407 191119895 198272308 220320316 228588376 235883999 259041207 271575337 277133457 284634310 292826265 303458257 348855915 355706090 375985433 394691819 395185166 401516039 416824607 420112466 428877255 438608235 445370812 455237785 456071873 457318160 474221351 488739293 507757444 517555159 522773208 523714603 527764162 539964885 557336848 561022323 564175000 576277639 579595564 594569566 637797832 638094581 668525031 675489731 688565368 705098374 718511248 718715035 727780643 728462545 739311557 757129674 761110731 762876912 777180662 805162770 811250728 819655702 825814612 826214080 836816231 839002699 839982434 849387655 864722478 873063512 873590953 881409450 888390439 915472329 916344695 932534513 939245613 940284348 954256499 956640627 969838660 974478885 979006253 983603591 988727455 989827536 996787504 999196382
200 -992378301 -986665089 -985880491 -985109332 -970098978 -967371324 -929738886 -917468944 -916193844 -879300003 -856535851 -825962298 -825287185 -822427199 -821378507 -819125525 -811798595 -811501559 -795708884 -788726475 -787657975 -781950744 -775325743 -762290902 -756992404 -747729526 -730378967 -711771052 -691680212 -677713701 -667757533 -655029553 -647996840 -640499021 -603913809 -586968839 -577722280 -577552422 -570515219 -565545049 -563263678 -562163358 -554043845 -549469037 -542812093 -536829764 -536244874 -533131860 -504635249 -499960649 -497678905 -482755068 -469184196 -464252322 -455791798 -445363607 -439442061 -434066248 -431494027 -417580845 -417103063 -415650965 -405273958 -403541642 -400747035 -388162564 -368306963 -367603803 -360444618 -343203135 -341242284 -338743475 -333068752 -300293992 -296143150 -286545306 -284451652 -273244148 -267105614 -251370899 -239618580 -235950172 -201919859 -192981851 -175960800 -174281809 -154235863 -152462353 -149552083 -82663982 -72912519 -53472660 -17255877 -8843847 -3169055 23171535 35805638 40386477 47955027 70000801 70985912 81125265 83486118 102022562 125896564 137854535 148253176 176786748 179351333 196125938 206310169 207412402 207660223 215435889 216421835 217426674 220368338 233644196 251108178 256547696 267705262 281047287 290620001 298825244 332639369 359846599 361979951 367306592 369752572 389804381 393942530 397766096 409081087 414814928 417716341 418903829 435319826 438077957 440620918 463392425 484716033 501019550 501234507 508511452 511837661 517360307 528709474 530958081 539417757 544975581 548552982 557145833 558305005 581435332 591032995 604635899 610754790 613085994 614750828 618514327 619483447 624146234 636674597 639853523 662144400 663776099 671299798 675376629 676913576 696386734 702714626 704276338 706526628 707368792 722949324 738435960 770916923 773520315 793623673 808101267 808685164 813807540 820487007 844691645 850806059 863242546 879612046 887846520 888659484 897137767 904015942 908803923 923933205 924139287 933811533 938879658 940791451 983862498 986094578 993296666
200 -998208642 -983539631 -933036529 -932573006 -913379634 -873792889 -867452980 -854127671 -852320408 -850390790 -828587704 -825879312 -807558610 -788620598 -787429329 -757879827 -754408229 -753944607 -745744827 -737045473 -714155508 -699820638 -695079924 -685387247 -670858750 -663923451 -660284995 -640060784 -633993228 -608365145 -607156595 -606405837 -589291473 -584923823 -574830562 -563209270 -559552684 -557029807 -537858921 -536785623 -531545285 -515734387 -504713436 -503128345 -501513597 -497301279 -491196473 -476045824 -475815494 -469401919 -468115215 -465273921 -462852515 -451208584 -409594769 -393190847 -383955237 -380775724 -378623278 -374721286 -371203897 -367737514 -356589196 -307988816 -304255288 -300846129 -281825424 -274484628 -272705468 -247742776 -239671163 -229228448 -227518283 -224753570 -204669520 -181621591 -177020592 -150205569 -138549225 -121858977 -102798300 -98429290 -58396652 -48197447 -43680072 -35715593 -24970647 -7907016 794044 6044974 20258205 20834668 22116101 24867986 29452928 37578143 51478650 91636666 91812142 98639287 99020745 104467554 116027514 120060996 122420339 129434772 137112073 162886555 177277410 181412834 197767837 203718177 208283667 217330097 224170258 224459911 226735864 227807530 239296330 247042549 263070165 268118204 273204401 287698267 314301652 318139815 327651068 350085980 362405189 363400329 367458125 369093919 377786609 384417038 398294462 399528248 400585952 413934486 425576253 444488880 446917709 447997157 450696865 491492324 500502385 500503537 502125565 502778223 506298556 511484207 515226846 523266045 537180042 542123071 555121067 562625779 628526625 646229014 652053010 653215594 663731560 671654794 681552516 681809273 714948179 720433438 730562494 731987647 732403126 738219740 745099860 749503337 752782125 757060678 760598564 769151692 783957620 785554323 789129170 802080490 809797762 819836849 840600261 851119014 859938070 880851536 882093238 911881266 917348948 927586889 928235379 936126926 938916874 947247098 956633921 957108898 959609884 968640477 972230793 995304991
200 -998866320 -984068489 -969213404 -969009473 -967790389 -964691187 -952994977 -948092835 -947645423 -946976160 -913015847 -876003087 -872399986 -865904315 -861987260 -850782715 -849396560 -839009270 -835220090 -817286170 -807394622 -805758242 -790283243 -770929618 -764799640 -748019625 -742869607 -697994855 -697616601 -694955742 -693255349 -676060391 -665978393 -660800354 -654091137 -630728605 -630378073 -616827264 -574779463 -574040890 -568039857 -566956170 -562951300 -560765510 -551281602 -546517810 -533682420 -533561143 -524434699 -501732294 -499295460 -478795855 -470226353 -458056516 -452264159 -451128275 -450584208 -436749056 -430178539 -420606678 -418858059 -416838352 -414524696 -413835907 -409219811 -394452835 -388788966 -381900378 -380915296 -370707368 -351570937 -317120985 -308785598 -290399954 -255215349 -254961227 -254565689 -252736859 -239121548 -219298957 -216933315 -215899322 -208949320 -205995694 -205559999 -162227689 -159908335 -159766965 -157157264 -134970503 -99211649 -93188363 -91005883 -88910386 -81123272 -69790782 19023498 20319697 26044951 32197007 56504133 82975795 93796668 114070296 124815908 133978539 167081199 171227261 176583732 188416820 191622837 203250537 219130165 225889172 226870259 240527558 243829777 270955231 275415471 279219331 301221244 305607941 320750687 343757487 345030366 352644484 353089091 355361332 365066087 372703489 392991363 408532225 412553600 418010611 423183978 424144179 424271965 424468726 429500943 431554037 431715694 432313316 435250690 443774298 454224316 480308626 485369812 502024913 510847383 516732734 536028193 543369240 550386479 551945692 552352522 564249974 564627756 580476576 584878359 589260856 605846750 625217406 631514395 638484486 642898459 646431227 687876157 691420760 719727627 723863550 727473834 734661949 751895839 751964537 755878178 756085466 759151466 761586965 764344232 771331224 776159370 777037906 782016659 800395875 815409824 823278556 828743876 872218591 907110225 909480464 926058901 936474867 937547429 941042178 941682162 966905975 970451394 974438373 975395528 988496311
200 -994547824 -989181870 -979451294 -963992432 -963087408 -949619214 -925842789 -922201201 -916374995 -904826273 -904322103 -896900651 -873572965 -865175162 -859554311 -855363055 -854893414 -849465093 -822229507 -813857682 -804921625 -801486680 -787323307 -767517982 -755624897 -755348898 -714918350 -693867449 -688571595 -688036034 -660269384 -637295470 -636270417 -635521361 -609627618 -603425556 -591665860 -588214845 -574674747 -572499139 -562878415 -550470093 -538226115 -535551711 -531409075 -490660625 -487534209 -476495774 -461997672 -435599404 -421178376 -416902663 -373619249 -367598439 -355066299 -336851970 -313748460 -310364061 -289027922 -275247979 -274017972 -267496300 -264214337 -261915712 -257913555 -244567241 -236272111 -199789153 -199647912 -188568214 -185227767 -174769024 -169378456 -165167294 -161812624 -151086487 -138135097 -123852023 -120638711 -117571273 -114184682 -113357982 -110749180 -96731232 -86514033 -74561347 -72358623 -66395288 -58830045 -41735394 -40248519 -33222108 -32710297 -16924942 -4083929 2892453 7562199 30757556 43560637 50738726 60523519 67582533 77698275 79763913 84597090 86504338 87774018 88262677 107132466 107684686 114405267 119508650 126118546 157634716 165950548 169613423 178062377 183009640 211425604 221026699 229469676 232060096 285349175 286961778 289284595 306772597 323112502 330069424 336751385 343060649 344941582 369228834 371716454 375979960 388847249 398789534 399764114 441823778 448276471 453241445 454547140 466587245 473931547 477979988 492540963 493063361 493808039 521093810 521108443 522622305 529783775 541780085 543179266 549035104 556912426 576081760 577287179 577490760 578533808 590726548 592462134 605530491 612718883 632025997 648744811 652745825 656394782 660982873 661468949 675252787 678119741 697383460 697527957 706200189 711861674 723467242 741341454 758181120 768148959 769463495 780700829 786333446 790253065 797030997 799248453 799558603 855782742 856025919 857416777 858492359 870822949 889133473 896773330 916913802 960800176 980418794 982572509 987714333 995494707 999634084
200 -992754471 -990913383 -960613962 -951470545 -951148123 -942080804 -938372578 -930494878 -928460204 -928171443 -908927656 -901810279 -894442378 -891532558 -887005801 -874358436 -849969188 -849799173 -840068206 -834936833 -829152057 -822590360 -818597436 -806807202 -802892167 -800175095 -786180252 -779055980 -761544520 -713590094 -702083916 -701276087 -697357947 -671157563 -663703640 -663479477 -639479166 -636287046 -628378434 -625889005 -625860247 -621127630 -620206635 -613291350 -613051545 -596728498 -589648211 -574740466 -558065162 -540364652 -523936875 -511007729 -499485898 -497514195 -488313277 -488108979 -469410961 -467321553 -460254546 -432721574 -427895361 -424271230 -422578693 -421557069 -417476023 -397304895 -392193912 -365253888 -346182033 -344885421 -336167859 -334714654 -320214692 -284358515 -283642721 -281264029 -269600756 -269134676 -264256837 -260024035 -258879463 -250418134 -235301303 -172385127 -157778473 -137119140 -131295309 -129422554 -119441483 -91165481 -87136007 -63994848 -22189263 1528513 1585555 12487346 16766647 18454722 30246361 33443760 44552609 66038246 97564577 102571848 103269295 105827177 133923761 137187465 140286479 149326380 153648438 180778891 205606369 237253861 240314009 261337359 261530604 265184495 276067101 289178415 296623759 316666253 323789155 331280233 341245802 352485770 358289778 369272618 381437620 383588232 385976608 402933571 411430961 426703974 432427737 432609869 436142625 466455625 468795257 468931358 494326088 516806524 524877266 536987799 544403000 546486511 549937702 575226019 591220457 600521457 607921175 610890758 634811979 639144588 640721981 643952320 649660692 649774694 650084317 650256347 669916268 680304436 685391232 692570081 696025642 698600592 725364277 726022513 726662836 730238153 746803746 749215905 767062971 777885017 783131961 810265338 829410071 861459668 867140540 878131915 906547499 912748897 919426793 922751218 923514876 932613702 932658066 940281438 942057204 949524663 952077980 968398155 973084074 974892810 976814144 982128579 986348992 986892171 996209226 996707249
200 -990567019 -990446418 -978854034 -969739290 -968310883 -965717098 -965194139 -964578857 -964107445 -920129315 -917360042 -915077039 -908318098 -893158281 -886478550 -870378716 -864738701 -848816824 -824730715 -805229351 -782758989 -780496761 -780274100 -776988819 -756433322 -749173012 -694940382 -687871995 -681129415 -667119030 -650768828 -616927326 -604023141 -596508217 -589403203 -578630365 -576810216 -576734106 -564687045 -562337609 -551997331 -551294717 -545881561 -538384152 -505319496 -503247069 -496966750 -492022452 -486493895 -486229227 -482554520 -475415543 -470744428 -461186493 -451018938 -430057921 -418239150 -416527125 -413794819 -413416519 -404374152 -367885457 -349723841 -319729912 -313515934 -308495896 -287800842 -282309227 -276822275 -271153139 -270779872 -236413228 -235005367 -230373384 -212660068 -201814259 -199421428 -193096356 -188201005 -185653105 -177543846 -161015770 -141065412 -129168569 -121812798 -118663281 -107411693 -106592174 -90988554 -89788933 -86522358 -59770325 -56197068 -50413836 -39861004 -36982187 -36101021 -30480869 -10714189 -3608260 -3483584 8028892 9599374 17482571 31956642 47870029 94081258 104673380 104949965 133738540 159017625 164235641 172851340 184026239 189807414 192138417 194509869 199762001 203036139 203563964 207176126 209215468 214757687 214872660 216509451 231602465 245951274 249624536 256154542 258152361 264305959 291699984 301763575 302557444 355511687 356279873 357238077 361405421 373660580 374932810 387339068 391457197 393951240 404532460 405706067 416544130 421079396 424789051 436660426 436876321 441270345 442885675 445790649 446756146 453023633 456207971 481558183 495174528 497088246 500258205 522438397 524258974 535905856 537537233 552186535 616797800 627210931 654488170 662241839 663223808 689958454 699244969 714729021 730345891 735284816 737678950 741290539 756374032 764813935 770062549 785127011 792190814 792354902 795731374 800639752 805827253 825891605 843774009 856637229 870887105 909363902 911583649 915474272 948543724 949893419 950848813 963017838 963856070 969004810 980814704
200 -993732079 -980111116 -960812579 -957972855 -955964633 -955699026 -950953959 -949546400 -936588650 -915313471 -912824198 -897436574 -888707866 -886876057 -885452776 -872291442 -866628062 -850909354 -839793735 -825716235 -796404489 -781171556 -769315062 -759938718 -748540194 -747160120 -744218203 -742003607 -731042378 -727510339 -718180884 -710736249 -702163432 -698936998 -696223516 -651776726 -619327607 -607484046 -589127213 -580171024 -571335790 -561679050 -548676806 -540340414 -539390422 -533557946 -530711407 -526060147 -514050728 -513694042 -512702787 -506402969 -499291944 -497147534 -496487019 -490862874 -490313365 -465593088 -447074121 -437206636 -422384880 -409844733 -397695874 -393665034 -353543109 -352263746 -346908047 -322197391 -311839151 -309728597 -309291802 -308876543 -282204520 -279462263 -271717441 -261845432 -257779887 -253653743 -244350072 -238502930 -230642930 -230628368 -230168926 -221121071 -201423229 -177369955 -168656600 -164024626 -152615079 -150010374 -142422682 -139684383 -116179126 -98854965 -79506695 -79503485 -71135457 -67159611 -66017999 -65398573 -58586208 -49983350 -48873217 -48864853 -37783077 -17343721 -13229740 -8384203 -3807142 2601990 22417841 23352975 37185375 53841739 57074299 71534872 78737468 85060943 114510869 155065635 155640796 164938267 198789759 202901781 205869067 208761536 212700495 214912247 228307568 230972018 255864833 261715319 267713259 268052232 276305601 333888441 337921866 346925276 368693388 398226606 402152491 411921978 417572014 424617111 424881801 425579358 430320145 451186990 457905112 468062701 474219835 485751353 493503929 497596341 500611672 502042146 520318254 555486130 560813148 566665344 570309346 616508682 623398955 630237502 646925268 659797043 697674472 701461250 725343258 727441250 746758923 756491703 760479269 764629757 764693918 768860684 775468355 778948748 809315606 826968977 844427557 850420461 856648575 858516400 858541455 866563083 875518700 881783189 882531658 902011481 916820318 940156438 941625242 944698325 948542310 979590510 984545331 985549050 993409071 997796397
200 -965991728 -949552586 -949538018 -946001091 -936957209 -901351322 -893122639 -866249475 -854591013 -847615486 -812854654 -810782383 -810293641 -774779144 -765609399 -763933851 -732379185 -718024205 -697315240 -696987698 -696068673 -686810358 -673736069 -667309586 -666143787 -657575792 -636600302 -626978298 -617181163 -603254427 -577722907 -568847352 -560889582 -559054051 -549482718 -547273987 -543551705 -535413601 -526533342 -495301076 -488508589 -473212885 -471320106 -470964758 -464049402 -440999344 -438021922 -425049002 -412459614 -406044361 -396823796 -391325648 -380811373 -358805346 -341333637 -340442985 -322311306 -297199142 -297151490 -277700904 -271712552 -271058618 -267167678 -265313426 -264987322 -250481459 -248805953 -246555503 -240766819 -225789194 -220219798 -218341821 -205925475 -187515838 -181844157 -162409751 -147392469 -140690800 -123011290 -115332426 -93252022 -92915663 -85143975 -71355934 -68454847 -57440075 -54082808 -41719638 -32464373 -23350435 -2306515 -711215 15837984 18108286 24684541 33204511 38136172 38258731 41320162 51667883 72590627 103008187 105875886 109215435 120039054 123921054 134153129 146513604 151262373 156771309 158591508 167780804 170250447 173786065 178181109 178761443 179416092 198484902 200147617 204757856 217492709 218023161 220274556 224143833 230451034 240880459 260714699 267282346 295359821 299713908 316319274 342634511 347560265 363300749 367017054 384658126 395829003 396026642 397458376 406969053 414170452 443093933 448968392 454648351 463612256 466719919 487957334 488734434 488968132 492134890 512851828 518758451 530203065 534144488 535555449 539921392 544162319 555948391 561511156 587097090 596229258 606160315 617053694 620623037 635988955 677067326 690902845 694587977 701309724 726837919 730238095 739505541 757982505 805268093 811669279 837570487 838816069 863300368 869212726 876947228 880916620 887213522 888934386 889583232 890850688 899252091 904531457 907828309 910274998 919345978 924822636 932233293 940306840 951219077 961212660 962082833 964659672 973590038 980823670 981818024
200 -998629622 -987380674 -982596258 -968807419 -962365724 -946150617 -929873595 -923069394 -919729416 -897542308 -885268899 -877550518 -864518543 -854743163 -851509683 -841708019 -833037579 -832938252 -811505039 -806738976 -799560312 -789493474 -786814894 -779106831 -777535168 -764195857 -753846235 -749440679 -748801498 -747552805 -742469812 -729224161 -718880060 -717201133 -703732571 -696143571 -693989963 -682144020 -680943107 -669604585 -664597189 -640663309 -640619851 -637498572 -591837051 -590665286 -589932631 -581663750 -575860787 -569059320 -558605309 -557288839 -556046257 -537741907 -535145515 -533333440 -505895841 -504975748 -487821490 -485041112 -483750156 -471016258 -447509524 -441639649 -437914367 -433107874 -423568427 -374978111 -357315025 -343526113 -326560285 -269330945 -268059542 -239741583 -230663961 -227975698 -220741936 -217960601 -207673000 -202056898 -195637732 -183416936 -180483329 -161735375 -159027172 -151086388 -150180021 -150009769 -149026096 -137636150 -132856770 -131952837 -116602209 -115865957 -78725466 -65903257 -62550304 -43512956 -42871464 -37813369 -30471826 27651456 29218181 33496885 39177682 39560671 61581319 94503003 96878465 129042881 129333587 142915774 145649473 153683367 178470000 186540487 188681829 197385312 198715553 204347237 212083312 236189909 258144684 265234703 272986648 277697575 302828006 303416338 305376334 314560897 315039791 316835279 348288100 349726284 352352891 363081013 365954868 379115104 387114871 404483458 406711744 418393153 423619734 444398368 446030687 471420038 473563734 478626085 482034255 534829650 549742467 550997687 555272113 556934541 584780785 587309324 616434432 618906413 635427473 646236278 652951421 660148486 667005741 667566365 680227761 688529479 713221324 719030885 730721374 736060050 738867961 755018233 769932587 770014786 773386126 790984808 793709169 802733000 807658931 808214275 822112124 845553719 849095627 869367243 880561059 881155017 884750999 887157449 889765986 890496261 894567666 916864636 926409837 930459846 939832121 945141132 970445487 973316094 984021892 985840055
200 -997390307 -974778150 -960408184 -929353651 -927980482 -923405771 -921658714 -912479467 -895280197 -890479702 -884305691 -881525142 -879599349 -873720606 -866991398 -860826080 -858657553 -848471247 -842529958 -841169936 -839460728 -838336478 -835091323 -828293410 -820328555 -802582894 -789405728 -763495033 -749785222 -737535751 -736107124 -735328540 -709467391 -706905164 -695516806 -687693677 -686454111 -661862798 -652944408 -652267584 -610329672 -610226383 -608888793 -607210922 -596952595 -586906765 -585914103 -578281990 -576075684 -567514727 -553669801 -541960202 -534152149 -529739788 -500687922 -489510851 -484588536 -478558307 -459675005 -440918915 -440620764 -439936294 -424700864 -423803659 -422755493 -409465225 -382817710 -378227168 -376849803 -372576827 -367979889 -361533293 -355882335 -345599958 -337250323 -333923563 -330152718 -327544528 -314238082 -309053448 -288988828 -271567119 -260593117 -245603277 -242327106 -240712670 -238073424 -233172389 -165222743 -149713691 -145751500 -144182399 -137587390 -125737290 -124698634 -118954085 -105108190 -96250144 -70870582 -65307248 -45900280 -43006377 -13861906 -4058651 -3726314 34732409 57352676 66197117 75531665 85067558 93461635 108681322 113011864 125464353 136204788 179987619 185235138 223361708 226294060 231636350 233497001 239652622 256930742 262519809 276819259 318162361 324583899 325661228 326990750 329918102 329942479 331120535 332665946 338710541 341332314 355732569 362397035 401339860 407196773 426596469 429178250 432361085 434661851 445325251 447570240 464178560 489979999 490195229 490970119 512623256 522417297 524759425 544836525 552134924 557615369 584439407 592810380 596675446 609105721 610206140 615936074 621717209 630761921 658584146 681928283 706343427 711825800 716033307 731321784 737163058 740616796 742262606 749636065 756464880 762311262 765319286 768332359 775976979 780854922 782427880 783091708 788587371 800467582 820179520 823940868 852255682 854273662 864423672 882018426 888997337 890226423 915082890 916886039 947387330 966078146 968025513 969222804 972507172 976111865 994303097
200 -999370217 -996973394 -990858467 -990380190 -974131678 -971092851 -967184638 -965831408 -960532138 -949062228 -941075163 -937529526 -922750530 -920367505 -912908291 -910352742 -897694653 -878277644 -878053119 -869598170 -866179004 -844063255 -825065332 -819881390 -811638829 -811557325 -810855421 -808267783 -807274471 -806465434 -791183483 -778364763 -776801529 -771646610 -743671906 -736672625 -735925343 -731313531 -712539148 -703353301 -673171460 -642815252 -640263779 -629214456 -625998942 -607745367 -596390574 -596127076 -584224750 -582562661 -563554649 -552900806 -534352611 -532426985 -532163286 -517598319 -515160302 -513295538 -509209668 -507594360 -467010861 -466184991 -454275947 -440839536 -433661870 -429252125 -414738494 -410800126 -405686175 -403835824 -380642533 -373448817 -354926862 -348989881 -348937326 -341652417 -341627383 -339856750 -329060356 -324549673 -310579939 -302311113 -300978245 -296437272 -288999654 -287221931 -263451278 -260137666 -249076095 -242639416 -240778320 -235560664 -221668197 -217882713 -207999371 -195735225 -194537295 -193415322 -166933348 -156649050 -146492901 -144920623 -91682036 -86688169 -69453484 -61815273 -58500366 -46259986 -39610040 -35576585 -15131535 -12586070 -11949454 -11697096 22746032 36467879 43626367 54631044 80744412 81850414 85967123 90459163 93446725 114526331 122263668 128903967 132788881 138865084 148957668 163295238 173136378 175648873 181986276 209042624 221212324 227664340 246759500 253811586 260983561 279592715 284428515 290915326 295827804 322208755 335911267 337208106 338865958 343264227 357809884 359108511 387485988 400096926 414615478 419902937 426890712 436065062 437933007 438743415 445790643 454214764 454428943 486355041 496139069 508621314 512743973 516633381 524162862 534294601 550722068 555040868 556544799 563148335 578148916 583555318 591389565 648724523 659881969 690036466 693237315 699196319 705551711 708127421 730633582 739019264 739719496 745949938 747306129 767893085 789054485 793955786 813813617 819394888 874946410 894260191 920713375 925825394 931324167 932886432 960142634 982352754
200 -981358750 -980431772 -949268979 -945317668 -944429636 -922199427 -891004809 -887534820 -877645835 -875927551 -860268406 -858497879 -857530248 -852192714 -848843270 -837701071 -824245538 -822137679 -813856523 -811830645 -809719576 -808134104 -802554540 -784288915 -777242780 -772022790 -760764847 -752483068 -752397714 -750267790 -733772315 -710046906 -690373554 -674940897 -667817823 -649332438 -648968656 -643598468 -623330156 -604325752 -585900287 -573611090 -550651307 -527659915 -512298330 -509666277 -495621439 -494153791 -488240164 -483264818 -482434028 -443923717 -438677497 -428000501 -414042033 -411507220 -398179639 -384410208 -376636611 -374352018 -366204985 -363677499 -361521025 -360484851 -353918090 -346506980 -340682347 -315693325 -300257839 -299675407 -290583065 -281462370 -270379609 -265988403 -263788167 -258478658 -221504728 -217514797 -205635960 -204461183 -202662185 -200935957 -197070444 -192180637 -180116202 -164222904 -146577962 -122835755 -117838904 -115650473 -105452769 -102443262 -98297013 -84926998 -73708720 -62301014 -56519470 -48980904 -37096728 -35509790 -32476909 -14184368 -5366608 30257974 30914701 35787497 50836565 77871017 79131096 82255559 83588257 85185958 118037375 151943974 156402059 163807658 166088838 170970752 182500471 191296459 217015160 221185013 233209795 237368012 240161094 245258393 245666264 263990109 291126949 300202094 308052722 312889834 324243964 324771703 344017439 346619773 359112630 367122561 391732642 407098630 411905578 419391600 428494348 469998677 471440071 472665273 475454528 477773472 479668737 481629629 482801909 484065967 502132895 503589887 513005206 515794851 518047737 521822868 528053813 532982940 561699784 563344893 585797141 593604852 653589002 672261371 684257236 688183450 707185830 718159080 723164149 740096592 742206665 759750535 760386126 764616338 765485877 766053965 767044382 772111876 785913102 786116503 790476676 792730222 798952912 821121868 850896696 870876071 875566314 878956522 897255936 915547185 920565749 943950702 964124817 964139976 967975693 973934959 976104963 982168138
200 -981232125 -975777045 -975289905 -961435939 -960766415 -944960296 -943660212 -941156635 -937031590 -901899647 -896387552 -886997752 -886141466 -868125205 -863795805 -857428465 -837582856 -814807925 -802670013 -799887221 -796824773 -791677233 -788712404 -788015114 -787451167 -782335827 -759688864 -755905853 -745658163 -739029048 -738825653 -733575417 -714077492 -709931741 -708324584 -707250585 -700454877 -691421622 -679962492 -658195525 -603428738 -601463204 -600578653 -578142095 -571482932 -563111159 -510851677 -496789426 -495886239 -486391430 -458063939 -440840890 -439666711 -431630590 -423702986 -422251614 -398723554 -393930334 -374676233 -371168856 -370554468 -370469240 -356290188 -353844345 -352397578 -315132940 -309523389 -309076229 -308597462 -302370754 -271466390 -260975518 -242746860 -210144440 -206874495 -188210173 -184424469 -178031315 -177944194 -139188212 -123514241 -109806876 -104524439 -92680032 -87463817 -84328940 -82744467 -76856609 -76688236 -61971924 -47942467 -31473284 -23130579 -11603459 -9257668 -5737151 -1891154 14012826 29274157 39468836 40807163 49218036 53380492 75437053 80622227 98718792 101156710 111336481 111979252 117948114 133300418 146934007 155079481 161026845 172882842 181932705 214663673 217028959 217949790 243806971 256774999 262540326 309146174 322590908 323432321 324536873 327475332 338379387 341205567 349655194 354948742 358740624 361251808 364032151 365615598 370265796 385478548 386187199 406137395 412605187 414132366 415285926 429163339 437438268 456135534 465682952 477269275 507350689 516091688 516698227 518142384 522796182 541318803 546941114 548752097 551710661 554094070 554817187 554870836 563013287 572526709 574619129 576718834 578965985 599851087 607396273 608291455 622977087 647370763 655140394 660682102 663507948 664348315 664813779 675311967 682968682 698560140 735605392 748509321 749248046 752167225 773740726 805202445 816776767 817673076 819686157 828444014 837730604 848509729 881124828 893256096 901087034 915218885 933715770 933793762 947846681 965897664 969655948 990631151 994293816
200 -982342926 -968285354 -960784966 -959014252 -930696486 -930393172 -922143970 -906523023 -900245363 -896301557 -866037079 -865575912 -864471167 -858063858 -853819500 -852677089 -852469801 -825933670 -816632115 -807041516 -806469775 -805664036 -803577289 -799079621 -792994623 -786379188 -785560464 -754634560 -746487426 -736586193 -715415262 -705710568 -699741716 -679721999 -677312615 -662370325 -654897187 -654184408 -649711655 -642148070 -635368410 -629576994 -612505904 -597944664 -591912863 -589827642 -589529371 -585371902 -580918396 -563418858 -562561312 -558156618 -552325910 -551221917 -505739251 -498440465 -495040597 -490361730 -487179340 -479944789 -477210415 -470595026 -454878554 -439447803 -431023846 -421448830 -403683317 -379040848 -345798217 -335311906 -332478095 -304882210 -293072481 -267661127 -257689602 -248316344 -242886088 -239438817 -228902228 -226379262 -224576031 -218966994 -218539286 -196615313 -191521678 -184966087 -156561514 -154311172 -148912287 -139939892 -138972739 -138354256 -126544375 -112256337 -92981714 -76500569 -72070219 -62710688 -58591488 -53487103 -52351319 -12149934 -9570397 6071654 15503879 20576225 25657407 38151953 45839393 48430387 58828878 74129908 76929771 85938855 105099095 105722612 131350826 143570229 144163528 144164791 151879551 173459823 239394242 240157909 244897647 257941823 274380219 278663036 292271009 305072380 360484635 371609914 380609285 386198082 399056479 406790872 410253296 411926550 414651491 415113557 434986334 435354582 442620528 449593228 461541364 466763901 486075837 515573403 535754761 536229971 536368040 546064689 546645840 559576370 560036834 563431998 565278514 570731918 573121705 608722844 611092907 612887840 613294206 613918053 618010852 636627067 640214952 643236477 670427160 681080067 682340674 685628318 696198759 713717173 720536990 721517580 726001772 741301039 752988917 755501774 765668334 768809593 778330304 796946337 814102509 825290869 837929060 841478136 857838676 866635660 873117886 891146988 893155361 917767165 920842281 959143132 959513714 965910727 997018883 997647074
200 -987392468 -968251041 -965229318 -962440051 -958322512 -929280727 -916624926 -881240551 -868539211 -845556036 -843307701 -833012312 -829149166 -823021723 -811259915 -808556226 -799127414 -779869047 -762096953 -759716806 -751952515 -751132247 -733470564 -731628881 -726705663 -723670331 -710440020 -706102761 -678493419 -677877320 -660540341 -637765924 -637566419 -627636673 -625281778 -618832497 -606485841 -589005414 -571079542 -562619642 -552944167 -526793203 -520884938 -488684216 -479252917 -477144733 -447163175 -429500081 -403819720 -388995707 -388976410 -360982586 -343439742 -333078913 -313333049 -313170747 -302421861 -299668037 -271185827 -267443599 -264580387 -262277123 -246069658 -231426213 -229137838 -223576184 -223426871 -208120477 -180150898 -180079767 -176913487 -151357240 -148463212 -148446951 -147512650 -121880042 -115243249 -99392413 -92950660 -92581249 -88318929 -70588897 -47037238 -46621291 -41108575 -21147533 -14549671 -10007095 8960353 17873678 21084381 33108735 40136431 71780122 73683581 80024811 102883762 108742780 112133567 121714943 133553380 133965970 152282995 156252290 157283220 157695470 157874161 160829956 176727022 179756172 190076825 198125240 202017500 202453734 203209460 217757396 229115234 230483043 241926508 254834969 257656659 261106957 284160261 289029683 303420916 309346730 316309837 319609419 324099635 325695491 332673387 340357218 340473517 346778522 352215694 362066172 379791562 395060544 400446379 400819251 404234814 408483778 410676480 414592270 437963658 441090500 468625393 478934896 479444398 480860529 494067772 498286169 521520443 532997078 538675127 550273720 551060618 560131847 587801468 597556969 616468585 628909942 638649537 664229360 676856667 692020764 693444527 708362563 717658256 724495534 724612360 744990538 754013965 756874673 786923967 802984782 807875371 819473477 822150229 830256924 833081182 849184911 867773703 871508265 876006922 902118939 906464502 909000741 920310519 922782851 924557959 950916805 960137051 960863033 961234612 967411479 977712082 994765172 994943477 999497403
200 -996952824 -984049748 -975246328 -973762486 -968823324 -967724699 -961791392 -925018726 -919593540 -911724979 -900080230 -884577821 -883313655 -872676481 -867214545 -866732615 -858429750 -857227077 -842012524 -838921658 -838421147 -818272659 -816838502 -815179803 -788679357 -778475239 -778058637 -777325321 -771041493 -770582244 -763121201 -746811290 -726788903 -723747792 -698933621 -695209957 -680790485 -675184983 -660550674 -648799750 -638725325 -632878579 -627054316 -617200280 -604162573 -592232638 -587529680 -557878965 -549495809 -547960311 -532839002 -531698576 -522164486 -509742883 -508380673 -494939071 -492352132 -482889393 -481231356 -478617714 -467553148 -465187586 -464957840 -457840155 -452463834 -403230114 -374839061 -336999734 -326798086 -309602953 -283052246 -273057069 -263124342 -262250285 -242728960 -211371022 -208488751 -203254088 -197955055 -174092431 -142299619 -136873510 -136785179 -115528003 -103400973 -97962743 -80259816 -66933062 -58287256 -53295239 -31688562 -27714069 -27256754 -13138251 -12457185 -5035290 8257378 20180637 24778180 54816190 78554598 94298266 95483961 101096931 104246500 130880806 131605856 142580477 168455183 173005786 195122810 200024082 204117524 221233674 223890044 226124810 228203819 251846122 255514266 265796395 266142720 270894638 271318485 273669655 295004936 299706025 300424456 317956452 319553103 331885672 332016508 343810153 349850154 370922324 387513852 395994221 409637820 409965179 414067406 436145101 444714145 450152464 464385847 476583545 491585116 504014370 523615645 535468159 541193659 542386451 549622476 556387545 566600499 572529877 590308164 594209771 616831600 627669078 632849686 635095546 648047089 669112679 674401180 677255381 701529863 713794030 715155480 716556176 717378034 717611028 728465290 740553469 742250561 791191211 796325386 801468582 808575716 809239149 816521540 820484576 859867849 861740583 872690081 876228203 876290579 881509371 882490902 884806791 913992777 914900488 920125835 922909866 947663490 947718780 949620975 953077666 967130754 986270571 988279211 997704025
200 -986961682 -967406757 -962063275 -953446694 -938212914 -930163519 -919845932 -917015157 -916941668 -904991022 -903010879 -862874812 -853228049 -852009345 -849646025 -844234377 -822255781 -811757207 -809820620 -799293712 -797467439 -796776829 -759491197 -755106195 -749649458 -739610844 -729632880 -702982954 -702038303 -689973058 -676315398 -671112157 -668351344 -667909835 -666028826 -660086035 -657403005 -654635755 -638896797 -608768703 -596527488 -588586809 -586142861 -583013949 -576299939 -563493924 -534437491 -533535185 -523844172 -515289997 -508584591 -507683978 -498119507 -491871182 -487603087 -474658493 -449455223 -442948741 -437796771 -435106977 -419721101 -419465433 -410802183 -401876642 -392499701 -358549296 -329711506 -320476011 -307651771 -306011523 -301206512 -294227620 -280391239 -263125306 -258608545 -257568882 -257224208 -256187550 -232934692 -223122814 -196946176 -182920326 -174811180 -168513272 -149075563 -142742304 -137602316 -130424601 -113899615 -112951821 -98094317 -58790776 -45355671 -43432453 -37006525 -5851949 27531900 62748794 64893918 65880220 68657304 71383355 81779245 81953188 94852330 98707450 112163573 114650485 129589462 130754430 146073749 150230453 153226817 201930360 203404505 209227060 225177986 227268188 228131189 233587371 247186124 248763257 271046316 272073635 277174464 278532319 284703460 289185394 292937515 296396133 305427857 320658145 335357253 346296387 346442431 369799652 371410966 386634113 406281548 428829655 433990823 436648511 441481577 454798744 455226165 456483674 458325981 468320014 472267925 473841844 497954665 525519287 526237213 535415516 551453323 553787483 555392691 562139667 565824509 566220201 573107452 618152947 627980394 628255317 653893881 655222875 656054340 667927859 670208930 732581760 735726027 736459960 770415785 788556561 793863373 798755936 805387051 812911881 833006262 835119458 844366552 846344104 852863106 859800121 867518297 873839529 875602780 879096788 898300365 898989811 904792122 913008794 917838421 943702023 944198269 959434632 969872706 980247568 986432886 987304012
200 -998085430 -992443422 -974089216 -931493666 -930155361 -924494782 -920994196 -912756549 -887455571 -870051264 -868663763 -867415819 -860897564 -856778980 -855640536 -802742012 -788191228 -783639796 -778778682 -770756897 -759399238 -759282587 -754977415 -731208356 -716061401 -695126037 -675537750 -671476556 -668472899 -666244507 -660146132 -656421297 -650043911 -641784699 -636884733 -633972837 -627689804 -623264024 -607647488 -596702482 -593392395 -571215752 -545676615 -521909603 -510018979 -478207766 -470244182 -444560956 -441887708 -441181335 -428221301 -419371000 -408731328 -404977236 -372999132 -365035600 -363775522 -357667802 -350873646 -328436730 -328338466 -320947913 -320570420 -305781976 -296634162 -291462741 -283724403 -282025451 -278137320 -264125946 -241361409 -226354845 -209811301 -209616554 -196407249 -177092210 -170771720 -168491875 -163278141 -147264566 -137479985 -120117243 -105150686 -105004339 -89715464 -76243779 -70533606 -52132603 -42912240 -39310554 -18462881 -14299910 -13257482 -502056 59589811 81561384 85345582 100858442 103111471 108309868 109528117 111656973 113927491 119356175 122046629 125776454 130526692 131685574 155044864 157940700 171885080 181815733 182776661 220664632 221596773 234717388 244943863 252503552 255949508 259711101 281989718 290281406 304328507 320682273 332037509 349384427 353967375 354912444 366443216 367961395 368984460 374355120 384666724 396943601 409879937 413176086 428603357 433587052 443300697 457782940 461693396 474024086 478832708 496066504 526113276 533161833 539630853 544912367 558420779 573793669 587581304 604206500 613250612 614118793 623816469 627157068 641194027 660547846 660812001 671709573 691899987 701685655 712572797 735080472 741146132 747986247 748512841 755458681 763426229 768002009 802309014 804489017 810818766 812108170 812979183 822420554 844707576 850166100 860027489 866686776 882184453 901091630 901768292 907589550 909663700 918402938 922134402 927185546 933141806 939995597 953016473 954595310 963384190 967882561 973552541 974651369 975662829 987273092 991540885 997510068
200 -986461279 -980599059 -965223690 -958465360 -950455160 -947960611 -926192112 -925604914 -907575483 -881433865 -859259786 -856780623 -829706444 -819129965 -813107223 -803166450 -788338231 -780194231 -776412231 -768923900 -760831255 -757756884 -750242865 -723635317 -721158011 -716223299 -704969103 -683870707 -682077087 -670600293 -670024296 -656724082 -645354336 -642979323 -640680381 -626633637 -614867538 -614014865 -611002644 -606895841 -584816536 -580626544 -578699801 -562069835 -542053469 -523627143 -482679028 -482103685 -474248433 -472573242 -462922485 -455286915 -434929789 -430145610 -413547625 -404594572 -399029534 -396260258 -387222576 -369906134 -367542935 -357127858 -355573601 -354024366 -349706160 -337382328 -336469378 -334798680 -334736930 -316553405 -315255724 -290371811 -283306493 -257127092 -217417641 -207680931 -185599361 -171817450 -170551897 -166310940 -153375289 -152222952 -144636474 -128824074 -116330949 -107775739 -86990327 -78447444 -60688111 -60354073 -37459713 -32209077 -27054255 -24847883 -18955676 -13792576 -10102387 -2158128 -2148177 14936537 19566440 67643088 71378680 95155353 96603859 97375498 97654381 98282461 111582346 132312132 135270472 156692175 158672316 170349434 189646395 206853663 225811153 234754624 246019799 249737168 263214022 264874200 271274452 271945360 279342240 280771169 286101814 311249737 322314458 340771255 345472732 361527842 363065598 363974017 368142929 370124423 443780398 446159074 453193636 468813184 474428561 478754480 481016887 503927348 507317206 511591467 516537830 521037360 523029995 540548375 549095789 550965117 551113015 553250518 560980706 563352746 564239790 574637844 590581058 600328527 603318317 611386116 613091289 644040621 678186759 679361292 695075761 729588498 734479486 740085782 752794817 753085004 767214306 780886991 783329289 811941999 813966695 828465795 834811502 843364350 845065530 857928761 858308787 862323906 870715928 881783607 887917168 894212843 895051117 902738100 922335818 925642786 930623656 940958445 943330929 952489232 955182480 958166888 958605577 979785862
200 -997413219 -969403573 -953499682 -944937739 -940558825 -932003368 -907424421 -905200182 -903553114 -885677869 -885006207 -881099280 -860639542 -859542862 -837384925 -827713476 -807425461 -762383829 -760694293 -754305952 -746105809 -738827733 -731613748 -708515207 -704324502 -703445708 -700934967 -696607220 -691148947 -686427588 -685793682 -665922256 -659789685 -647845757 -642922024 -635426890 -633129259 -608282627 -605675333 -604095294 -601422046 -600417123 -584103116 -566282382 -560864835 -560260232 -554567455 -551501271 -528556390 -523518106 -514657840 -513582457 -506794467 -505192364 -497484943 -473219914 -463900673 -442297992 -424473359 -422042649 -418174622 -414879704 -411518623 -392988194 -384977068 -378656570 -363454316 -355571139 -336475562 -318399422 -310789162 -306118910 -298095042 -259491707 -253438368 -232935784 -229560832 -229021794 -223212350 -215916834 -211704239 -210813334 -183136032 -178381196 -177301609 -172932020 -167727470 -155263515 -152054115 -148086333 -136567089 -123368049 -113779635 -112638967 -100667742 -98014673 -63095078 -36120213 -24067006 -23373187 -13447445 -10252297 22290296 36019504 56915772 79731415 87642276 103159267 103953051 151518110 155824530 169767800 179487114 195993958 201163838 210138150 215640016 235122511 253210775 261826726 276743837 288435692 290505683 294126474 327874058 329385684 331239301 346332796 348560292 360341457 370644633 378344319 388241896 388265962 393268896 395203309 402674669 408965188 411262678 415089668 417424619 419757070 450262291 476236488 481441995 483782244 494850623 495779700 498917189 500297038 502926222 508599897 508613253 515534302 527447976 529000521 532772699 545554234 548464164 564487137 571402971 572937755 579434854 584345491 595111749 605077631 610226807 610902919 615620769 623157015 636814094 678895136 688997125 707324121 719465973 729054286 730543552 738093372 754434376 754979350 756361687 759466377 778015750 805588486 809300395 812245686 823855558 829945947 840700480 850938204 857366581 892958035 908228879 909979088 938768638 939996512 958646070 967390099 986616007 999032736
200 -985689692 -967226457 -959162162 -947991074 -946440848 -945215866 -927092006 -907835887 -905219816 -904665774 -871801827 -867535896 -854214355 -844332543 -843352498 -813184418 -810046115 -809892431 -799536742 -777920613 -771882515 -769726490 -761167133 -760223461 -722232948 -706922436 -705765116 -705634921 -691071455 -667630008 -660458475 -655495968 -641070051 -633649095 -607846871 -606293265 -604408728 -575122178 -563668712 -560207018 -539480411 -520362844 -517233041 -484283369 -472987704 -461567621 -457720010 -442240626 -431474596 -423602782 -423383301 -399503271 -389309438 -384342818 -380675711 -368164738 -367226087 -364926061 -364877797 -363273858 -349516355 -333075949 -324462737 -320048659 -312816327 -302734199 -294789949 -284361203 -278751010 -259466150 -253442552 -252105742 -246844382 -244966015 -226690699 -225732879 -217762349 -202483941 -199447749 -192545104 -189680254 -185281067 -172728870 -150654432 -128552959 -114356138 -113165082 -109846827 -95231486 -73544156 -71331894 -70006988 -53275226 -45049386 -40596337 -27873792 -16831925 2327513 49199023 72763623 84807041 99718931 101813128 105670828 106679763 121156381 136246929 137651173 156455999 157496866 158307743 166975741 171951705 189023592 189342596 190940342 205116265 231486519 237937803 240513407 246409153 246446346 247226299 252216764 255021895 258901678 302027078 302570667 304387760 305198952 312529219 321229394 329552725 346746587 346950401 350690079 356494638 364992056 371018027 374071475 379368160 394040058 394664435 394849279 404107614 411545225 422830023 438200876 439615439 471728111 483437363 491775626 492047067 502483213 503235746 505493684 508783042 510610660 512643419 514018371 514673568 533668126 541543334 544242402 563369846 575623945 611305099 624749550 632504560 651804452 655804545 656099541 656782771 698391270 730297702 731043397 770826968 771303976 772394931 773853507 778371853 787674619 804072606 808635805 830576881 846816631 850784372 853574500 858000659 875092364 893199476 901556482 910582295 921762864 936670230 953544959 962555603 964544559 997595288 999060127
200 -993324475 -992645253 -991638851 -985986775 -985465836 -978481290 -977027079 -941356396 -936128082 -930786560 -922462970 -887897406 -881344402 -878536072 -867997967 -866747046 -851028741 -850121416 -826638287 -819067919 -809911753 -800169523 -790853141 -789913765 -770516252 -759050694 -754271460 -732020451 -708446971 -705423717 -704258385 -700156680 -687694997 -666572549 -660240486 -659596397 -643885815 -629811467 -626025137 -621697491 -612753024 -602195136 -590300528 -567240884 -566079836 -565856416 -526309347 -525491779 -501887828 -501273505 -491891220 -489777497 -456393623 -445197125 -406023583 -392536221 -388728956 -382496004 -320897673 -317869758 -310365994 -304645579 -290530816 -289450702 -278053853 -274452516 -265391473 -262781455 -259605178 -252698906 -251064727 -241519370 -233548389 -232514271 -222313672 -215520082 -200468251 -198917724 -191960260 -171110884 -159486919 -156863867 -156175049 -155490461 -147396157 -131981931 -131732091 -120347722 -111587865 -98262396 -80455729 -78245102 -77479481 -43311126 -15770409 -12841531 -11956414 11372471 12237027 14893313 30364832 41589342 53232136 58470998 80159300 85249686 88357665 97336428 97507838 107833199 139359666 140324838 141046848 142514359 156816352 157916050 161931711 165251446 167583002 221273297 224688431 241858095 293558298 304490502 304515941 318670028 323942448 325404506 328622859 341860434 342973109 343307713 358364770 359410942 369054612 371966484 374165069 375733101 393043945 403897886 408932940 426785796 432768791 442523459 485008247 486149317 495325126 503920047 513583110 513793949 518354021 554914650 557256664 560605970 563956330 568749733 591282692 621015534 633721705 637925009 656736436 657474621 673708383 689105540 719221456 720362722 728287936 741244013 754910938 756828510 757027964 777485557 801221437 814248632 817892341 822061020 829455170 839258691 839734896 841682103 843719654 847695567 856945520 866346069 866843885 870533780 887027052 887234689 890846365 894208094 903382545 908678353 910544236 944160742 966721751 970507632 973894309 981199769 987887736 992812537
200 -991820530 -991378098 -988071644 -965186992 -959489600 -955118811 -936263332 -926863635 -922727747 -888331631 -884107662 -882782300 -876220579 -868499226 -818312793 -817927432 -814831035 -810602592 -792616557 -785564780 -784246417 -762117071 -754070769 -743757119 -739471943 -737193185 -733574667 -716269566 -706425531 -705090992 -698346133 -696518162 -695240650 -683761782 -676296556 -672674486 -671465069 -647369879 -634065700 -601318445 -592343671 -587688391 -572360633 -562526779 -558735895 -538263663 -532505970 -524657184 -510344287 -491569859 -472126516 -453142268 -448858549 -411774715 -406998102 -396882451 -388817134 -369274987 -368950969 -362904515 -358354505 -356870057 -354985326 -345510951 -330694642 -327966632 -315892787 -301165666 -296245597 -280275655 -246785385 -224506173 -209811013 -192567298 -189025521 -188910883 -169280154 -161030310 -155854077 -116965881 -108864142 -97950352 -95728008 -92101444 -68182346 -50117559 -45520017 -45240168 -40334973 -20667716 -2151891 1824015 12066853 36294748 48826017 49600977 50688554 60338789 63835515 67756045 70264578 70554405 75155720 83494079 84924382 91237294 101350366 152513655 159248759 163360741 165964802 166251334 171895714 180111922 182581351 185967447 189050771 218615497 221516312 236883497 240286674 245025782 245181096 258294558 267220032 304537444 322416930 338395278 370051298 375424223 375534207 394667943 397653525 405430371 408557879 415995620 418585706 423970129 429692092 439138339 442720096 457226763 464633490 473976607 475548506 485825062 487682723 504989976 509525249 516770170 521571361 521969419 525544122 529674233 529865073 542690264 561250592 565936793 574704623 599439689 605087605 610795446 627565877 665074388 667306980 673521920 698428681 706252010 708462551 711701808 718828042 720972069 722511361 743752477 748074876 775801545 803771171 811878587 834211116 843087555 870696836 871130230 873886659 874367014 875599630 876409215 905071508 910944486 910977322 924203349 929666134 933261467 934656416 951851541 965327566 965364049 972712003 976712468 994466741 997407740
200 -994446301 -991880888 -991734441 -990618559 -987147609 -974745005 -959165936 -948843812 -936058991 -912546694 -898208312 -897681615 -882710172 -875331829 -871988784 -848406944 -848033979 -841574713 -837652040 -803298993 -796091565 -791208392 -789963542 -787770647 -785506809 -784306218 -754943206 -748534340 -743497767 -693176575 -687694659 -679194406 -669803112 -656460359 -644109019 -624780956 -614139867 -611892858 -599238626 -595507736 -588782682 -582185169 -576730305 -573562813 -559064954 -547807878 -546560626 -542009401 -534674745 -507359583 -503133356 -501811017 -498902646 -496221448 -484474833 -466329846 -427982168 -422424402 -402589466 -373694609 -366649094 -358190421 -349267936 -347844770 -344007698 -341052996 -332776034 -321827054 -317602268 -315851160 -313981498 -309484303 -295838908 -291643741 -291495049 -282847622 -278886236 -267980091 -252250949 -246847664 -226533739 -221825905 -209797982 -198235407 -188164814 -187834859 -183706859 -176049561 -175472573 -173294072 -167616456 -160606377 -129564818 -125767244 -114886704 -92235834 -91556323 -91048861 -88865748 -76567416 -70516876 -67789237 -38237892 -31073149 -29309038 -17324439 -6407145 11070938 17777705 43336218 51707659 80564639 86176923 94988857 99018627 115101380 125808593 154406708 155677459 155858374 171417990 179082685 179814990 182534062 192514989 205889551 214414746 215427633 230535947 236001421 242726516 298668338 299625338 337373481 340523518 362266108 362647657 381389926 395368096 407987100 413792867 414629958 419210881 442196287 442270239 467826490 472518404 508167589 521378284 546088206 555403437 573956834 579493459 591746576 601138268 605071690 612817710 629399506 639189499 647162619 655314298 656283401 673303242 689856904 690852773 713952067 726227609 734273511 756571960 757752654 772044481 773221152 792397330 795414436 803542780 803668255 809649418 810790366 812107853 814349017 823636473 834991535 842023037 843558146 857620743 864127232 868262182 871367512 875356298 884167315 890271070 890906808 906721900 910893020 913560029 918445696 933996178 986036781 990365262 995603605
200 -999136538 -992836851 -989832606 -976617797 -959731071 -943871594 -934651193 -929229658 -889420391 -831492430 -830609168 -829281908 -822638994 -816046343 -785188864 -785103726 -780525280 -776532253 -773201786 -770696327 -766486529 -757015281 -737557440 -708875730 -699692468 -692996134 -680279795 -676250879 -666185949 -646865703 -637644585 -634423163 -626217947 -620346582 -617977305 -597962944 -594639184 -578606357 -577561963 -568226381 -567509892 -559694442 -556241188 -533158068 -533141604 -524667544 -522794775 -519537984 -490970163 -486443962 -482078016 -476914189 -474752491 -466813659 -466011243 -451733686 -444193919 -437712117 -431870678 -423510137 -422140518 -421762864 -407966883 -384185308 -383993696 -368180943 -364115137 -360356136 -316196046 -310877444 -294267375 -278111886 -277735885 -263880998 -260990380 -246208515 -239408980 -236760551 -229908752 -183960094 -171312222 -166105055 -157020590 -142992492 -140321068 -128903553 -121516316 -115550240 -74074094 -52130231 -50138524 -46703725 -37693656 -36763436 -36185659 -23740490 -15450013 -12450457 3395001 6251905 31141681 34839052 38451914 77120325 80906625 81976809 87455537 87831821 92260971 98410074 98947528 115799138 124134181 132294280 133812050 142778290 142901383 145442104 155190138 175156114 216512798 230593127 237103812 239781532 259587602 288498689 292830177 312540824 367479736 372523341 374612059 391808233 397739993 398312611 404694619 410149254 412192959 420100866 430651375 450745271 461878496 463648396 484800917 484974129 492111937 493200596 499754235 505017751 520858372 536993504 544053535 546525582 548742601 555577361 564210228 584408808 589503109 594810102 598692713 602956236 611046961 617141971 618639198 622234271 623368471 657007538 659711498 660651673 662347960 669705510 669993786 678305252 684510676 687646780 716371492 733886720 737822841 754764559 780777868 784922461 793006690 794581090 804263625 808024472 808517321 834466538 862732203 867502067 889631088 891949033 898778670 910728448 916372384 923731009 929054277 930731929 989328970 989690610 994064954 999118251
200 -979250120 -972379339 -961079074 -955900621 -950138588 -940173895 -917821066 -912771791 -893735584 -892791596 -888279039 -876184964 -868825077 -855373865 -853269414 -821807166 -811969018 -808170583 -807374922 -806485682 -805305221 -787670254 -776382110 -773100364 -768587921 -752946946 -737518056 -732632042 -732583789 -725940947 -724182906 -709125907 -693513945 -692158495 -685002656 -678390866 -675729819 -668228858 -653018880 -647777173 -636837852 -633455779 -621673246 -617759532 -606648824 -604102006 -601811601 -584640991 -578182583 -570422732 -548216504 -543402128 -503205156 -502660847 -500232790 -484878776 -458899460 -448023173 -446817683 -445358122 -442038525 -439449702 -437801838 -432186971 -420076817 -414277118 -400823500 -392489919 -386459652 -365293822 -364859243 -355274363 -350558493 -341016345 -301465252 -300564408 -288169108 -282986261 -281688303 -266062454 -256075052 -251829966 -249891445 -244853030 -241351166 -241185913 -240167659 -214729111 -211982622 -208255755 -205536508 -198355277 -196339176 -191075184 -169623669 -165372187 -155781328 -149355455 -145977603 -137487122 -134438551 -132554521 -128767199 -120675343 -118854022 -114976987 -91096332 -90873031 -89419594 -61003144 -56967494 -53356678 -42449504 -20088864 17538432 52513519 57959039 69113269 76607172 84772971 87668945 94850002 100893031 109823169 126948979 132024503 152847995 158934650 200813002 226486943 246838579 268679182 276863904 277289618 291182343 297090329 301344919 329223028 331026911 334712580 338237381 342380142 349918488 359335272 371950443 387731658 394612210 395025594 413313345 414523433 422710307 469468269 476901378 494773776 528249620 538548188 545461124 561891106 580591674 596623777 602525650 603332622 607456769 614016496 618302315 624414037 624898261 634909100 643993831 675329688 700159673 731363660 736089336 737470801 750617816 753355567 759213822 761681160 772975023 776032670 783386402 795953991 824294368 824902917 844069856 847708919 848601653 863733564 866988325 871117710 886294766 897749175 909977280 914981079 924549516 936514110 950659339 985988541 986191583 997409662
200 -997834195 -994821427 -994125618 -965671962 -959477953 -956097910 -950417154 -939134244 -925080689 -917945403 -914503982 -891536536 -889746528 -882614741 -882217917 -873631855 -870124444 -854616170 -852031006 -849540823 -844211080 -843513473 -841523628 -831263645 -830192312 -826960027 -826830832 -824555395 -803396938 -793018755 -788012572 -783067684 -778312981 -751005408 -730111885 -721470781 -696487640 -687275931 -679826811 -672768135 -658626911 -654334563 -648430565 -641635342 -638533266 -629591650 -626258593 -625131516 -605759277 -601610164 -588333984 -571808109 -567096012 -565681237 -557125354 -547036963 -537506914 -517460650 -484697861 -479981940 -478443176 -456807382 -447470215 -443297808 -431181551 -420629655 -416333880 -389501937 -386383518 -369211947 -367888245 -345262482 -312780527 -306653554 -285251811 -273678427 -272746384 -264547434 -254497122 -246432592 -244840346 -236704778 -234885153 -234212057 -221802391 -217672379 -216278365 -213615506 -206364449 -189280291 -186302042 -180307569 -179006639 -150653441 -120884052 -110910562 -108112748 -100787119 -89931593 -84972842 -77648389 -43497444 -42234944 -32441116 -31930638 -17372540 -12764864 -11433139 -2503092 -2147235 -1733042 5382149 17280881 24053740 30334732 36543824 43653104 57431091 59407288 61687908 92865205 93537905 98881382 99522452 137270360 180817676 184302527 191788358 204770469 206511824 207855939 208327021 209891361 220757379 237215757 261296101 279893185 293707671 305731406 311623289 315733513 323198206 331889964 377729723 386726888 394275499 402309276 418816401 434407993 454544500 456053673 459737918 475246012 479515067 500833346 514272336 533641405 575801618 579264016 585121691 595870157 614022146 625230749 628481439 653413310 655363878 665003441 685061913 693889946 702126428 705357410 706587341 706861859 710624137 726372433 749214734 755783785 757266165 758877069 765976549 775648192 779721049 801546297 840432884 855637984 857614513 895401074 898968956 903687860 921236263 925754209 948503069 955444643 970636890 970923019 976359697 985643829 987810720 990820413 995898872
200 -997930815 -997435149 -978633101 -976999510 -970198199 -952271498 -950093088 -943643626 -936294057 -926693971 -923470255 -920708027 -905975696 -905857139 -891602218 -882023681 -868438932 -856684039 -856190921 -833865103 -816646956 -815079541 -794469855 -791775463 -787305148 -781754418 -779558056 -767749396 -751336502 -746236287 -731013835 -724617638 -710059601 -683441571 -681061905 -678295381 -669074737 -632807623 -598442032 -597663490 -575765472 -574493437 -571424759 -562625479 -547676619 -537427539 -535754826 -531291543 -528352226 -527818299 -519936518 -490943075 -484157120 -473379346 -463232348 -454519530 -449257110 -446269383 -443198680 -438958206 -425969657 -414490346 -368361544 -354749876 -349781177 -346647549 -340448385 -320853913 -307640029 -296064760 -285189163 -281648414 -230238069 -199961752 -181233723 -176087467 -153419172 -144373500 -140353843 -135822497 -133281976 -121015686 -113181269 -111962496 -111585031 -97860179 -95761433 -84428849 -83719514 -82063556 -77502677 -66391788 -66255038 -54697794 -53357454 -50712223 -43376020 -36454035 -23306718 -14625518 6610901 20151897 21912770 25420631 34793578 39573991 42264846 63966717 77943847 85431276 94284903 96389043 96739460 103420342 105522915 119529686 119801379 128384964 131040434 136120551 147451565 158740076 172039115 179897849 180494938 185768426 199210435 201502974 223467512 224301315 239226194 249107498 259619691 266450624 267194547 270472686 270875871 280256190 292777371 310075804 324657871 328537979 345857334 349290649 352798138 364489955 383953221 391447729 404685010 418834782 441090531 491605594 492385475 498704175 514446077 545591204 557890422 585538124 599275778 618635045 626215320 636952381 640040713 655979655 671327273 702445187 703269403 716030384 716423702 741281142 742248570 761067852 772389148 781636513 791589743 797589717 797945996 824210488 827349836 828183551 846641951 861060436 863809073 870150885 870379915 870986460 874081405 882014281 894270794 905515303 906952590 913288759 926368347 933634916 937696066 938553765 941797320 958230549 975356796 987474987
200 -993030205 -965590914 -961065357 -957311446 -953257196 -929728837 -917742141 -901238962 -900758564 -874278731 -870492312 -858260766 -850476418 -849125458 -844212533 -826672971 -799276044 -798005954 -790569999 -787390274 -784691961 -774152548 -764062602 -763712890 -740051568 -738795237 -726467471 -723453994 -722874626 -721803949 -721254263 -684093145 -682721841 -665366626 -662746013 -660710790 -649428870 -641975265 -627243639 -623670138 -603429733 -593264161 -586698315 -580511281 -580456720 -575317532 -558411412 -543353560 -540073705 -496357998 -494571117 -491224536 -490387669 -487475504 -485978303 -483321153 -482237220 -466359392 -462793986 -460717846 -457852903 -425947065 -422618322 -416582611 -410233335 -403586285 -397792322 -395886297 -381689889 -379735625 -335883425 -334930079 -328127020 -327638584 -317245334 -316388509 -295792486 -286301755 -255204412 -252142791 -240144810 -239922826 -229246183 -209242776 -190674286 -148376932 -145732751 -144651708 -139388929 -135444856 -129142543 -122400688 -121307060 -111408991 -109252025 -98213663 -91566129 -78462896 -74243661 -51080726 -45588301 -44768270 -42596055 -40283328 -36591542 -5934482 10680691 31146862 35365973 36239164 48287986 52856771 54272806 65223935 77451351 83015754 91244708 91754801 102003990 113223061 131819667 132923223 144909796 148857496 153162531 160642420 172622188 173552492 196581581 210450812 212815291 225817563 230181290 243526659 244513680 245616663 249141027 273148773 276973131 288179555 290950268 293746033 317218729 319906609 339180089 344857163 377057234 389226896 394000220 427894986 440640810 452374958 467339857 467612377 488505312 500319630 503811837 511344728 527529553 540949727 589709199 596626421 616387850 616696450 624330343 628741446 631246891 636514271 655651346 655731094 667529370 668803745 683991080 684186212 690198372 695280207 720807231 722311161 723784665 725167598 725730472 740751818 749604253 762064756 765465729 788470159 789638702 793487392 810415819 826463469 829370103 837135046 849026009 867645728 870795727 872824252 936414426 936780764 968973142 997155705
200 -985451670 -980216002 -976719419 -970128143 -947357943 -946520024 -933085746 -908738879 -908277227 -886224507 -877676264 -862321997 -835574070 -816877719 -814962354 -799757823 -799289015 -794677966 -785061938 -783860285 -767186503 -744665285 -743962778 -726498231 -718549812 -716659451 -689261083 -665619555 -624630248 -615602876 -607091747 -606781678 -578969771 -551993831 -547140066 -539125957 -538509395 -531822189 -522635879 -522252070 -506851622 -499113162 -488997320 -481966602 -469220195 -444278173 -432353563 -379865833 -361643926 -354855603 -333566710 -328606174 -309286755 -301592503 -296841622 -296068875 -290654176 -285515959 -283783898 -280349293 -280017546 -273124572 -261461926 -254718917 -229757381 -221111992 -205728379 -205268531 -181869364 -175097118 -161212676 -129127508 -118691396 -109090155 -106572097 -103370020 -90509989 -72509125 -62152947 -53964236 -45121742 -15118015 -10682187 -9711089 -8753606 -6398603 27721696 36312091 40628156 41649396 46783908 56076976 68061916 75136538 81035792 109031851 114356943 120951038 125880420 172683680 174161362 174804654 186715133 210026262 216654408 219069022 231869994 244532053 254278384 255094635 267950682 270281719 270765454 288131686 288319993 300582905 304014985 310329096 311202156 320663146 323020357 338277264 339888561 340384247 347956943 366273422 368396974 368403703 371727404 379089072 401254239 418231004 427316564 441777707 447041714 447711285 449548472 452386818 454849909 466612300 473930927 476271122 491296818 502590658 504011737 520082656 523136555 526844111 531508290 532673144 537074525 546707761 573073032 581795109 591616097 596886827 599828884 603286280 607877329 610956339 620160060 633282485 634162786 640308313 641254549 642265627 649579333 656438596 657387514 659781911 684968928 694023252 702102211 710075934 711889591 716783909 733702018 762516032 764181648 796256650 797674433 806604493 833512998 836854538 841446137 841989980 852167816 865257306 870665034 872276305 892932911 894416419 895232706 897219759 909767297 924602088 929543716 936738141 958890846 970387379
200 -989691883 -983383801 -964482915 -955486186 -950374264 -945425979 -944365082 -934702600 -919629991 -919401427 -904305223 -892438411 -890748209 -883313175 -833525495 -827719541 -824925757 -819422177 -806100700 -799050909 -747771139 -741445051 -739804667 -735625347 -724881464 -719462119 -693377888 -682185898 -674010537 -668440968 -668363058 -667654183 -651046334 -613646656 -583909458 -568985074 -559547391 -559299784 -545183509 -542645934 -542301545 -524112475 -498386607 -497054135 -483255307 -465978787 -465495093 -460861128 -450321477 -437337609 -429960120 -427742743 -426572528 -422482365 -422410733 -416075648 -409768733 -394978970 -384481539 -375767481 -375590214 -373176328 -369574898 -345701039 -330879959 -320155500 -311398342 -302634386 -301037871 -292889756 -267298670 -260273281 -254430771 -241673819 -233871270 -224240232 -216362914 -163282870 -141777694 -140736355 -132340295 -128740499 -98564473 -97888766 -70680678 -58503315 -57301556 -30408657 -15232172 -4934827 4056604 19832268 20259272 39588868 60622905 63503559 86719577 91807176 98464202 123565762 130013470 135545868 149223429 164156593 178186592 183678875 188654080 207089858 213070585 226821834 246506323 246677880 247398214 250737455 255231597 264804716 283392076 291861328 294200068 304043295 307521573 308398800 311996671 320855795 323822983 326794027 327134216 329434965 332145945 332905185 346188211 348525853 348537776 360155011 363552353 370558758 373243782 386326635 394610404 398058110 405552160 407036254 425698733 431637002 439705657 442169273 446494972 449726616 456835270 466953533 471730386 473775168 486646168 493520605 494512309 501805120 536001804 540798559 558358710 571446610 585461502 601377220 606041132 620827383 625842846 646152194 653029024 667376840 695282850 698177697 705814316 707724268 729218987 732394847 744000232 755898636 790143929 807422714 822358495 822512593 827842615 829986942 835160020 835592103 871750392 875526057 879954222 888915859 890405088 916481672 916609694 920673483 932800500 939380757 950180328 962354953 963515640 972638742 981157522 990104448
200 -988233875 -984316045 -913043163 -911976288 -911412056 -893295181 -852118290 -801455479 -793037517 -764059040 -754399451 -747517637 -742297603 -727110329 -723301354 -721489827 -708828136 -691915844 -673355629 -661312428 -649769236 -640171397 -630751851 -616540508 -607879198 -605501140 -587718575 -586304116 -585287295 -576475190 -576152728 -565252671 -558812466 -555630188 -543970362 -521890488 -505009007 -496782828 -494128301 -483427587 -479659909 -474320225 -471255545 -456645601 -438711663 -438135576 -428021698 -421971501 -406052248 -393763946 -367602311 -361865147 -353457206 -349619745 -349177649 -345900780 -335507171 -318371063 -316894908 -300003839 -281011373 -277514723 -260774862 -253076703 -236551927 -230076957 -229380517 -216484037 -185425343 -184611231 -175065889 -167824280 -145300083 -87471399 -86224396 -84300798 -77579824 -55911062 -51701031 -44124693 -36904032 -36596292 -34518486 -32256790 -31416702 -13222418 -5661997 -2483084 -270991 4093088 5328787 20315027 21068962 28003773 71735596 72747267 79390217 86146198 93152820 97516014 98538101 118944111 130373315 149785375 152955452 154931717 158540440 167552002 170755625 185891592 189826264 197099021 210822572 217768164 221260398 242418298 253932988 265240956 266784952 271514891 303469372 311058016 314004716 317594292 317613232 320565116 325963926 335128788 353231565 353663858 353811519 367125295 373660270 379639239 380659842 393377093 413218777 416559499 442480194 444223634 444523998 449393515 455523030 458795921 463105146 473506354 478467117 492315065 507675232 511340639 515154774 540654028 552561591 553255361 556829644 564416689 584344856 591899589 598311526 607845667 608655562 610676872 615759863 633157557 668463432 690334139 695644800 713791739 754908461 757321990 758241693 761704440 773981076 779280664 788234503 790029001 792317383 797861566 799367627 802256402 804163678 806915530 821196769 826389729 832339632 837767426 839214715 843880655 847738490 849933986 866257931 875926053 900308707 901281375 905290350 932805489 939888897 970484536 970776539 975118521
200 -996073876 -993699636 -970486487 -955092249 -940139475 -929222405 -923878217 -918899066 -900445870 -885446292 -878602749 -878420188 -877576219 -877033038 -864158903 -839942819 -833109259 -827560159 -813793078 -796160959 -786861919 -785839133 -760917083 -749793293 -730585769 -726976855 -689935807 -682972065 -679346762 -666558628 -664582982 -629066530 -626518675 -601760891 -598016814 -596158007 -590885044 -561943062 -544706296 -532657324 -526955577 -515960835 -514272753 -506589849 -504255576 -502923773 -500431995 -499501439 -496082508 -490903382 -486396532 -485158328 -484133996 -465326750 -459202673 -423512932 -421327007 -413995871 -406396376 -403941144 -399564725 -394388280 -385593172 -351167113 -346564508 -343811110 -342220456 -341958009 -336760427 -335604459 -324765066 -322283785 -298718832 -282435024 -265909113 -262086031 -260557098 -252387305 -244513100 -230842477 -227998019 -204339144 -188837859 -180536891 -173806124 -162654326 -153514436 -147705835 -138688562 -129445028 -119854308 -110427308 -100916941 -96800287 -84944825 -74493300 -66716816 -65754397 -63625834 -62706198 -43449759 -42085967 -37884495 -29101703 -24519451 -24374155 -8989986 -8960077 5828363 6406580 8327300 40868476 52493727 57691308 69288281 76066579 98458190 108035697 119412291 121396868 124381692 128257943 144196684 154493313 157486145 164045169 166743090 169146797 192429020 221291454 232830976 239034387 240015242 252375852 258630874 259609824 267902697 290059466 301686408 317765250 331647104 348977385 349128898 391113273 396301322 401655844 423987990 434948427 460890073 465443754 488067203 492298477 506864253 509501596 520557887 533439801 568511004 570177668 577320063 590703443 597549723 598417011 615243787 619947987 625344624 636564233 645129936 659974651 665076992 665296107 673392443 696584947 710318502 719545291 757689727 782324056 808313638 813926963 822639867 824253817 828822191 833907335 850851571 858504867 858598780 871327999 889040781 892752616 895646413 912434826 922247141 924487131 925794009 957793998 959360007 964638374 973080348 977247926 990443573 995159699
200 -986709909 -974398015 -932939337 -918031778 -916525862 -914698128 -913963128 -906599927 -891762452 -889847862 -884639705 -884377457 -843193201 -812596719 -797812976 -793071534 -790731304 -779799207 -759661120 -758383868 -757028801 -755857806 -755609094 -742629667 -725546801 -720516981 -711447497 -709717786 -701556928 -697749392 -684411299 -675245028 -649409437 -638020225 -632640353 -595822798 -579751751 -578252145 -572915295 -567701246 -567134928 -558879149 -552605065 -522930768 -511671386 -496100232 -460614454 -458020910 -432888487 -419290545 -415186267 -414335619 -407550163 -406296202 -404863758 -402979926 -396600898 -390723936 -386357989 -382120911 -382091812 -380756636 -361486561 -354256632 -331486766 -326695429 -320528429 -318016850 -316478174 -314604408 -312026128 -286614419 -268894545 -266337322 -261954126 -256031130 -236262550 -234938289 -229714740 -228038116 -210543574 -168059415 -167935515 -162943092 -161784494 -157454246 -155479560 -147648994 -147175900 -146367583 -132787385 -129013313 -111995989 -111477230 -97867396 -97404801 -83926658 -61774154 -45457161 -40138841 -37853959 -29490573 -27734130 -25672608 24782387 26424791 35866059 40361596 46340718 49909174 51002598 58634878 71191089 74203235 94008433 104886586 119110959 130002646 138478672 193720486 237505114 265280662 275736265 279885125 279969787 281827992 282697812 287485980 297561222 300628697 307619554 315788674 332898266 334660415 338655749 360023083 372441614 380813298 387160472 402738732 405525932 408772237 412361240 424494769 424676888 425022800 442576623 460544781 469964743 477802155 485186415 492450764 500641177 525373314 535998583 536094092 536920334 549382612 557061099 559786076 566206870 568700422 574138412 574269569 595387963 600187003 618828574 643639793 651609913 654783376 693250405 701916545 708212693 720758401 723930921 748940343 761491837 766818407 776862550 787099450 813557498 813622326 822813983 834370635 849583712 871536926 878777063 885153437 888949451 889798750 889920405 892065826 922522914 928190074 931581438 938932722 951609956 980877025 983630542 987004342
200 -997566543 -987128768 -985603198 -985017617 -976148773 -971559666 -967595325 -935338522 -873707645 -873446582 -870515436 -859000526 -857684521 -851074157 -843105363 -839196230 -837705659 -833285076 -814313040 -804791499 -792708491 -790703685 -787736354 -783922843 -781952189 -767457079 -753992149 -740875711 -737778757 -735106904 -733880603 -731338005 -723077244 -720928937 -714162680 -703274307 -701879692 -698994769 -684784591 -681144742 -641193158 -634428172 -611193807 -610909663 -608480333 -584190998 -579960696 -556991180 -554975757 -548442286 -545577053 -531904546 -530984342 -509829130 -497363506 -478481455 -454574631 -448324604 -438644706 -427779503 -422377740 -410839619 -387629788 -372847693 -352398722 -350586668 -349842474 -349600017 -346642966 -345368353 -311038728 -304301327 -297762528 -295069549 -273075682 -263408018 -259833222 -256940124 -254126712 -251048136 -240656513 -240292421 -232645674 -227663912 -220954806 -218923295 -209917627 -206163576 -169800994 -168729174 -161694486 -152626973 -141570599 -140462747 -125198448 -119319690 -93858766 -89842855 -54205337 -40257541 -19997715 18856609 20398651 29514449 29583696 40721222 59805646 65426549 66436595 79293185 85959905 108283013 115640384 130704084 153091380 172744014 174698077 182962956 186507768 194600477 207007198 210348260 210496608 228511044 229521637 232389804 235846534 256547682 260206885 261828892 267346853 269103632 288414135 289420762 292411046 295076736 306259789 312304631 318175526 318315755 344941585 360385323 365041809 371634607 373865379 379444537 419272561 419808074 420041780 422043977 424779970 426509144 441074818 449038600 484693116 490219706 514277849 515872742 534195252 544215902 546148042 549222219 560510660 564632169 572911017 584630529 617273127 624924787 644656326 667380801 668537751 690388787 690882481 697653039 702981635 703688842 714093896 715591265 727693629 731636064 749885573 756948043 757202811 761666501 784782113 787242919 790246483 794117502 798138953 803920307 816528663 847369866 859542517 876930469 878657829 909622395 951314318 960518045 984545533 997760059
200 -996252927 -994839789 -990981765 -988849790 -988515075 -980083541 -972355789 -972219971 -971646155 -936635074 -932732329 -923667122 -909532863 -908829350 -907646994 -901707806 -896584634 -894537064 -870770621 -867380614 -861875476 -850379853 -838422271 -822894509 -800965507 -792490995 -767438053 -760352052 -751312588 -749973464 -722209941 -717402395 -712637465 -702250181 -701786822 -690594017 -686401234 -675513253 -672249422 -658758997 -653185059 -652432197 -649875727 -639546001 -628450528 -610177026 -578080474 -574276133 -567214466 -562746474 -545922966 -536606293 -529191113 -509101688 -506038602 -495519496 -494840792 -483650338 -478475185 -461787500 -445774904 -443691002 -432022657 -431759829 -429615079 -421052213 -411843689 -389691475 -383398224 -351907190 -349787502 -348837821 -328593419 -325047912 -314585072 -300401072 -289127809 -271107861 -265782071 -260954039 -227875221 -210527834 -177251653 -174161949 -159373029 -149952642 -143839378 -143307685 -140850910 -113449305 -112360356 -111469571 -102874433 -91098326 -85285667 -58059747 -50307088 -49965543 -39016386 -38816045 -37959042 -33273116 -9393802 24281090 36421168 48062547 71782871 94029846 97462133 106689427 110527134 111453697 112667967 118057343 118128594 133344511 134715251 159266350 182534949 182931000 194703659 226366142 233024613 238313201 261357420 268650011 279838857 288848956 292663449 297973590 304848618 321826307 322420205 324118722 328142139 345624583 348630996 363543664 379708842 409235510 417352045 418967867 427565322 481314040 507973631 515854968 539231069 555524427 572514549 585894565 589047700 589457985 602167967 602531435 603244367 606134601 614106379 617323589 626481573 630455285 646579150 647019206 649124599 649558153 675889081 715176325 723343448 724677703 727879622 731136723 739820108 742452369 755928111 766254086 771060689 778695364 788398016 801473939 806432073 822814579 829819214 836623846 848106943 848892281 851708180 854723348 855481562 882006851 884430577 890478136 904369348 914201855 926095760 937994336 938188016 947306699 947575411 969130199 973385294 999663548
200 -995035461 -993796706 -989253715 -988909745 -963324512 -959195376 -956962363 -956899071 -940447303 -938799051 -932466113 -916233345 -912005540 -911264415 -898606794 -877107140 -855955686 -846178597 -845327641 -843740636 -838211154 -837895553 -837525966 -826043668 -793851836 -790397097 -779268488 -775336408 -775058468 -771430243 -754943631 -748618911 -737286703 -735874026 -730905130 -729403235 -717080239 -705220236 -701005933 -697126092 -691763752 -690492124 -668915907 -651726873 -648580891 -631576101 -620591084 -620168306 -592622412 -575927430 -572280370 -548103343 -546102688 -534461325 -526043908 -521000735 -511076634 -510337754 -479360955 -474444118 -473292280 -460469951 -429685256 -414165505 -395433622 -392849659 -385687387 -367125313 -358082906 -342823682 -330886802 -329369490 -322641562 -321684606 -308716603 -289790408 -287347447 -283327322 -283229988 -267467446 -266850623 -254286539 -204743990 -200031421 -181261458 -179411537 -164511491 -150953822 -144824589 -131806952 -121170251 -111685719 -86067133 -84048206 -81769808 -74749038 -74206351 -56675473 -55123882 -53546424 42943977 63804757 65574262 68857441 69327596 71559181 76863703 101067237 101148662 101454623 117292344 135514521 180860431 182756607 204261781 211691125 223798932 228886963 253876557 263842022 273800165 281171988 293938938 295943204 297948565 310993967 314743737 317460879 336446935 350108846 360974023 367475702 371667109 379006457 416282120 445580066 452167498 460360238 474872193 478885833 482726269 510953278 523516224 539043955 545064565 553110947 562186509 573461191 584337905 586798775 592246388 592741527 592846305 598222297 611311716 627123290 641430658 645702416 655181790 659155293 659615728 663934344 666318758 671460798 685074856 687470116 692983344 701076514 703939685 729202952 742292322 743724620 748421175 751712437 769102783 773187214 787326787 794475634 800700639 801445996 812515477 834157324 840847821 857590234 863961849 876079041 892787240 902434153 909015811 925463296 935642156 940311221 940635134 957431807 963021566 964653948 966789518 982128809 996600982 999593018
200 -992573715 -986372439 -979783825 -978069381 -968007585 -966777651 -954308122 -953742210 -951988022 -949516131 -944762072 -930223380 -919685171 -894181520 -892454059 -869076290 -866125410 -864822224 -854464003 -850186958 -845891296 -799071982 -795434230 -792800537 -766557967 -745076883 -743655480 -741555215 -740460874 -734793605 -729232251 -711343865 -687220745 -665189479 -650693227 -642870244 -642844317 -637851021 -635466283 -627359677 -596047485 -587048027 -565057616 -559733228 -558653555 -554620561 -547789883 -538857832 -527296540 -513285252 -505328588 -496023311 -495056464 -492310016 -479543075 -471455272 -468348613 -465407577 -461510676 -429053388 -419663268 -419587503 -411472638 -399108129 -396060635 -395469262 -378539277 -367634556 -356280431 -351477595 -339305980 -338571769 -325257558 -324039714 -322678151 -316722169 -316287409 -311858304 -304431158 -290888010 -283218203 -274483092 -262383658 -258669756 -235878516 -186701574 -183175396 -180547922 -180245728 -179721990 -172891121 -116400868 -105264427 -99438379 -97426572 -87096382 -63499353 -58669689 -30368751 -19556863 -8528552 412957 4334288 12640756 15497682 22775089 30881526 42002229 44459888 47365391 50962056 57595292 70283962 70634021 87457788 132038674 163975953 174920305 181378544 182056210 192110625 211886905 219759742 237153318 260418041 304003005 310683776 319587333 346223003 353418756 359659107 380239252 394596348 394732500 395150818 441990123 450508441 451878694 458520481 494472181 501682153 504724889 512031806 515167648 517616336 526823092 533447940 545999128 556623080 559261240 562860604 564407531 606953961 616399336 632094143 633768556 636723716 637522321 644660908 646168877 648714875 650520618 657657193 664675625 699547036 701903276 707280735 710051395 715827250 716951210 732869368 733760151 734891487 745016736 756071294 762883173 769998800 770280294 774807259 780599803 784885887 787631292 797120193 824273640 825310671 834334419 841060980 844292858 849896838 856983652 867116888 887975698 892854611 894482376 897637401 902552299 939913208 945242254 950960061 992067954
200 -997998012 -997828663 -992518889 -978987024 -975352561 -962933998 -939844104 -937126925 -930738924 -927635530 -919961500 -919642203 -919169621 -906139436 -877131762 -868160895 -856690380 -852858365 -850625176 -794051577 -790900594 -774779215 -767893198 -760137333 -756921704 -751955804 -743267881 -736137155 -729611008 -727928325 -722391920 -720608563 -716986365 -713216953 -696301742 -692870969 -683090460 -679441759 -674533380 -662507020 -654944846 -649469326 -648198469 -642795921 -632209737 -630377480 -587721319 -575278417 -573654637 -570714069 -551262265 -545914474 -537846672 -535928763 -534257103 -534108957 -533109217 -523719657 -519537484 -514716678 -514036189 -512534731 -503417152 -503244947 -489641673 -469910010 -456422678 -453962851 -412466547 -403971500 -401890074 -391868359 -388926822 -381098894 -375394190 -365800995 -365215673 -360422446 -352186633 -347325950 -338222603 -331058333 -319834139 -313981193 -301685802 -296565121 -293597398 -287282075 -281444780 -232657479 -231557423 -206732204 -189985349 -156899310 -124659733 -120876692 -97471405 -96764637 -75044625 -56193796 -40918472 -40094215 7063362 9682413 22759372 22804897 29936944 45519939 57716215 72745504 130694880 132753636 143046330 158404481 164446868 175234062 177949964 178694629 183338654 187126292 195633265 198049148 229022360 245930701 246520232 261162182 270855239 275366110 282857524 301485221 312043996 360021939 379791781 387118494 401130296 410833059 415686478 417107172 420240507 426610537 441454408 465701095 469834321 489650086 503481855 519086242 538753433 544810060 547687569 549388271 573166583 585674943 585700936 586694020 591151380 592879682 605881395 621965266 639050073 644124983 651163637 659325461 660881425 667425931 675597668 679247625 684647069 686973570 689662327 714550826 735994946 739459295 765265891 796354994 801583790 802022208 802649949 813669520 814878045 818513663 820384862 825572974 829232946 864097668 880393332 880597886 881659321 888736568 890976459 912754656 914239408 922281013 930835283 934371112 936483275 938656375 940316746 955596244 974392777 992388984
200 -941064545 -928936848 -922116046 -917893527 -917171322 -915843314 -913699247 -909958753 -903421410 -891799651 -888851882 -880392257 -880382145 -844153453 -821502999 -816072461 -813480453 -810277291 -810011482 -805719234 -800985168 -796761155 -783678335 -777418530 -774805409 -771883381 -765522157 -761742817 -738879956 -721258746 -712731342 -702240645 -696176992 -685567645 -684543704 -684410044 -679938155 -677388170 -658400492 -647951946 -638759424 -625456837 -619593248 -611920582 -604742104 -603860941 -594629771 -583151012 -582557434 -568890144 -562931339 -560364986 -554101897 -550943288 -543619128 -543420486 -540039866 -498744364 -491184604 -489563415 -472083910 -434424807 -432637482 -425108271 -407217555 -395676300 -393815188 -383746460 -370185856 -365085333 -356663503 -352923732 -298107780 -291850214 -289134868 -277397191 -263959569 -252437125 -238115505 -236181112 -233529885 -228305191 -216360861 -204652803 -195515822 -177464695 -177451826 -175588349 -171147961 -164635367 -146303474 -130987094 -114464509 -107995257 -102364612 -91374878 -88975007 -84019142 -79306105 -48665397 -45165482 -37066259 -11159431 8817358 13275951 26837090 54520518 56496138 82470821 95377749 97233061 100553241 107140869 107335926 112558343 135372612 137961170 138966437 139924773 151417006 152650980 158240646 201850051 201880710 211654470 215202419 218668170 236632857 239585697 256500112 257551009 260169480 261289752 270843421 282969958 300517793 307082566 308250402 312804138 331268812 358775602 361208126 363685650 378964420 384371560 389961367 409569631 418294988 436193583 468193408 476812019 488350105 499577338 510922481 515744261 545998637 560970842 567428047 588770904 591920850 599230166 606284148 624386780 628478923 636801261 641233401 658199043 665022226 673114099 681399359 683076658 697718193 700422288 741782703 753255505 761444119 764499281 765866230 768929433 779619123 783362318 794766956 811144355 831433804 850306621 854909967 861181478 885795337 888015348 889073287 894614407 913080520 925332193 942868800 949008788 964250932 965802480 971363036 982195076 991708159
200 -999011499 -979793855 -968052986 -967784921 -965876111 -964970919 -961390769 -953113122 -950283046 -936789274 -934455438 -925878573 -918173218 -914810130 -894692450 -879770242 -879573612 -870172892 -862185184 -840855325 -840336117 -829389986 -823306093 -818571012 -808416296 -808139057 -791267592 -790536785 -784412965 -771241484 -757460501 -703727593 -696279332 -695438587 -691941236 -686128423 -678975707 -675781217 -666789280 -664967876 -655760930 -642750039 -637716449 -628404872 -622154091 -612329794 -594279271 -590457528 -576594353 -564753400 -553345689 -541892680 -517604778 -507911665 -473509009 -468741999 -467612597 -455052257 -421187067 -407947516 -400585882 -399243333 -396563122 -387563531 -384356829 -383073399 -375234856 -366594794 -348657806 -346780125 -337417863 -336645228 -335591223 -333797602 -315403258 -309357744 -306533416 -301314490 -301032243 -278581710 -269485623 -258211020 -230526024 -209575456 -202082452 -188249432 -170178916 -168309360 -140117138 -121548105 -114878837 -102717300 -92598587 -63703024 -62330011 -53094523 -48144119 -45958643 -40975604 -20576713 -19741089 -537489 1764283 8438591 12138730 18932445 27629137 27830305 83764396 98391048 99617746 108656607 117535771 122361472 127259338 166297792 174144324 179738554 186972640 187699709 200937273 216977784 238054701 245030945 249171392 270512766 303939201 310259218 310683406 311026857 317530694 325095988 333082149 344476342 344515757 352575211 369953001 403943850 418651497 423639690 426216726 441731145 446381530 449735282 450516629 471435029 487885122 494607687 495018886 503356544 509584564 510592577 510870912 515981656 544163558 547103025 550026245 551786540 553959328 557142829 557415795 561358983 565020513 574861977 600883108 607147429 610601880 611470908 621255334 627446342 680140787 683596739 729094212 729646177 734265526 751391472 752363168 755598259 759550110 777093334 783399100 793479245 799186901 801377940 805090186 843899470 862810965 870713753 885153536 906953467 912179528 927972522 937564508 945242214 946856202 959859924 965160860 966980126 971169137 999791309
200 -962308584 -953425766 -953137696 -931432212 -908031825 -880422118 -876696657 -868537072 -868066236 -854162994 -848656905 -846315260 -844933614 -843402356 -822516437 -806270562 -801866242 -799241274 -782003069 -763240030 -761329017 -754263483 -749223000 -747715270 -746962555 -744842995 -726187789 -712388595 -699821866 -669355882 -656921307 -640273931 -634282248 -631388864 -619742025 -598271307 -590424816 -581681665 -576939847 -575242368 -561031366 -546946828 -520654521 -510060009 -482946485 -476451741 -456184047 -447660613 -439614559 -420419467 -413521187 -371525164 -350043046 -347698290 -345487177 -332261881 -265520502 -246025473 -242835856 -236698792 -224915542 -216216932 -203429456 -190069414 -180953108 -177695676 -174349934 -172942666 -160411052 -155256427 -143874834 -128584443 -121666362 -112767002 -104868368 -97904003 -70500732 -53440555 -42378544 -37948755 -34931014 -20155869 -16250590 -5398274 6681555 24026554 24925702 60150947 66992868 68584280 78970671 87579852 87657412 94980375 100631821 104201857 109282066 130297640 133419939 138935136 141775777 147454908 180990115 202539927 217479263 221038120 221293877 236914409 249866600 251722732 256043239 261296448 282645709 290311428 303759367 315622463 323152857 326108214 338284029 391729094 398354658 400833486 410760380 415965728 432889205 436031025 449467472 460284291 465460768 490036310 491232535 493357237 507741034 514714299 517387566 524599909 531877977 540054440 543757381 544741010 544908518 558057797 564036289 567979110 573559821 601066587 605662156 611976599 612585371 614905084 617470380 632262039 644193423 650261795 653660067 683658100 697691387 708687668 719352674 731384656 738538507 747212060 751697338 753103167 754800972 758541560 759836064 762425585 770599659 775024469 778128342 784324628 784934663 793735676 793943782 795956300 796293905 797013228 815557738 823634183 840118369 846987083 878405059 878992052 890453110 890467586 891492549 896147575 897874985 901416386 916454498 916741335 917695906 925407471 932207977 942054603 945258076 950982775 958814039 969603047
200 -993325232 -967373441 -963131239 -954433520 -954040246 -921390305 -920704644 -920686905 -915165356 -910503952 -906671278 -896172477 -883498178 -881370449 -872780027 -864870195 -860629854 -859130093 -848694759 -828374923 -822398569 -763532660 -753716134 -751232614 -737844568 -734981195 -725615774 -718446366 -718339696 -714969893 -708847863 -702582529 -695855134 -692096979 -666233107 -619561358 -617697764 -616029749 -601413729 -598035107 -584220674 -570401854 -544547459 -530100520 -515134609 -514666950 -508995408 -503831066 -503142880 -500065918 -500063031 -500046067 -492664184 -490941870 -461203495 -452471326 -426653608 -420514027 -419863562 -412469872 -407759790 -390752011 -382723421 -374119583 -367489176 -360810569 -354545472 -350307314 -325621277 -315257107 -313044026 -291804095 -281428323 -251059211 -246280528 -246276916 -241744815 -225102210 -224497090 -208029382 -197100290 -186099819 -174518736 -151344026 -136844255 -122520631 -96640168 -96596258 -88100158 -79839141 -71731026 -71342835 -64613496 -42766024 -35997925 -35371951 -30246385 -18227416 -1315415 2923543 4505307 5503265 8585868 23554319 26570719 50380779 57643545 59132503 77982602 88533940 93514561 101900119 104587059 136830073 140852681 145741991 162186638 166252122 172482872 182491389 190609815 195021740 202426054 204570590 205805048 228320716 233407811 233534614 242955932 246433508 246682776 249778261 252318178 262098108 330193797 330603978 364256677 365605418 368031555 368849094 369727860 371085068 379503463 390081852 390679216 400651324 415213967 417207075 433395786 448952012 451870501 455312211 467493128 470012523 477274473 486255330 490593406 505181186 510833985 511504388 516906184 527176305 529064069 541910458 564113748 565336347 605324703 627675860 630417606 649046159 666069673 684141531 728041507 735131963 735579266 743853738 749942912 760857546 769862820 774225182 785443309 785738898 788059273 792003883 794688767 810438227 817781104 831377287 849800381 895195681 898050577 908471569 912038186 921570013 952111553 958727288 959366131 961178716 991041254 992540704
200 -970814090 -952285210 -935077927 -927475999 -911497870 -908324241 -905460080 -897898110 -893444082 -886862023 -881757605 -850369595 -831032397 -822843063 -804339187 -803753761 -765675174 -765640432 -755340013 -721513517 -720008570 -695146885 -688996956 -687091144 -668599864 -664700425 -659066004 -651426788 -649852012 -646977151 -640182562 -602967562 -602747482 -591709107 -590798528 -582821014 -579840797 -578270273 -577664748 -573256259 -571364078 -545520058 -528656138 -508359833 -500594472 -482651573 -471370102 -469699789 -469515222 -458675765 -454601008 -446416329 -438341835 -422565719 -410349764 -396783033 -392478268 -359879221 -346233072 -319299995 -304500045 -297496123 -280735451 -273180609 -261582594 -258229684 -251293111 -244095111 -243079394 -238009013 -229745706 -194617785 -189920074 -189406955 -173000636 -171945572 -160759682 -156570181 -154652894 -141119459 -133925310 -130973110 -121461793 -97765478 -66010435 -60142344 -46050424 -43108814 -28019544 -24722945 -7922758 5761844 8239033 8534537 9094606 17841272 27459937 49511439 51392329 55912415 58831829 83572161 98640470 99086142 110499302 127214674 137648761 139169406 140686929 145338883 146161956 167955241 173973014 176250198 185377398 202946873 212656450 212844259 225284850 230681507 252834763 267857375 280795516 303724854 313435268 327064500 344556815 347859790 349496716 357589550 362959353 373104532 383157753 397112472 401127691 406600847 422914171 436168753 448974031 469494664 478946259 488803980 520627390 521464493 528356310 539620940 554986487 559877453 572082802 589459793 591827247 597507420 603055214 617752553 627121891 628069242 640223640 647224547 653024421 682217701 686751089 693248440 693947081 698169456 704254239 722297909 736800054 737747223 738811893 743602169 764967403 777770960 779418417 783058897 783875142 807374143 807901542 808218121 823828564 841348608 852126284 866276484 877782238 880794895 895885066 909620403 928534988 937534731 938186008 941863798 943072343 946712359 960238380 960386799 981515953 984874648 990399679 991936144 993843358 997126750
200 -994625441 -992867857 -991973036 -988977746 -969063825 -966394693 -962669848 -946629519 -921652864 -918129229 -914270303 -906835699 -906474341 -887889384 -883978747 -881706778 -877061403 -866197911 -853241134 -837662674 -831042644 -819635754 -804442529 -796479869 -795972214 -785913549 -784726221 -781283013 -771384322 -758330266 -749065179 -725062716 -719993603 -715566031 -714063829 -709074374 -705578550 -700768969 -688798923 -669585982 -663241300 -647618247 -643946948 -633198081 -632625340 -624005162 -613528340 -606003034 -597175403 -596176317 -595794983 -574716772 -573706618 -572146984 -538808456 -534812578 -511622774 -500054904 -499494102 -462980435 -439957753 -438162338 -435908994 -432536661 -427457891 -425277296 -415340305 -408343466 -396300794 -392669490 -387224223 -384919128 -365122261 -337797854 -324799414 -312646380 -305136267 -293559993 -292196890 -289438016 -285127500 -260170875 -257158615 -245818487 -232736002 -203626986 -172751540 -170890006 -159854597 -157682578 -155798976 -149192212 -138356011 -124930231 -95749849 -87459493 -79245864 -74794829 -67106129 -61227776 -41961440 -41360613 -26633407 -25095398 -21848449 8141267 8674935 11032917 15066871 21776644 40361978 45549821 55052541 58810557 78359545 93872580 94454714 108106198 108245309 110159305 111865036 120228739 146827373 151231158 153092525 153352386 169123407 180294292 198671472 200474729 216480080 232603186 261301674 292632087 292991870 293971629 311098444 321971519 336837507 349050297 349352913 373164984 378727440 392483387 403946540 404301201 435505028 468524298 471475552 474528917 481942176 497801697 501538132 504517205 531424788 535618204 553663080 556281139 589587455 591262768 596663861 603498776 615465245 626144847 629393760 636690349 641817971 648556245 650388544 656488592 663080942 679732305 725092612 738249791 740638808 749939805 767091281 784879115 792956383 818302156 827029591 837346466 839880954 841090555 841277182 860787875 888268972 897960852 898867899 910207639 913467538 913838997 921244929 945129987 945764950 963120202 983410600 997812672 997891830 998336208
200 -996514754 -993035043 -953257799 -952358772 -940961979 -928717897 -921194452 -913260643 -909505867 -906239438 -901282610 -890509487 -888932922 -877822391 -871912874 -862279674 -846801666 -837671164 -826472121 -822835734 -808572479 -806231500 -800385650 -799422882 -793732106 -780829870 -775424629 -768883200 -763692578 -750436233 -746435649 -745107662 -737403894 -732362572 -718495445 -713386151 -706707853 -686292718 -678098443 -675135869 -674896256 -666232515 -664729187 -655147159 -652869081 -643453031 -630434042 -609013971 -606011088 -600560636 -599216196 -581886795 -574615148 -573315107 -566993706 -565309690 -563364109 -555476615 -531712971 -512810719 -510122727 -498147752 -486993995 -442368128 -441312238 -438571223 -433496417 -430410899 -427942637 -422418873 -422102078 -406269465 -399699546 -385736753 -383473008 -376751288 -351894427 -330733831 -306790053 -296439471 -293782946 -262818665 -262799143 -254927349 -238210567 -229078746 -216420465 -215146280 -213230578 -212127092 -206904977 -170383968 -159812335 -155155538 -108002372 -70595281 -68083856 -58845760 -43526969 -40280724 -39401243 -35384655 -25123176 -6138557 2581879 5011472 10485943 25065875 32428346 44410030 72537098 76644841 79171201 87503089 102588582 105560803 118181524 139973577 145028324 153452173 157260898 162724331 178658200 183957204 185935812 192661701 193067169 203791134 215403974 244114852 244743484 248576466 260572585 267613615 283624370 292827337 295570920 300889060 301550992 303308758 326475718 328170782 364038961 393324242 412874432 416962234 424380020 460119028 469718118 470143269 479461253 484838103 493159777 504782598 513710212 520729857 534638873 535919942 563417036 569137339 572700968 597467030 597467354 604227198 606520811 611670670 648636948 687116335 687928305 692911913 718065196 721401219 721701965 722786879 739315787 742506037 749925027 767977360 769356503 771509324 773050379 784134211 790290835 803268241 818284597 824611968 839045130 839214126 856386615 872461085 877570141 899354341 900817132 906751755 908368604 949062703 965332535 970167038 993045567 993295346
200 -975588916 -973672457 -968129079 -958223426 -949267745 -944760242 -929260087 -905396768 -900643159 -896238700 -886514739 -881271655 -875759240 -870542155 -862578273 -836844095 -828215718 -824753655 -822727131 -820180400 -814622840 -809454535 -807783423 -755668956 -751459037 -742342251 -740165346 -738135412 -737859629 -733061197 -732337745 -727772265 -719751826 -719111411 -713228432 -710138291 -708394084 -705507823 -688994766 -654976015 -654616608 -647065789 -614522325 -612013595 -602399517 -602218398 -600901607 -581782315 -560935846 -551569806 -533975529 -533768021 -501306818 -467783667 -457672111 -440540097 -434992421 -425331028 -419153750 -411847621 -407399028 -399835527 -395220300 -393014315 -378246689 -377318386 -374037782 -331180573 -326456160 -325252607 -322466151 -318193809 -306967693 -298191712 -293400375 -256791640 -253623665 -233468690 -232213750 -226424415 -217257533 -212305302 -198010850 -196568371 -188090078 -186594018 -174978115 -135816899 -118866518 -108730385 -103998359 -101113974 -99058088 -95447631 -87809387 -86517279 -53159522 -18639077 -17201762 -15703698 -5671021 -2371010 3680329 38679675 47652755 55521828 59758588 73694325 82875977 83528210 84877027 91538552 93054299 96673191 97513066 119503444 127448259 151126658 155308415 157932578 161907155 206250447 207661400 236359264 244779479 245450712 248695180 249332441 255823358 282922780 293605869 305989242 308453351 314011298 336835541 341861737 342458013 365129863 369990033 373827019 382109453 388265721 399848237 412161643 437540124 447039993 447459185 448192150 477219213 490962309 493424655 500585992 517097545 523446418 533551735 544700061 553367309 554332410 567238372 579273232 580170112 595421125 596041387 597657065 621854499 624217060 636601960 641811554 652936838 653376518 659661840 662446327 663376808 669143888 686865255 702314880 726374141 736863320 743084194 753616352 754571556 756971192 757692934 760087390 769171422 771601910 806296757 812717016 816316956 839483487 867643429 874940850 888361088 905902222 908833083 919814743 921228144 977645970 984127628 992019507
200 -999745439 -966874772 -966699286 -939086436 -934431132 -929372616 -917450734 -899267042 -873810898 -870646591 -868983820 -859557990 -848471531 -836375262 -829552745 -825831248 -801636260 -798600918 -784453270 -780571897 -772329203 -756337673 -743286034 -724507096 -719271715 -716095642 -715662577 -709690263 -705429096 -686598040 -684882916 -684236881 -650714844 -633817375 -629913490 -622458091 -620849404 -606288377 -595142648 -585252196 -584880805 -573750041 -560599226 -553567785 -551346529 -534410043 -533374211 -509188583 -504402874 -499585110 -492334752 -476933740 -464905970 -461473407 -448645275 -446802292 -441248446 -431548818 -416541792 -383681020 -378127671 -373070173 -354713241 -345507980 -338804090 -324934003 -321174931 -317131000 -294851306 -272068718 -270568703 -265550772 -262414001 -253205565 -248430352 -230280761 -208977910 -197015756 -190966086 -188093608 -187105541 -186520592 -181656546 -173813081 -165200872 -159051414 -155991774 -155891332 -150344047 -143459122 -132950327 -110704108 -109920149 -106198601 -96815533 -93614181 -87337438 -66100180 -65106916 -63132357 -56624860 -43403044 -30885378 -29450939 -23431425 -21438232 -1928249 679945 2697000 3611074 5004890 8196093 11229756 30919307 31583861 41810882 55398423 71565490 71991670 77778406 82504872 103843128 105677045 116977752 129954456 130379336 138928505 139430177 142563876 145859547 157815205 166856605 172020680 177912263 188200550 205292431 213928679 214595302 223721147 225127818 251459068 254644524 268422503 271525136 274666044 314856654 359325761 360326662 372327925 378662649 400344477 405770648 424342862 444654287 446352467 452557900 454004989 473847538 474794633 474823290 518602663 529121490 531787580 551460177 573272511 578442227 578754229 580205424 580648499 596629375 599563878 616111515 619940604 623634726 626155671 643764606 655690307 656925452 658609738 667906252 676266980 678831057 693914435 695552249 719198041 729218903 746569061 759823218 780559167 795441817 820425772 874576365 890277426 892981570 911891033 917346257 920657413 962618294 978651439 994069778
200 -997361502 -943963523 -939318063 -937434999 -903381164 -901756865 -888890217 -858920872 -843737494 -835544402 -822239708 -801990928 -795246659 -789257394 -788042958 -782198265 -774962615 -770563586 -764245476 -762059557 -754679690 -752624425 -745996919 -745030991 -736473623 -720344386 -708906914 -701662204 -696978173 -678786055 -658316140 -643310249 -632129158 -598822344 -588762221 -585282083 -562610379 -542667172 -540182353 -497060305 -494705974 -488075005 -455963287 -449936989 -438719091 -427039490 -425611437 -424931845 -421709956 -414625521 -411458560 -403908266 -377560516 -363377191 -349784353 -344436323 -337626309 -325829729 -323384073 -321618320 -317467506 -314604946 -310480795 -301421305 -294769213 -286153046 -274352832 -267734460 -265711248 -256262512 -237830119 -233280516 -222369276 -208299377 -198279360 -195667308 -193080434 -183952852 -177124043 -149296109 -142245246 -141310195 -125043125 -108293689 -98456684 -82957716 -62245829 -54021597 -46850743 -41619775 -40852236 -38291854 -13333429 -9147560 -7414012 -3360383 5312129 6338027 7567064 8929751 11006855 18041043 18626515 23916963 24140039 34934562 49773689 54919343 84155501 86716057 93333593 104110608 117165086 127974322 138016828 173462434 173892044 175079573 180802271 186268125 192727233 197227038 221581673 228140605 229392672 231409087 232920744 233004979 233507649 244417381 247959913 271640214 275503222 283746305 290063766 306930075 319791936 327057063 333499334 360847073 371255337 371623873 387073729 388649166 391045654 393011423 395722040 421252634 423757478 426147702 440839358 443481384 453041161 457022885 472454388 479105061 484737913 506367034 516844313 518035304 524305635 530654684 543468196 551112561 558928711 559864764 569783615 587227002 588430862 620030934 636315949 642400689 688914278 692802346 694408285 713579315 717788599 720758678 722920517 729884043 737231013 746544018 757501981 763572844 772359290 777711304 820322218 833128944 845043670 850955941 870288498 896081041 899183323 919666030 927294357 959081857 978103457 979563033 983723420 991901915
200 -997646212 -997360178 -993477246 -985317413 -977087910 -964938679 -963915084 -917400414 -904088277 -883997231 -879414316 -879249121 -872974337 -863629042 -862784648 -859500104 -856197140 -854545556 -852155057 -847147635 -835868671 -827369200 -823685207 -788814979 -756651938 -749476819 -740005524 -725599320 -725334515 -724239292 -723358973 -723146548 -716782821 -714395236 -707222031 -687957455 -685957657 -677287047 -657727433 -651133395 -639960842 -631770210 -605185129 -573038124 -557416563 -547355238 -543301164 -542173170 -542100981 -526828481 -514891633 -504801211 -504362240 -484163251 -476634248 -466518499 -454682014 -449115409 -446330592 -424493818 -418655289 -414137744 -400301683 -398108120 -383600226 -371066250 -349171072 -337604408 -292472912 -285123190 -269208491 -261152138 -260086825 -238869582 -237974960 -235179577 -223069779 -220759644 -211623205 -186653247 -183460641 -181895935 -135588411 -131052963 -128073948 -120214300 -99461854 -65532037 -62943648 -36646083 -22671030 -16261551 -14482883 -14182891 551716 14893851 20451880 49181462 65179395 75394684 80054341 94019723 105299624 156303049 166697509 179173922 190266952 195337049 201913377 219219530 219527188 221879179 251766720 255185304 258753646 277662590 278900495 282268109 303716042 305701374 320460149 323258357 337486727 337577476 349407221 350535766 356164334 358389518 375750237 400647588 401271864 402865890 405286764 416359906 425042364 435801290 448620144 473408078 478024995 485009788 491911722 510792785 517331212 531299645 549282477 563322588 569649292 588970434 591688249 617210013 620757530 629569895 636629811 636783656 650295769 660184452 674367186 676036026 686879325 687780312 707998075 710323848 710958300 711485461 718432649 718997263 721751607 728519253 729491205 754492882 762166888 765319172 771484212 793142680 795572161 801416774 806970818 820328744 823530552 858209351 871193704 879498022 893174278 893543336 894149640 900491320 901413530 915257942 924838758 925184484 925929375 926377057 945076696 945792943 946993672 955242350 961126868 973707066 980355178 988962030
200 -941007200 -893058927 -881181276 -868955231 -866627545 -855425259 -853468744 -848966543 -814805089 -809429402 -796488001 -783325061 -774030636 -769757716 -768284958 -739615548 -737994568 -735398050 -730190287 -719884111 -713952782 -701566551 -691791223 -668813985 -645097866 -640070641 -626336338 -622415887 -607374635 -589192193 -587014652 -538972389 -534920618 -531892292 -518492467 -516763192 -516746623 -495775593 -490449090 -485010163 -482622329 -478697001 -478234880 -477758870 -472409527 -470419034 -469314339 -454824663 -439740775 -423097818 -415161175 -412052546 -393760393 -387715966 -385610044 -371797527 -362055378 -361520926 -334658373 -334421016 -325574405 -325009823 -322648445 -319664172 -303207584 -299168094 -295586559 -290043413 -274252487 -272142147 -260502745 -248584307 -243501834 -181987341 -175778792 -174665484 -164420071 -152785284 -146808409 -134229311 -134198595 -127017501 -122308668 -115487770 -108463461 -90583454 -73181146 -65709020 -45491358 -40369208 -37810813 -36262648 -21634635 -18748719 1518393 31524441 32872952 48097560 63893573 81117618 82488268 84673991 87056840 102204370 106650983 109957943 118687067 146831279 150526111 165464216 172714039 177761708 188553068 192100045 195310069 196006857 200695841 205431810 211627684 228820123 230237951 240008743 242618680 244648996 250769428 251305286 257101319 271366898 278365237 289283109 302181521 325893541 343064365 356432403 375474966 380528930 395260609 396284938 405938604 407156958 416888809 430390579 432123536 438256325 452726731 457714372 474229110 475007406 492399521 492596800 509457872 517181140 528213538 540648906 542908840 552243755 554815842 580401266 585365671 590757955 592546493 595292588 626004116 628936693 629386636 633126716 641231382 659981854 668490999 671232573 696354699 707343522 730252356 739090157 773452795 786137867 786621013 796407445 818448199 818598351 826585817 836722507 854867760 855852059 882984207 887895910 888872334 898519107 914907994 930023036 934073587 939344713 949894466 962997279 967359423 972800509 974529500 985742691 987354428 994908774
200 -999568378 -990928068 -981647444 -975695565 -943686040 -943483863 -939182402 -932962460 -912349038 -892543961 -884832707 -884181562 -878336963 -872768905 -862533676 -851574953 -849571196 -843495429 -840963556 -826915731 -821122369 -817539371 -816402361 -795922007 -790706101 -790635297 -783211487 -725272766 -713828521 -692658569 -684155524 -680683938 -678044851 -674030534 -672039601 -635802757 -631144529 -610514173 -584266619 -582260128 -577759600 -565660587 -559217121 -546662189 -542476294 -538853314 -519685661 -512185694 -507828313 -507152955 -499177048 -467038420 -462950563 -447456040 -426168478 -411363567 -407238994 -393688920 -391957160 -390012371 -383764308 -375597872 -363113914 -361163552 -359449845 -353845162 -351571970 -345654592 -342518662 -330139727 -300128406 -287467174 -285221037 -280500636 -278198442 -258511548 -227847353 -221017142 -212594814 -199794529 -184826664 -171358209 -169355882 -161552754 -161098302 -144026519 -141752164 -102839249 -101156837 -95941133 -91989913 -86998622 -82704031 -77023631 -70797085 -61743550 -46410956 -43910440 -38286669 -23642419 5258714 7713211 8345175 12449179 37581873 50925984 55116905 58883036 60234219 66856045 69877097 74340995 82853132 84210101 90363557 103579477 104005116 104507694 115212937 131278469 150724031 153960058 156015929 161514500 163531175 182860015 186295730 192650808 194157768 206853117 207169691 212825744 219984947 224769203 236516107 246241226 246976671 274902448 279143602 287984416 293369668 296199938 306307827 318536890 324229567 332703709 339418851 341342200 349505871 385084031 401566821 414631810 434348976 450652903 466221451 502867712 502929630 512797167 514905561 524244303 569949507 589806542 598737663 610179768 623067186 623617409 639652016 664836431 671816284 678776532 689315030 693124801 694728984 718354867 730301039 731791831 737640430 737865271 755710669 779671185 780708409 782840399 790887835 790977378 799863524 807221661 832058439 845021531 845309618 882091691 882584299 887995529 924424621 943312074 950426483 955101106 957491724 979854847 980070576 998115012
200 -997149508 -995695610 -983451472 -980283461 -970841727 -969170762 -947417406 -944123467 -944113463 -943617968 -941862480 -937426625 -929126191 -925156640 -923071234 -904979503 -898037427 -896676700 -866501353 -866156330 -861741956 -840728144 -818620705 -807767299 -800434297 -795509422 -782532601 -758092210 -747656015 -737565755 -722362238 -719573445 -717879418 -708912499 -708105609 -707571356 -685636068 -669679026 -662613787 -661789718 -661417641 -657973759 -655413175 -639615375 -629946866 -617499897 -616006833 -590925085 -589584274 -564870376 -559804416 -523636998 -472122305 -451989838 -451178100 -441420419 -440702217 -424842226 -412127780 -386789702 -373427762 -371867998 -360559493 -348701791 -345961616 -335583177 -325819046 -322112149 -319992704 -298869939 -294636600 -289715427 -285387214 -279180550 -278844178 -273829498 -267097391 -250816929 -245634121 -226236550 -225773697 -224528664 -206196877 -202037239 -201212189 -176838771 -166886726 -157247350 -136047403 -135236322 -128555694 -124199135 -114379634 -108761276 -100907150 -98856123 -93984016 -87805957 -85693012 -81574424 -69666834 -69508846 -64512956 -58938590 -57717635 -55358268 -43501768 -25659422 -18521171 -2479167 -1920120 4196485 11580431 36569124 43575633 50423000 60975253 78158845 80118771 81656456 96980017 105229169 112615093 130689645 149623554 156588868 161470049 208596811 215480626 219738991 225346618 235142178 241204676 242350598 254545203 270421451 290670293 294447260 305824874 316434560 316499103 319368051 322458549 324384967 332236583 332679242 336217870 337036641 348224769 363040111 427837211 442067847 457690901 458271666 459000495 464795316 470371004 476882068 519574668 524277328 531285925 560415352 563565690 588744132 595322587 597584357 606186734 634810230 685849987 686617195 693461581 702339942 744211754 744471953 746499230 747599667 781677816 794499737 801022308 802118982 804468225 831992965 839952467 849133339 850319014 879498950 891454292 934149609 934189506 936946449 947185968 951963483 953102416 960062155 975383328 975660123 979170015 982508281 984927139 995537366
200 -995573638 -988790842 -979308983 -977323619 -974246713 -969908155 -952498223 -952070387 -950811318 -910419168 -893141299 -875482264 -864621544 -853586883 -843884770 -839680947 -811050397 -803444478 -797303417 -750581224 -736783039 -725804978 -690150094 -688494582 -687260213 -685830612 -682306581 -680214075 -676791223 -658230030 -657031989 -649603537 -646927666 -622230250 -588898913 -549660576 -545676870 -545549507 -512271423 -508552216 -502187908 -480313093 -471414189 -461809333 -461781956 -429610159 -423657462 -421291756 -399630598 -395800263 -388596474 -375016494 -373230142 -354100490 -345280509 -324140237 -314316829 -313174792 -310867819 -307927780 -306250873 -296684042 -259710291 -234225621 -223969915 -222100695 -189071650 -176435051 -167107807 -164559676 -161486704 -161477214 -157463435 -148260286 -144998264 -144928121 -123905084 -106446728 -85593186 -81723966 -79531068 -68206944 -63113969 -58934795 -27260436 -12567002 -8058455 -7608914 25437562 26049212 28829843 34104054 77865251 86860547 98646596 114381101 120498441 121098014 138149515 139345319 140289755 167498999 179925068 197442961 204503758 207169726 214137949 223848700 225107211 226756912 241676959 244062526 252681162 264135755 272383705 277430636 284442403 319223410 324899732 329362737 330464362 334402097 334943010 343341555 344844657 356143942 367922385 375150047 375714499 398893369 403230386 406775619 410757774 421965840 431888062 445083122 453694858 454010442 461511628 473196368 474034384 483041449 496629984 498916742 501063754 503746443 526313407 538370487 539955003 543249354 550010580 559125826 561186391 569686791 569939858 579503869 582532797 587956728 608544369 614796294 633667370 651615031 689693908 701290961 718874130 720669178 731799144 732559135 733465524 735860713 761986369 763559768 766467692 777492595 789060245 796878839 803008511 804592335 819387705 823058070 830395583 831001652 836351035 842227155 856881534 867778285 869857012 873390762 886194170 897103853 914713684 916157206 923430824 933009412 950915358 963513156 963657815 974733807 991504733 997969737
200 -987445188 -974053243 -951923386 -930503202 -918089304 -910731812 -907663456 -901925363 -896188738 -881613823 -872054886 -855083143 -848723630 -841484038 -838614334 -824798175 -822771803 -818375684 -815028079 -814757592 -809980306 -808221269 -792714601 -763594547 -763213865 -749426078 -749218990 -731002790 -727992069 -725837381 -702833429 -681966551 -680118578 -662237299 -661974842 -661460735 -660605148 -656537670 -654630428 -652722664 -638686223 -626700834 -625612261 -622420166 -620908174 -618930533 -603124045 -599105512 -594412187 -592903421 -588632209 -585400556 -573385684 -568848139 -568640208 -541527118 -529573489 -527509629 -508036115 -491657922 -465621028 -439030070 -410788279 -367057262 -354431670 -332872933 -329828419 -321884352 -314532783 -313658455 -294920600 -288647714 -274088926 -259406718 -243016447 -214107138 -200457516 -198632281 -183837626 -176568410 -172363313 -166638362 -149328029 -134212516 -123688907 -123613622 -117513934 -112477433 -110753744 -89173435 -78831094 -77384112 -74067527 -63781808 -63429912 -63256672 -8995621 9352994 29487034 41898305 60071608 61584012 64626185 71261453 79356951 88765597 117462656 120272967 126862693 154707499 158767591 170922947 175419375 181197656 193236237 197162930 206068450 219180801 219353436 247284783 248407576 255145439 255681245 272455878 273663444 293864491 296279271 304456394 314415924 320285642 336166363 336555811 346170571 347741413 354333957 401842604 409382799 416975283 418778560 430881555 436645538 439047301 465314042 466417525 473123899 482543202 486739021 489987980 498616670 504189439 525623573 526338456 532067076 534429395 539530681 541183275 541955620 550343323 562246907 569156818 640766804 660618795 663734244 665141729 671625010 679486502 694152061 694364725 701145415 720208253 740126154 743963181 744084004 751871506 752133288 761987807 763579316 764041235 785732722 796237556 804214612 804900246 806354773 816204020 819183137 849674521 867455507 869481880 873407022 878748285 894582878 904789000 919603601 926671640 935509556 957132555 979862403 989097194 989840340 995517012
200 -988334177 -985019400 -978047579 -975150353 -973193221 -963061315 -949858287 -948570301 -938213552 -929935947 -928292940 -919717109 -906710300 -903047913 -899044949 -891167564 -886850858 -882956401 -882086766 -866954802 -866347499 -860240773 -859379805 -831874152 -827992748 -827129178 -814474202 -811103931 -810408418 -809128798 -801807439 -764551094 -741060018 -736412700 -731983578 -695627152 -636314508 -600520143 -593543898 -580439766 -568403291 -565026083 -563087149 -548778410 -542773629 -541820654 -530049092 -503711009 -499876366 -492298859 -489866384 -481061534 -477238234 -469007894 -460062975 -445124351 -433136848 -432910693 -429404632 -407088702 -405883074 -391154568 -387351721 -382710303 -373699181 -360653471 -347435968 -327781146 -322852672 -322303570 -311844119 -306667111 -305137373 -301200339 -300466048 -297086575 -294733310 -292247123 -276623235 -275127191 -264889020 -253600885 -252109357 -243770986 -227822503 -216153333 -215431340 -214144362 -208527917 -205048840 -201632824 -195654990 -193112122 -183873081 -147364127 -125950232 -121018725 -114851810 -74448360 -68951320 -67478120 -58646558 -41098416 -36557408 -11588043 7178211 21577983 34834343 60098913 60676152 67085095 67765287 77122096 77185625 92136683 122581439 126619196 145850341 147558743 157269052 175556671 177401236 194511223 196641584 212627803 213695373 218780095 220747226 223345017 230962356 231562757 232295170 236258243 250758783 267301785 277872667 295572631 297006684 297635017 298271781 305107291 314488586 330887755 341275564 349911712 357751540 365236997 383920940 396844503 410108280 428469399 448206510 461174771 499016348 520215827 526369582 541755583 544639640 565728635 584631844 588462164 596259170 656175332 657912630 670418509 688815930 693993399 702647606 716411403 718908402 726477780 731721712 736311235 748301044 756568551 763916371 783553772 787625528 800706380 805627994 806631420 808890200 828975000 832433851 842964175 846881667 848386080 877130992 881283489 896328674 911292100 911872672 919564436 929274196 944011508 961553154 961861684 968146143 982021703 998490702
200 -982412140 -981702629 -970318036 -962010907 -911979594 -890207472 -889105572 -884741658 -876434587 -865139730 -857849149 -854305766 -853996202 -851215326 -848812783 -840474683 -829834289 -815647733 -803367027 -797708475 -796972673 -787406872 -784299325 -779682005 -774887462 -774782551 -761536688 -746137227 -681616659 -678298139 -677150891 -676883233 -673426012 -670938856 -655294385 -650675590 -644936065 -631982984 -623562310 -614821321 -613630523 -604458545 -601964744 -596077307 -595487205 -592139963 -587392660 -586124229 -584730314 -580148067 -547134109 -522087222 -518207974 -512599053 -508720924 -497669756 -496956341 -482912080 -478401146 -464555520 -433462899 -431698366 -418901744 -417725595 -409106363 -384873423 -379984891 -371357157 -367289111 -361772185 -352560079 -325805528 -324126870 -324121838 -320947452 -314230607 -295545675 -283444127 -273639762 -264611272 -259590370 -257184271 -245375318 -243811317 -234610695 -223656195 -211709224 -196427525 -183500715 -157542036 -146270458 -143615151 -138528989 -138519030 -134558125 -125913269 -125025287 -118779823 -105663827 -91276640 -74619529 -57386590 -47627292 -25065698 8257450 15404261 42332690 45082670 57896396 62191898 63017642 67361098 72138305 86929522 88318481 102725566 109344516 125542522 131146741 158802173 199182361 200308448 238673252 239537952 240194950 244579016 245002470 265800707 278389382 284260919 285476071 288737890 293825508 302953582 314685794 352196980 355649124 361264326 401778510 428333702 428507616 429100254 440613501 447059709 447168550 448225837 464755209 468362432 476622174 497110621 504372199 512272905 521816449 526366754 532239469 565190630 570548031 573984063 576636124 585361683 599306843 613669781 633470358 639913614 643962827 649881747 653708181 669890766 684184805 700230133 708622621 722909672 741483491 742409289 750285281 752106516 754037417 784282713 818745546 833086446 878717101 888998097 891575556 893190665 897864373 900899257 901215283 934920615 939506449 941411244 950610167 950966722 952107154 953531533 962481302 963147167 965921474 984371268 984759448 986851536
200 -997444574 -986044164 -981762289 -968858020 -964392538 -958737149 -946381455 -928255134 -918674592 -918378041 -909365798 -904014588 -903308374 -889392360 -881851817 -871999364 -868843743 -860226877 -855638014 -847891736 -839370324 -834483466 -829670337 -804231827 -801783303 -795212129 -789876330 -785899113 -785893702 -777096330 -763181932 -749915072 -746901135 -734251275 -721661561 -712754475 -705868552 -669630972 -662627059 -647875817 -642692324 -637949388 -636628967 -635778443 -634924749 -617486600 -603271428 -557622773 -554920879 -551908984 -547484445 -538875971 -525460293 -506234751 -494192994 -494088750 -476774570 -474312314 -465044779 -456965538 -454158704 -434314141 -430692633 -420307934 -405507614 -389393757 -380550423 -374738834 -371784304 -341483441 -339621068 -333750398 -329884587 -327588641 -324373111 -322169958 -309004981 -308921259 -292217222 -270883170 -266383373 -264877980 -255027824 -225394043 -222255736 -217554194 -216149383 -210758560 -209666499 -160549860 -138758435 -132234228 -110014027 -101126763 -99397057 -97699826 -96825297 -94619267 -90798017 -89367693 -74928494 -58947743 -55427779 -37104682 -36084035 -18583980 -8601838 -6136758 540440 2999559 37429782 38210761 45105451 62211250 79354121 80957282 107985197 116899163 124683397 126734163 130107805 145184247 147717774 154420822 155173338 162078029 213671197 219878665 232934986 236371370 240456576 279935123 282753875 292253631 304377436 305596578 320080830 324647490 325611685 333212590 348443147 360344048 367234496 379716286 392850057 398915214 407251417 424526662 453684784 454997811 456388726 460708903 464935158 482756476 494274437 509313807 512118982 513794894 521096302 523531466 547983178 550748398 556209200 589460681 591975007 610877068 622488236 643543327 660428041 680506337 686546708 689366766 689587529 699753773 707761316 720397362 730184432 737246817 757788340 771188437 780810912 785082775 787875276 807364820 811413521 820350130 821262975 852423357 861558512 872210150 872401426 881612193 894112230 900410857 917448717 927534850 952167501 977157841 986201794 989337518
200 -993780796 -990766467 -979202255 -968265852 -955054056 -948844087 -947176450 -945105822 -940832016 -923114593 -916977096 -913203614 -905220542 -901415687 -892593018 -880893207 -875309755 -873978444 -869272630 -859028026 -855229562 -821475066 -792710686 -766335947 -755304316 -746442616 -726502678 -722416920 -714470050 -702243489 -688072768 -678216438 -660686324 -628191733 -627077974 -609640355 -609546903 -589043515 -553650432 -546472120 -513027194 -512256478 -511809891 -505393380 -502178139 -500401246 -492870237 -489714381 -487752893 -478515580 -477147517 -472522101 -461481203 -447387283 -440583503 -434989454 -424419620 -409647745 -404599130 -386973659 -377681654 -373047214 -362063886 -353163954 -348833171 -318606282 -309718685 -306186377 -283379752 -277692365 -270126890 -263337382 -250855025 -241726387 -236563614 -228183161 -222509589 -215982675 -204070255 -201665068 -185370024 -160282458 -157597102 -155210906 -149670000 -129560513 -113843812 -102934308 -101255463 -86164105 -72397854 -59875689 -54915966 -22733489 -22210914 -6784792 2876140 7751690 7856648 15686104 20531421 28084840 33929441 35295957 41144477 51992907 58365307 62303955 68240562 73078285 90734930 92880826 93598445 111559753 124537998 132037268 139839397 144206306 147137301 147655425 147719470 161961875 163424090 189113939 189898687 214985214 226567393 235050324 243113334 248809351 248825471 249749663 252938769 260232698 263353152 289887547 296156940 330195070 338693746 352026142 353444451 389338480 394372661 400382471 470901373 486249684 499418239 500918128 522002633 529230189 548404563 550295421 555631934 577690976 582647964 597262477 597948031 605291008 614982129 624661664 639449964 647588799 662585338 677385329 692786351 721407084 722437714 727135493 733979403 734438423 738053500 741149898 743620014 748292785 757845717 759939601 760130631 760630182 777149746 789333061 795906454 796666848 825807928 830009624 843225526 849461535 860120610 860462669 882255519 883714854 894067970 909111839 918010073 921172951 933825928 935997507 952536761 978602163 979298961 997597427
200 -985398973 -958204076 -956949467 -955821160 -949065740 -948573222 -946168994 -913582904 -907675296 -898679676 -889170947 -880285713 -870990940 -868415897 -864261369 -862904524 -823155157 -805001015 -778921009 -770622588 -757022054 -750782394 -747936947 -743128242 -742044809 -737286298 -732661773 -722729283 -670476927 -642256992 -633720507 -614886349 -594526674 -587217869 -578738712 -574856957 -561543557 -555798884 -547707126 -542501430 -540688189 -537188881 -534120936 -521501894 -520949165 -501251455 -497986186 -483698050 -479961657 -455492010 -436257453 -429866366 -424139492 -407221672 -398374189 -395742445 -393394961 -389172435 -344348602 -341729563 -338237408 -316465372 -312031131 -289659479 -278828966 -278767237 -249755996 -244417910 -233448813 -232230135 -226858702 -214696507 -212147397 -208770359 -183876541 -164683242 -163771016 -160757901 -156281500 -149099342 -147312213 -142028332 -112796231 -74109844 -73673502 -52895656 -40730729 -28173961 -17747409 -14044755 -5436291 11688430 12489095 21608654 30580154 34335882 37273411 49717670 56463104 71602834 74360640 78021076 84104017 88402291 88500022 94055872 130934788 144108156 147191362 147961346 174555043 176146297 176761731 181967918 185329038 207660331 214253550 219251695 223297979 227280406 228951378 235513592 258008841 284560038 300963710 303134247 310598003 312022907 321207230 323194686 325866748 334077423 336664365 344318615 359453726 365001618 370192326 379142674 389581258 403902365 408773829 412519011 414671191 426419358 447946943 455597679 482431270 509562649 510872917 512974550 514716191 515850918 518567959 521021693 525449448 538842080 543447855 543495822 576210601 589693111 596005883 601502714 610044844 610741751 615604000 616939065 622656546 625891663 634477685 652565583 699023640 701522392 713280632 726055475 739464864 747191205 753396174 789598136 795204266 800215797 804985129 814274510 820499877 821493711 831194984 832876237 845174560 845523528 857137043 867190036 893885150 921759970 937164520 940779018 949181617 951657883 961524005 974464259 977308275 996875346
200 -996623012 -982596512 -924889278 -916625258 -911509494 -909526007 -905145562 -893221442 -883081725 -878850060 -875606528 -856227299 -834913824 -834178825 -822258730 -813258727 -791197552 -777033177 -775262092 -774637181 -772236840 -741247112 -735279753 -732994112 -726881789 -712793137 -697788682 -691964332 -689911856 -646019007 -631345450 -628079070 -624071199 -618564908 -604341445 -603219093 -601844627 -599050613 -590304093 -586800867 -566092556 -564251565 -558481787 -551265152 -540169982 -539313575 -528190752 -501155014 -491456912 -474656579 -463488102 -437515262 -414076134 -404369817 -398547057 -395311356 -368489668 -368116730 -363905440 -351746924 -346865803 -332537673 -316722303 -304346798 -288361965 -275924203 -267277993 -258676316 -247852670 -244792091 -238387347 -231181099 -221732476 -205321058 -191654097 -175639791 -166059427 -156894977 -153734603 -153628527 -135099081 -131378000 -128454209 -121580792 -113662721 -113346628 -101329693 -99843490 -90863141 -89985822 -89626943 -76569797 -72789034 -51740592 -46904811 -32515648 -25564309 3965888 6129543 12778716 19477194 23314164 30257405 47698434 70326492 72218573 105778761 131838602 145233720 158535310 166184806 172271951 179544114 186316091 192113425 197157994 233089996 236198902 247290979 249348948 254565284 260549786 294596283 311355357 317924430 337975624 356265333 368862912 372202497 402056706 419851496 420001977 422469798 430738325 434014091 441566352 448779854 458031298 463895568 474243399 481521616 491897207 492041235 497708464 502011816 519047633 529313643 531243005 550183889 553463374 568316419 572032912 599197438 599664733 613789828 629119942 650320313 672046058 680830603 681108566 682706982 697226491 705085530 714048920 715923103 720718112 722689023 731218107 734693316 737484628 744781678 744890545 747840107 766191250 781410413 784346056 821075042 824205622 826128929 830701610 833434059 844274853 844968094 858143045 867365859 891695639 892008124 893981661 900745047 913072166 923355362 934905595 949951167 953223697 957187189 971420148 976590810 980889732 982273645 995264226
200 -998447291 -994928187 -991011240 -980246282 -962691375 -946628930 -945809961 -912737300 -907362025 -906364670 -904617531 -899321513 -897266411 -872051838 -865995899 -854604787 -853342150 -852079940 -844444992 -836973186 -830339654 -817278392 -801968526 -782588546 -778793777 -775089802 -770017083 -752430754 -751592356 -740733494 -732288047 -731558009 -727722073 -719097220 -711899739 -710686921 -706119434 -702748301 -698699812 -689076889 -678057015 -653634599 -647074351 -646129768 -643274726 -628973483 -608924345 -603170817 -601685314 -575381319 -572206110 -571190912 -563358690 -561980108 -556607149 -554046125 -541567250 -540842885 -538037192 -535969373 -533759142 -512176483 -509865863 -506149320 -492566507 -487439797 -484641532 -465081562 -462798242 -460421645 -456345484 -422767128 -416183312 -400271620 -359192295 -322063391 -317868963 -302682813 -301712837 -298863281 -283014820 -280394226 -262081198 -253884201 -240343657 -237683438 -224305523 -202755639 -201260026 -199910244 -189160587 -168122126 -166756740 -152612289 -133941407 -114471508 -109487141 -109388613 -103218228 -90858947 -80687406 -77762774 -51509218 -43191447 -29566946 -20159259 -12937974 -8273704 5275817 24998319 25711311 30358820 44472392 61245138 80322916 94297639 94918203 102031270 157886293 160239599 172220576 197097915 210865147 211748158 214415615 214611441 252374440 256566807 265711027 276880222 279448804 281451038 293707395 303842582 308584514 308853786 314891484 321092957 323910749 331676121 331830935 349338226 349424485 363813191 383040831 395161308 395439689 404382532 411855309 436037086 454385584 458127025 471939553 477634552 498984403 515169208 522866916 562068365 569356380 570309682 589783754 590931371 592144166 612470284 618846477 642895281 646225585 651856118 681450019 686888064 688601856 690542053 698085167 703498552 714335120 718850935 726482569 735937973 755201239 787512091 792979151 826577786 830634238 831065696 834168101 836334333 853634699 866559148 871251046 887855451 918352679 920078425 923015103 944506468 944658412 958855825 962601775 969172173 970870122 984330139
200 -991173254 -987917597 -983382356 -963207153 -935157092 -926155396 -925781290 -921634533 -919259223 -905060539 -884016086 -882213358 -868654067 -854863029 -847715449 -834959780 -829204868 -825184466 -799039770 -784232651 -763810142 -755262980 -754175169 -733011253 -714730914 -705220076 -699244397 -693009198 -681716551 -677533108 -669454770 -669190017 -667398334 -660845474 -633628866 -625487363 -623665882 -620073772 -612752116 -604907260 -562816530 -515255035 -510700132 -497310291 -473342677 -466055140 -445118928 -442929412 -434199634 -426869326 -422997646 -416506374 -407766699 -404176181 -388530634 -372184815 -370377809 -369551724 -368723516 -365257650 -352931834 -343192027 -329903234 -326180982 -320540262 -314500715 -314490905 -300216935 -290188250 -285406493 -281884090 -280291574 -264226556 -242648856 -234567255 -232119013 -222934361 -219580848 -188019015 -181152904 -161425990 -140635916 -125476720 -115799643 -94950157 -94445489 -66550175 -63838286 -41801698 -35668959 -19674621 -16013584 -15540109 -6142280 -192793 3760623 4531675 53088427 61848744 72083917 94098299 96566743 98343095 102991314 108084657 109980635 111986862 114653798 122137897 127851666 130094084 131530970 141902034 144917561 168880851 183607709 209850933 212147247 212644938 215979353 223011309 226833877 228243463 262047056 269995572 274951069 289442040 290744822 292613540 329570105 334513121 334987872 335470931 337124305 340508883 342869946 368594238 369174031 373241562 389094853 402035572 416567729 424869722 444953871 460175992 460615549 463515521 469026578 469227188 479786842 496932883 516434398 526840802 562669004 567621922 575817307 583389012 585347979 596661006 618087973 627658424 645785982 684776278 691222896 692128991 702543911 709559875 715928542 725951337 731498138 737993820 770091415 777121601 783563805 786383348 801945538 828061813 830063864 831886676 835361418 855618028 862939255 870167356 878969873 881074347 882762528 893227660 898119221 907838726 908715413 913704613 914697067 922044865 924942299 952390814 957383943 970901855 986629141 987935278 997444897
200 -962489323 -960381109 -943294394 -915110090 -907611048 -904211664 -883649055 -883283944 -877154848 -847295929 -844060818 -832799965 -830033074 -811691601 -809782326 -809471809 -807272759 -797177824 -782366105 -781365425 -780184507 -777021230 -734606207 -722511172 -706519551 -701924721 -698134019 -686411220 -678893373 -663378299 -641053630 -621402240 -618794912 -617113499 -604336978 -568949454 -562960379 -522932926 -520323929 -484733120 -480072263 -476247292 -471420610 -466956296 -465053391 -462998708 -457249452 -447658431 -442601969 -441710503 -438679742 -437489824 -437318939 -429821759 -422463477 -417424026 -415227545 -414689713 -407186623 -406096404 -389134444 -369015384 -357925846 -354246774 -353332602 -297681648 -276467769 -257601784 -244927769 -239942033 -198277135 -186476992 -184297799 -183604248 -180700090 -173922085 -169562502 -163680493 -117447451 -116985618 -109700277 -90838962 -87324799 -85526027 -72695235 -66347639 -62310118 -37068626 -21264093 -673751 118332 333084 31984731 98641291 106363224 107670440 117502897 140894788 144142089 144824016 146723916 169984346 200451468 202295387 229643067 236847183 238696110 239635652 242088135 265247970 266507960 272151553 284813769 297144861 300857224 304932186 318576191 323509620 327954685 338131955 344303278 351346828 352265177 354190297 368015189 385847929 386153563 407410438 409088511 410224644 429161176 429616331 434160151 445761998 451152423 463772952 463927344 467511128 474732512 491688454 502844463 512757563 514523784 517512089 517752121 535957480 537582730 539875326 544099784 557083560 558403059 581777977 595805547 597533542 598484862 603833468 609720225 632875292 636015505 643076379 648729050 649362496 649936782 658562216 666420472 707908653 721453985 722171956 726844252 728156485 739984971 741127302 753732010 762603923 766324385 777937045 780747923 808512948 824622672 828210989 835881518 840244325 842802558 846363757 849599495 853714738 855271701 894555861 895170491 895498591 920254994 937917453 952044314 958407402 967877807 969076887 988238793 988289172 990568034 993866038
200 -996707678 -996054988 -979068524 -966308931 -965326738 -958861873 -956741551 -943668114 -943193357 -932621732 -917334018 -912967203 -907669518 -902988951 -883956282 -868392104 -831888374 -821587332 -817162808 -810104758 -796473528 -795448559 -793987955 -782903754 -766013315 -749232765 -745143498 -735174115 -728012221 -722362410 -699236357 -657019665 -651557334 -645955218 -645171375 -639941155 -639062137 -612667139 -609905464 -605356670 -596208705 -592406884 -591420425 -587472165 -586518055 -585080054 -578294860 -575111702 -569620589 -557979838 -554487430 -552971017 -544777726 -544611653 -540923967 -527799379 -510325477 -505216575 -503958399 -490690776 -481577540 -469700838 -469570085 -447915498 -443147232 -440525255 -436897867 -436121066 -425951984 -420603416 -417563082 -410988118 -363517012 -360377569 -313772751 -305676898 -301341276 -297989855 -287318491 -267478345 -242145686 -228741161 -225387765 -222601089 -205565677 -193566547 -186411296 -183729375 -176320986 -148369978 -143267006 -136249292 -111448840 -89951564 -89114070 -70875598 -67029902 -42316818 -38651751 -28994827 -26924950 -23828808 -648498 4904086 19651710 26496214 29043648 40268158 40323005 42346633 47601838 62416892 69324939 72630380 73010952 77315794 81261501 86372276 122419965 131676005 137879875 138717506 171988348 188664074 219542369 219663187 245467224 249068916 256559277 257315773 262545903 267019640 273904354 330029265 343121712 360689684 362355204 369215877 376633080 402331801 414608767 423606798 446832580 451718915 466104350 482975314 509265587 510265005 520885026 532019773 540578014 541556910 543398954 546533367 547741966 556840081 560687237 571238336 588791182 604301894 604697390 608078605 609490323 623309737 632300729 661227790 666053542 682207104 695233893 717437796 724719244 729549661 739315417 766094362 783817385 787094449 799628269 805192635 809011433 844849765 858594106 859257236 866415260 868926689 870278210 876218932 883953542 886747008 898428987 908630644 925348930 942190734 947981839 949505460 959135654 963114729 964458631 975784034 978132436 982199262
200 -995752557 -994836933 -993901764 -975449606 -971722474 -966503238 -952419991 -949770031 -920238728 -915919852 -905701620 -902654695 -896829518 -863685197 -855946839 -833915830 -833182382 -824512703 -808303566 -805005802 -783610595 -782157880 -779786565 -769191024 -762493238 -729060266 -722361567 -704605788 -703182903 -698097787 -695381553 -693522465 -687304610 -680986048 -676731733 -663904860 -651929931 -630441668 -627249092 -594081006 -590389812 -588078054 -585032220 -578085933 -573424122 -570755538 -544257224 -542141984 -529006084 -527170280 -515641284 -514190930 -510424496 -503767454 -500138805 -477945619 -473588879 -466036207 -434704171 -410239305 -409703669 -407713375 -403992296 -402204031 -388910822 -375147347 -372983849 -372819451 -368241776 -355955612 -344538743 -344212860 -339112021 -330823452 -329755155 -314893296 -300446851 -289044554 -272681136 -260277602 -258073150 -246961407 -244374021 -220099315 -219990159 -161761428 -157693345 -140551517 -119314638 -114360429 -112031389 -109279774 -107751498 -94634619 -93616888 -42523395 -13779832 -13357341 -9742020 21395332 32234159 45844634 46827058 53504890 82877857 86749353 94066010 95994188 104733534 106332994 109968387 118769839 122823608 130884534 136379293 171363753 171457888 173887716 176164517 187962234 188520693 223243842 225147380 228550215 248645484 250331361 284230184 310117818 346204892 386323335 401793680 404311357 445705447 455899953 476876510 495086061 497360475 500407053 505415752 508577517 511395575 520636405 525080201 535546584 536632494 545284021 552538763 560338679 570948056 578692164 593425234 619018550 619464572 622482881 623865653 626056071 627196732 627915453 637279208 667906860 670226251 675428773 682938962 710118412 713085870 714137993 733999510 737979459 739951474 743587051 748959819 751590264 753856668 770730883 807863474 813083369 815388500 816849575 830415616 836353224 843587393 855305369 873862067 888079873 891925875 897900379 901406364 902024002 913778639 925527837 929474890 932235286 935250149 948560702 949359550 949591570 960903192 963084340 970570648 984221778
200 -992445981 -990874744 -984502219 -973065200 -959936688 -958543926 -955226611 -951504293 -942111162 -923419027 -913958488 -912596746 -908062526 -907515508 -898120922 -896710740 -896627354 -883207355 -881024070 -876968752 -864877195 -860029217 -854921159 -841572045 -839789651 -820652958 -811217879 -770398383 -768497897 -767575999 -767480900 -765525887 -765184561 -762880347 -758823854 -754258868 -740944033 -708508288 -706101013 -704715032 -688284395 -660421626 -645606115 -638811658 -636866297 -611674669 -610624656 -600405726 -588870364 -578439022 -576429694 -575038608 -561443030 -557039336 -551660981 -548761610 -532987762 -524502379 -478084637 -477680731 -474681007 -469364771 -465343046 -464453844 -430375786 -425670746 -418445811 -367367780 -366374223 -365443294 -326865130 -300722448 -300580930 -284429335 -267601759 -254239951 -228508127 -222413692 -207786407 -200978050 -192644225 -183619130 -182882538 -181512497 -180051910 -176202741 -146965944 -135774876 -101136718 -89254431 -82674925 -67105462 -59862872 -39222229 -36476236 -25791667 -6329727 -5628377 -1944678 6202599 26984474 28626860 31959085 37862849 43640140 63328759 68788979 76809859 88419034 89034655 111446636 120421900 123991556 126498412 136125907 151497796 162006827 174458225 182532448 202568834 204684360 205130241 209306421 219433869 244031730 276940872 278983093 285802951 286499998 290271027 303466471 321085093 329481555 348213167 356648659 361780692 388157612 394112397 397363467 402538593 410298231 430116716 434004512 439283988 441286420 441682851 464906765 469016757 484439801 491582718 519945944 525126989 530939850 540660343 545142669 545659346 546626644 571615785 572272157 604630141 631690189 632623423 635228004 636155015 663584476 675764488 695923690 700089160 712682724 718349988 725997916 739889407 741149892 742120378 767561653 772091824 773814139 786831576 790590321 825107733 832688320 838153845 847681248 849529300 852466389 864899234 874755025 884035344 893117264 898534046 901556507 909603272 912626512 912892356 917008393 925519598 927744520 944807071 973559616 999702106
200 -992106654 -991183007 -987334470 -983989901 -959762181 -921578115 -913973871 -908363722 -903682209 -888129933 -877306194 -871817313 -843729986 -838554418 -818789882 -815283259 -807756051 -768210903 -758224837 -754745459 -746185034 -729476943 -719126149 -717436074 -714943136 -713056525 -703928912 -703642721 -702363806 -701601865 -698322109 -698219581 -685553980 -663707304 -640230543 -612282993 -582728182 -578419307 -569284336 -564787197 -563866242 -556757309 -556187557 -555346775 -539219249 -531513837 -511083906 -509020532 -497598483 -493282105 -490776247 -478637085 -474145624 -469286285 -460440030 -459843525 -441895301 -408198655 -401327268 -401129264 -394607387 -394311943 -389505856 -381393614 -370034628 -367136702 -366056403 -353893897 -349406174 -348453630 -336842758 -327211784 -311716735 -308524479 -303862298 -290339441 -277371728 -266799480 -266689862 -253016539 -227809154 -198057827 -194128310 -189137110 -188328107 -179835694 -179609164 -177824136 -163320860 -158860222 -158678913 -148641058 -139251954 -134570096 -129822755 -106695394 -104479309 -89744275 -68047671 -61457550 -60030831 -58977559 -46034472 -45957921 -44616424 -39521703 -11124679 4511552 8140754 15150031 83874045 91076499 101293384 107790967 109023197 115104848 117854922 131548957 144426859 145876467 150383380 151107019 162833099 166858286 182413073 186711016 238254906 239163695 240436624 245126841 250758914 254633570 257125870 260055872 265577157 268200331 292545145 293665560 311459262 312201722 313012494 349444460 366653320 381680168 385792710 387320013 391213940 402695165 406140467 411137596 412426090 426151393 429408330 433849108 436596186 450566558 453032902 453938044 471928355 483609857 504088002 537767776 551220906 570122155 594004588 621430892 622461476 634494001 697211920 698839856 700894568 705775798 716519557 721539624 727400362 732899482 780151438 789719738 794737974 797159737 813925017 813987782 821841405 824333030 827476610 838031318 839148718 839664198 858825710 866476480 872419450 876928661 880312588 896268472 907194900 910439662 910542653 936826220 938489364 976404595
200 -999069791 -972368116 -957425271 -952999935 -948502680 -924820158 -912835321 -894543949 -890378307 -886956511 -884043316 -867793694 -858896675 -858797788 -854556588 -837658985 -837413409 -833788390 -827666028 -812917933 -809022352 -805643080 -794321335 -792444380 -783381907 -766787418 -763194462 -759161548 -751466442 -724117697 -718288707 -709497074 -702004842 -673550917 -661828228 -656967017 -646568967 -632488112 -623735716 -607019114 -603497746 -595260627 -595127896 -592102012 -590255052 -580780049 -564931360 -560593505 -539811622 -531075255 -525008329 -501965457 -495097965 -494907153 -489729595 -486059821 -475917700 -475032047 -466211503 -461232801 -454515167 -451279401 -435512969 -433297805 -430776690 -430262037 -429910319 -427384321 -420566261 -397909557 -394902933 -386290278 -380468303 -365776572 -363663912 -339059408 -335221391 -327487342 -322037070 -290420139 -284968290 -276720287 -275154389 -260898745 -250530524 -245052531 -243343032 -241290855 -234111501 -231229678 -231225838 -226147936 -208935847 -183872700 -183357932 -177962069 -146894184 -128294393 -127692070 -118107728 -117542341 -114565950 -112862809 -107497133 -102294805 -93835674 -91009881 -89119274 -81493989 -73282962 -53782279 -32440692 -24163087 -17863675 -8294438 -7398459 -6170039 -1223750 12960890 49104305 52978396 57457029 79690545 90431579 91786829 94123855 148390800 149364666 151397867 155735882 167768509 182830153 206243040 210374281 216403378 220162667 283231446 297115254 320341916 321505372 323157085 324877337 326630483 330334062 332967441 336652533 337062825 361736600 379335282 381484631 409216438 413703561 472162419 492627152 492720916 497502491 518185941 523725751 525511804 538528164 579442860 583495051 585103836 621015270 643376916 647793799 657979407 676168000 677101333 681984432 700504305 703141160 727610888 739901229 741199473 761346141 770186753 774324879 783232721 787893000 805676030 816320952 823082289 831075524 846828267 851612332 866288975 870156316 875927582 877598087 888879056 903536280 906591484 907192013 913844237 929850952 934596122 975713536 976337361 979592231
200 -985448588 -979248047 -974507501 -973842291 -968447033 -917618978 -888397393 -879861650 -876710549 -869468667 -859536390 -859419680 -853593578 -851632469 -844425115 -809002641 -798757077 -789197824 -779983336 -775508854 -769676551 -768452890 -761611951 -760077510 -748240467 -735288563 -720600436 -718057102 -717641737 -711842677 -702188341 -678027231 -677475804 -661939997 -642892143 -609186191 -577539326 -566549003 -562965409 -551781058 -543056297 -542162630 -533288469 -528690698 -521584574 -515566833 -506161067 -506072873 -505117806 -502940375 -501860362 -481086837 -458611046 -453023761 -441122913 -426887831 -419820543 -416639284 -415145596 -408099192 -405380881 -403448734 -395000999 -393000485 -392148654 -365026258 -360614816 -358074892 -357776391 -335006239 -331696746 -322086965 -309618972 -301207941 -286213726 -276554172 -241877240 -238567070 -231378240 -230192708 -161320552 -149255161 -148840928 -131988957 -131916201 -129795729 -128228658 -98042275 -92826755 -85553455 -82808405 -64236106 -59256487 -42721613 -42619282 -42489828 -37755892 -37685797 -36808566 -22954637 -16374822 -9414917 12280117 50536069 70671379 77395026 87623065 90792209 95909486 112400291 124002783 125969755 126678027 130373270 146697547 152311755 155121129 163093367 176319425 178952470 181618140 182852875 201141363 233538059 243107361 243458810 262518536 264105333 266957561 275040158 286449186 296784074 306234148 351010943 365495387 370526283 379646691 401673727 412370879 414901221 419117945 419885536 435558753 443542104 445624511 454293204 473911708 474852352 478215568 486016335 507461671 507582229 525829470 539912039 547476400 550600211 563898712 568868782 585082775 587850969 589205206 601793193 609694323 620420999 640135024 643871695 644575539 649206152 656294104 673949165 681970691 703784290 715813046 726231507 743100093 768200310 793368580 801789509 807781168 816181522 832009763 833303581 834410908 836998599 840010224 846108332 855846542 859345302 884994294 887014841 890166918 920639452 923729888 924193257 926097262 931986754 936607312 958854738 987486147 998908997
200 -997975135 -996169981 -965911359 -910592876 -908195009 -889099892 -885964336 -877151052 -876817726 -865949179 -859411917 -857691534 -849832618 -849194147 -833864335 -791728946 -789037037 -772070650 -762303801 -750237952 -732326662 -723721115 -714411304 -696779022 -674315282 -664159014 -658993239 -643268595 -640260965 -627279967 -620819598 -604242004 -585211258 -585173290 -543529485 -531931017 -526691270 -518615754 -498401776 -498044755 -492716768 -489693149 -487965732 -478009894 -468015755 -455670336 -425792273 -417649709 -400938003 -396885772 -393757915 -389752430 -384780905 -352971198 -341789516 -328755127 -315899568 -307651691 -303910448 -303644969 -301493809 -288196481 -286516240 -283462313 -260841250 -255547175 -251968244 -240893116 -237346449 -226068538 -224575502 -223489070 -222650207 -218507592 -202191476 -200868093 -190967995 -187311162 -185106374 -159299495 -142863635 -135294851 -125829339 -120257550 -116015367 -114564502 -109098436 -91381126 -82651169 -69869356 -67150975 -65903134 -60725012 -35363722 -32897538 -17524151 -12251770 -5398863 -4674172 31421688 34915384 36576970 55290482 79200827 93217716 98989726 108127056 127563780 127571204 149009340 156062852 158833486 159164188 159530031 178341819 184573642 214156547 218204024 236117025 240143536 247611922 259488238 268460604 286089785 291680924 293103801 301590113 302634827 303645787 312444865 321478104 326325294 329237314 350962235 356710031 358296815 362372345 364637326 366998102 385883370 396062995 410971013 415324291 423110051 431729252 440640948 448564949 456202681 457461338 458884415 464242837 472131130 477645134 494670978 495094675 506272573 512378213 512664312 524466467 542728128 558688504 563678247 611196280 629418561 672681347 673753876 693134308 711284565 711841870 714226128 727673226 730920595 740421110 740518393 749948126 758907935 777996434 779532050 786254515 802834161 806130004 806974109 813933719 815116786 817318420 825823636 831985887 840765304 851349551 862640101 874184447 892825933 893409929 896736491 923321101 938246139 947113810 948435469 986595528 987834541
200 -998869148 -993387292 -991406296 -984682054 -981192411 -977412573 -975456848 -964278476 -953868654 -940739601 -936776870 -927599955 -920730403 -918978697 -911928171 -907494320 -884137193 -871579406 -850442896 -842772777 -815889583 -808999854 -798776402 -792564550 -790818328 -783856523 -778604844 -771362903 -770198486 -758784342 -758491012 -739156750 -698387095 -672871262 -643691651 -622646014 -622372021 -610805458 -606814360 -606570080 -604253211 -603265957 -599387018 -594048680 -591124244 -589397849 -578109621 -568605024 -562454163 -557948463 -534048722 -528051402 -516491077 -496833080 -490961311 -480939597 -463113669 -453792564 -434231804 -422124990 -419055246 -418318215 -414793537 -408924532 -397905751 -392370027 -378347306 -374160179 -372293685 -368975157 -342600249 -317800240 -288477160 -288312944 -286802869 -277254772 -277205572 -270694346 -262275277 -256486842 -242115005 -225983154 -209754711 -201833569 -169008389 -153371791 -139117973 -113832402 -112479831 -111534934 -107532877 -107313285 -98037017 -91277821 -81646647 -74638881 -60452443 -56814677 -31347492 -22662485 21833153 27687940 38115696 45578662 49870549 58520954 59826532 64815023 67959977 85387436 86023390 131516888 134102702 140583197 159208388 163074960 188229738 201692312 204178193 205612269 206294802 210701789 212675487 217777911 233340937 242554957 246068739 253534785 261394226 264985414 277578109 282929622 288906590 297135048 318176570 333907641 339739915 347532448 378187752 379272454 381234432 392855194 412114117 412118639 412226512 414725618 423268747 430722682 449170931 451676025 480457072 481811386 486811911 487793401 489263648 489402523 499337851 514273726 519865144 533872193 538924494 543605853 568939300 594920150 596435783 597623411 648913041 655969863 662492724 675195336 678225271 681523157 712186474 719356009 735131648 736649287 741898056 752254557 799398578 806204266 836199348 838712473 851543424 855375640 859027420 860654677 883962045 884496164 896076322 907612120 916122195 921027689 931989758 948059072 949912828 951472683 952204094 979214196 984583217 994574643
200 -997683340 -997674090 -991331683 -985978975 -979909502 -977057391 -961596103 -943510985 -932672927 -925423070 -878325409 -865622434 -863109489 -855542131 -849073580 -848228484 -846741304 -826968050 -821853930 -817645765 -808727947 -802910152 -802602360 -795746925 -785587359 -768498087 -761101194 -756262022 -755270555 -715105836 -711244061 -705301841 -685778776 -665774150 -662516451 -659910540 -642572573 -636597631 -629471633 -617252512 -606692523 -584133738 -575835104 -574900084 -560975893 -556921441 -553619784 -550319988 -535651072 -534032118 -531923178 -509599750 -464348326 -443892531 -437546674 -383968614 -380548012 -375484506 -374221640 -358295595 -353669617 -349587655 -334523090 -328995746 -327430981 -321621998 -319413471 -319366904 -313651845 -311145473 -309982820 -309865252 -303697844 -289449811 -283621406 -269733484 -241000110 -235741659 -229488495 -208148614 -203095565 -194371434 -190203628 -188209842 -178199741 -129669766 -119364724 -117468847 -116039355 -111984109 -64208419 -40583097 -9535379 1744554 6961114 10966413 20636086 21425584 44486923 51228627 60185291 70441173 87621823 99619719 112897529 117207143 126445461 126514622 128280937 156715214 160568503 171641250 172191884 174607333 185204906 187847845 201492131 209609405 216809597 221557203 228904087 230663435 280726745 282469213 289193230 306151161 310060245 318594946 328487870 334782812 334906838 340870743 375184748 385159476 415701640 420490053 422330662 425704905 453645855 467427251 484156799 489197980 501676571 505059915 505869718 518565803 520914393 527794716 531681199 559765949 574399734 578095682 596967907 612666454 617718448 622456227 640526208 646266671 646811024 650479033 654972041 665859605 669604569 682584943 693000655 703029395 710065167 716482220 728696793 747902397 752957529 762675167 767349364 777812093 786780786 790646935 798659782 808938609 811082428 845391459 847037211 854747846 856036320 857777852 858330061 859019349 864041158 864830980 892300668 901954815 903790131 907261240 920139400 924902103 932106982 966861697 971983471 991665492 993521314 998432444
200 -986639689 -986202148 -979949702 -978359890 -954228274 -953877765 -945539823 -933320841 -933082200 -913080100 -911473333 -898806264 -883352687 -857660096 -854150952 -853434777 -842760529 -834579984 -833078311 -832911381 -829971040 -824373809 -800189364 -799609550 -783217060 -770124458 -752198413 -750387904 -744626833 -734400615 -734246853 -707338219 -703372312 -698314585 -684349244 -682554226 -668477656 -668118671 -666445772 -645769693 -639504150 -618393642 -617606692 -609406085 -601199503 -600971528 -592603122 -588372274 -587365503 -554310900 -547293799 -545262408 -514350918 -499411366 -477321125 -452894149 -452458675 -451916445 -449290223 -436250837 -434808344 -424307820 -410468276 -404880375 -401582562 -397033725 -391117126 -372313060 -338123429 -326868393 -308284671 -307010520 -300539690 -295240007 -294931221 -262275871 -253003868 -251139188 -244540724 -243559201 -243376782 -207545920 -200326149 -199693453 -193540261 -180774856 -180278007 -154450468 -154194711 -133437740 -109850815 -106237598 -106010333 -100749579 -90008150 -71265247 -61782992 -55065027 -54210980 -43463182 -26638999 -25892905 -19128865 26926199 32395015 50204331 73472065 73665175 91044962 99389215 106161381 143632348 153163372 175424592 192262736 202053121 207556942 208943442 210262738 215958782 224729101 226692126 250756626 261164131 301091697 317910378 320707685 322361814 323663980 336267321 343798653 347918740 378202019 383726498 384888242 416370154 420442122 422910315 424253372 451665098 463949165 469261776 473661992 480742216 483527010 490594887 500549355 501881776 505567427 509395621 515367678 528370509 567253335 578052353 587556647 592790333 594989835 595248967 602039655 607009435 609490037 655342770 666128777 680614669 683020238 698608375 713226903 723582533 724094622 726237804 733630960 749927177 756235274 756370680 761964862 780246534 781439382 811017953 829204787 832347398 833956862 844101669 853217784 870978205 871342002 882079223 884005393 911621565 911698170 913126122 916520460 918289270 918881101 938903652 944335459 957022391 965295642 988783756 990160133 990563955
200 -975230014 -971189021 -967378202 -957725641 -934907047 -915835155 -909847014 -903239343 -892726985 -888866047 -888645902 -873018113 -869534467 -865258643 -831862796 -830632382 -829764087 -822876213 -817108888 -795625941 -784185541 -784111975 -779198127 -750019203 -739663951 -728186299 -714725266 -702829104 -675137604 -663327770 -652515917 -638210562 -634014082 -628896682 -625077841 -607217898 -605713160 -601757328 -579767658 -570328137 -558142153 -557080340 -536503687 -531732355 -524752468 -524638578 -518356672 -516838261 -507594108 -489223687 -472571817 -470961698 -435570601 -432398623 -416800997 -416207867 -405862059 -401585258 -395188187 -373144022 -358106683 -347260957 -329008135 -328708067 -327356653 -306366405 -302756672 -292818268 -266638433 -261191490 -255249396 -245688597 -245640402 -235628760 -226123943 -217408116 -204174241 -198484761 -185522937 -172222309 -170995746 -156367888 -154673529 -150318061 -134745101 -121208932 -111347716 -105776804 -104718663 -97820546 -95046724 -86787294 -75127126 -68491432 -57837870 -38034492 -36710357 -29295087 -27545643 -14124433 18218925 21261891 28685671 33273946 41090420 45331404 48241203 53010239 65631479 75685563 83839662 88979885 138900698 146408488 149725572 153358758 168406442 168585884 175068114 180310260 213333320 237607831 244561357 257445078 259064536 262287709 280763085 281935667 308707663 319154318 319156410 320244779 324842873 345895614 361343902 373422499 390379663 391956101 394737845 408464946 412888532 426052647 431601584 480925884 492506504 506850197 511622528 512156559 514690147 561187995 565620979 587494033 600555026 601353623 606478365 608463087 615878459 620703904 631582816 634504325 639004749 645281360 646626059 651535379 669265435 695136403 695317239 700587233 712490228 729136373 745219107 750694253 752323399 762775323 763784893 783286319 786437909 788205825 807789561 808590134 809061901 821591575 827202714 845851204 848763007 853098724 865200845 868421692 869969562 871339506 898896759 900705136 937230692 943809444 946150371 958059033 959528797 989753054 991363050 994516549
200 -978720629 -956812539 -955894274 -955155316 -955138045 -954675445 -939575948 -914329118 -878852958 -865450819 -863613937 -860923614 -859443684 -859144198 -844481652 -824848944 -796490333 -779843556 -779587775 -762543945 -761293281 -755432641 -754367747 -752275720 -747460129 -744207779 -729680297 -725860073 -692461012 -673226059 -646457514 -637055357 -635544479 -605605099 -545195573 -536065446 -516502004 -498930897 -498109219 -490967297 -490665291 -488588323 -485714460 -484860232 -478723415 -476897241 -474396300 -465523766 -463625689 -461573438 -445739242 -438410729 -431436624 -421165311 -402984668 -402645120 -394400019 -389462363 -386590343 -384762995 -378259266 -377398071 -360073201 -355700111 -353057047 -348200723 -341115886 -338701331 -317106746 -299337942 -255419347 -249529483 -249330892 -240439847 -210702081 -201656191 -195418684 -195264583 -188526042 -181744061 -178055007 -148326389 -144072415 -140550165 -137872537 -117574998 -102082399 -98033766 -96846898 -86147150 -84446041 -83053082 -74278201 -61464602 -60251847 -60073322 -47133508 -42812518 -40217893 -38157589 -31993428 6246564 16779598 19068481 38454893 48406808 82992943 84290338 98182341 108090035 109637135 112071776 115807897 127430040 139539495 151842848 161017052 177171277 186997063 203305285 219721854 224156515 225811417 228631703 247629512 262827555 268659516 271104919 272798657 280781115 282498729 284550511 302692165 310627922 310666805 312580564 335161772 341877886 345771906 354135946 357031422 365462847 371136417 382344836 383951995 385589994 392304226 422561002 423283068 446066864 454528996 460373999 469223111 475393816 480971709 486058150 486250817 496558349 509957136 510094626 511374141 534216629 542916070 559796883 563828778 565392773 584318144 609806029 612628749 616573460 627740777 631409658 644288312 649399318 665990937 671975670 685230891 699925348 708033370 724491482 736471838 741852316 743562880 766341031 771153606 797889380 809619389 821323756 826935187 831481556 855202935 855649402 862333645 929460945 939012547 957208178 957552813 961661364 975884202 981451307
200 -995739556 -979685224 -973985010 -973836779 -909290055 -894409603 -892811902 -892347839 -887330547 -854103937 -821599352 -818332521 -817586833 -802083587 -801209531 -798692726 -789451747 -787613455 -773662885 -755092667 -733886549 -733159885 -730452556 -717574790 -697133210 -690380857 -686718880 -679812681 -673407964 -672804431 -661292256 -661079827 -660339868 -660098995 -646412417 -624653601 -624404522 -601650897 -591291296 -587979933 -567879574 -565767056 -556157268 -552469027 -532626283 -512298619 -500826658 -497653910 -488363271 -480408251 -478180387 -464309489 -453957134 -450269013 -448810476 -432143068 -430214102 -404883591 -404768315 -401054941 -395788972 -382812378 -347984595 -335889266 -328308108 -322492226 -296060020 -293230770 -291285569 -283173111 -275009736 -261225899 -235141289 -224205067 -217326766 -206220847 -201346644 -199464673 -197201673 -157151379 -156545967 -153889224 -124172053 -122243981 -120212825 -106770302 -92991425 -84497021 -79026227 -63833498 -58260719 -57809717 -48137561 -38076395 -18820027 -7927057 -5812500 4337085 4738680 6818431 10569422 16400415 55182427 57974514 58200016 95869654 96615554 99604764 116713213 124346978 130177114 132414577 145249532 150449885 155182498 196633491 198514972 198988348 200886524 206417059 209775306 214317906 217625404 229687939 254448224 290214594 290856034 296206122 298864724 301122366 304886786 310670781 344757350 353060968 365350319 373696274 413562968 414102951 416324220 422855454 444352544 453288714 456922567 464051866 468352495 478012558 487276154 498048259 500418958 517880541 520016332 521729390 537516459 538787746 539227950 543273571 545739393 545903883 552725885 554194393 577595261 585136057 592612898 593312286 598446930 606958514 616635720 636132021 639265642 640027186 652921446 659494489 662149498 677001735 693010601 701271131 707336637 721062708 746388289 749661103 762292029 776469302 779355553 787393086 804104208 809914053 821961441 832822839 834772769 839953627 866016444 879806998 881230297 894521513 895420018 906508555 927537596 945275535 970447405 984235498
200 -987629103 -973252920 -963995270 -963261990 -948124559 -947288334 -943586016 -942681602 -937645372 -935464275 -926076998 -915972725 -914694818 -899037531 -889334813 -870321347 -867936938 -866053492 -863577448 -830878389 -815501742 -814666160 -810734079 -807404199 -804020462 -796707502 -793554767 -789413153 -787424564 -773806801 -762337892 -747744389 -745909560 -734794972 -721774984 -720076772 -714567314 -683684509 -674494688 -667875739 -663354221 -661278079 -659267753 -657474430 -652239533 -650890027 -644691287 -640702060 -632856154 -622900091 -620724792 -605399205 -602895117 -584693707 -577213715 -563332818 -562461861 -559632169 -555010145 -550604037 -550148960 -540566606 -534505942 -518893377 -515895883 -512264138 -474999544 -464703876 -445249063 -420313027 -399310639 -399158272 -392704565 -388935796 -386370113 -381592220 -381176862 -375518303 -359521539 -355258256 -351731078 -342716907 -329568124 -328984588 -291850763 -279076871 -228806989 -213148265 -210704939 -200992904 -193589256 -188988923 -183643629 -181182129 -164386192 -148582327 -122439076 -121547859 -112038811 -107579078 -99489877 -96812702 -92750830 -86992080 -81734109 -73492995 -73158661 -65488149 -62774062 -52688871 -51845369 -45665625 -43372447 -32189997 -10153653 -2951827 53536486 54993815 59737267 77896191 79553757 80466641 94597991 97686921 102390521 132004235 136146411 142309876 143924702 150349316 167255336 168737439 205863819 211581451 218283514 220909678 236484774 245144164 268755812 287415736 291804959 308149565 309285028 314336757 317023007 344848972 349730599 351273342 368508137 380901597 430114366 436696483 479477731 486182187 495103355 506086427 523427056 531396258 543086166 547333284 553911897 568934796 575909771 588879324 593270832 594750207 611373582 621004809 635296238 648518560 655338878 655533617 671386917 710161901 713113268 717720869 758748295 767989812 770091556 781394211 797781164 804999670 805715257 813974900 830643120 849139205 858425354 863825211 898893633 908973565 913672702 920171946 941616611 945427979 947569956 952271964 952702642 966420301 969536454 983646410
200 -968935390 -961120333 -959930111 -950559735 -926642324 -909393839 -899923633 -878122152 -872309242 -860842161 -848831301 -826219185 -825153318 -808355589 -797253743 -791561738 -787165585 -783059837 -762290235 -749104370 -747476684 -739053671 -732881376 -703512792 -674127821 -664828303 -647773531 -630008095 -602321704 -580262794 -573078441 -564386280 -543814981 -538336351 -512711125 -473227164 -471696787 -467207993 -452795741 -451958466 -451380839 -450884580 -404676901 -395970052 -385654208 -383464342 -361006321 -325183088 -306484089 -296857304 -294531828 -293957514 -286434593 -284616177 -279814570 -277751657 -265519915 -262664407 -261272899 -259828416 -246492228 -244181293 -243069516 -240422831 -228323259 -220073746 -211457143 -209366827 -191960916 -163970848 -137632616 -133556201 -128714844 -120052517 -110531348 -82960951 -76080013 -66365162 -59061505 -49755363 -44350573 -28806860 -21122547 -20181057 -10682273 7016270 19251209 29263128 46319336 46720390 47837895 52641167 53818923 87389251 97157697 122376165 140475046 147935049 154935962 162631457 187885790 188494671 193851792 198022604 208675291 214821273 216302649 220168006 242593962 260590657 274886671 276752845 277342160 278432677 280680825 283120713 284251663 286576642 287817170 295026831 301815184 303792629 305488542 305726986 335879251 335927312 337558836 349485164 359322811 361661252 365056081 376233200 376364235 422944471 424491303 444752174 444922142 467405527 470894603 474592099 475055247 478241165 483602746 487970190 497072021 500713570 514581999 522184612 525521963 549684871 552771192 560339927 565478320 568414659 582763633 594359582 596328062 601381740 617574128 622643012 622999337 628705319 631534757 645849632 648689157 648935444 654648937 679076948 693355110 709295787 746942864 751715639 758362813 787557505 808528809 810846312 821198508 828759615 832779878 844891036 867807306 870777813 871373558 873727069 876607293 882257573 886177174 889181187 912511543 919928568 920990614 922774024 926110467 938449970 946311228 958035251 970849257 980686700 983974724 983983036
200 -993029488 -969035515 -963812358 -922627272 -918574960 -918419379 -912578602 -908263235 -892385433 -890572932 -890120991 -889332487 -885532621 -883676359 -878724760 -875357764 -869491858 -850180804 -842019499 -840282545 -837471721 -818884711 -810884276 -800503929 -794118194 -786979955 -785465646 -784465504 -771942179 -770862600 -770022183 -755075431 -749894410 -745599784 -734542486 -733857906 -721389433 -711475407 -709491622 -698110150 -695864380 -678699438 -676727088 -664134207 -655797270 -648364026 -645186215 -644944688 -606022733 -604835971 -602110954 -588783365 -569087180 -559696097 -551268916 -533063357 -531746389 -526188768 -522356623 -520735976 -520368426 -520335962 -519680892 -506099055 -494328386 -486555170 -464970089 -451466117 -445215119 -426887758 -402786764 -396890276 -392372242 -378913615 -353313781 -351217557 -350660582 -345949647 -341688597 -325213377 -311633078 -310931421 -285424757 -276852697 -267415334 -262505116 -254670513 -246734110 -220952434 -199666977 -198344614 -194644842 -159792437 -153464333 -146403378 -144636140 -140943953 -125818969 -120876910 -40788435 -28968253 -20242510 -6565823 9526034 18128767 49928842 59937371 60189467 61294212 85085900 85427010 87258743 95902613 101043800 101781474 127801166 135422439 156243242 166787300 174420592 177116637 180205430 191114190 244685647 297303853 314452553 320615783 326282549 326761364 342016090 370167988 370896741 383680767 390809203 393793251 397904129 404010457 406593588 406637462 426813225 457536306 463280647 473924982 498853044 499673735 515091029 516074322 521332370 529453817 530055194 530134392 544097895 545426508 562954224 565088600 571935130 573741485 598085000 610976545 622424060 625549276 644953391 654441901 659257734 667342185 676410182 677320947 679856108 683566582 688287607 690811276 694560290 703157503 714825865 718202666 720483134 723701607 729085266 731085049 741438212 758010148 777535355 780172483 797895237 813112420 828170609 832412172 851409655 870959816 875330576 876248289 876351148 885764271 888258396 894532754 904050819 915381770 966546939 983394185 995485243
200 -996866147 -992572539 -983778311 -961401408 -941869538 -940520483 -930315020 -926397195 -919861671 -917036606 -898733990 -895950491 -847718077 -845939580 -844753058 -832791665 -827561364 -822108249 -809878089 -805275361 -794559454 -794540199 -792317008 -781997844 -756844276 -756584813 -754297427 -750617535 -746402296 -744665424 -741003851 -734522862 -730436842 -727932393 -726772375 -719866075 -711867054 -708626830 -706376858 -691898735 -691704592 -675148638 -667144860 -660610203 -636408734 -607809720 -598545890 -597198443 -590968010 -581185760 -562380023 -555638085 -533447434 -526066698 -518876582 -506063934 -476970431 -425754530 -413743034 -404882588 -395524447 -394995668 -384638125 -378427579 -370068789 -355633947 -340505350 -332483340 -320344355 -313024551 -284321466 -282889964 -280177956 -259865245 -252962993 -247501205 -218033906 -214334255 -193511277 -186628463 -166620187 -159276416 -150753673 -143920311 -109653282 -90892288 -90081458 -81671887 -79607956 -78552804 -69042354 -66988315 -53645234 -41238809 -39443212 -37754922 -29118217 -21016498 -19762120 -12663320 -8476293 7160678 9470457 29929109 38566528 41529286 56865308 60347764 69402660 118711501 119053187 129809805 155675899 160305877 161623986 163789632 166147990 169638736 176704879 176864985 177268885 179714223 193853893 194721692 208627676 211154498 244767198 263446671 275852068 277439092 286464963 310659742 325944793 327460531 339077704 368548000 375816109 378768226 384525927 389555032 394893012 413345785 420455316 424030446 428410600 444167432 449671084 454131455 457896676 466642421 468171062 475275143 492632783 500950874 504352954 519168757 524978038 525853642 526952198 553512791 562344515 586198025 590465097 591471329 595970363 614241415 636276432 645986763 657492548 673311508 674951280 677867198 681571183 683649097 696863221 710143479 712534078 717159562 727345389 738378265 740125509 763915974 790553998 793294321 797668876 799660011 804092593 827337071 842546169 844956997 855939443 862091517 862717025 864436739 876687772 879044875 879626506 894932159 933600261 954852652
200 -984510721 -973575796 -972406463 -947653908 -943514148 -933694102 -933252224 -908623154 -868811900 -861599053 -835018378 -833111034 -821654817 -815246648 -809444692 -808832647 -801731583 -793766328 -778070886 -771732617 -768961260 -766558352 -761252872 -754774012 -749278923 -746471834 -743028544 -738741741 -723475702 -715355708 -713489318 -675151015 -665256013 -656340431 -651407179 -647025963 -633862815 -629646061 -628045122 -623913607 -613008971 -577391168 -570360638 -561989736 -558057398 -551909179 -545664364 -543956465 -540006029 -529963375 -514642310 -504955657 -467360540 -444868406 -441419853 -427136779 -424170248 -417330621 -416197983 -401344061 -396850584 -381133519 -376000670 -373329696 -371571019 -360101485 -355508351 -347324290 -341485965 -339588111 -325121562 -313940183 -311719773 -277885524 -274199153 -241765547 -238058441 -234684169 -209241958 -180445765 -154825407 -148325687 -141458800 -132065331 -125977130 -123159730 -121663510 -120548398 -83060340 -77389781 -61203653 -32894630 -31545787 -20031414 -8966914 -6269431 13435821 17151190 21967271 22348349 51556968 61126691 79863965 89724340 94030391 96403824 109914561 122742850 123030829 125887909 136859956 137451240 141718299 153847628 165588191 174080468 188071730 190996581 196031124 202197317 203542712 204825705 216044617 229348050 250040049 260504518 266122549 266550823 273133756 295953070 303846076 332749624 334845319 338391869 342202922 350433838 351823119 354171985 377275646 393156290 400067149 411260337 412221590 432700178 437730584 437883443 448580270 450036044 451646929 487207476 489399875 493719359 512085591 525787800 531924313 550422843 556435600 594493537 595224351 595379369 601493059 616153851 619953430 643673696 650860277 651285033 654368893 660392887 662180736 689801747 690412585 721645675 722622069 723093895 741462069 744924582 762986114 771155755 775359220 780333040 796029930 831831233 844357571 851314818 875137277 898677879 900380111 901823419 904458257 918486783 931470932 933326386 934634835 940299146 944648519 954706909 955919322 956131422 966619251 988828551
200 -969273279 -967671411 -966862033 -961334185 -953804474 -952878627 -935966217 -918663766 -905706697 -901544495 -887947085 -875006184 -866771284 -863060495 -854677361 -848477739 -842284560 -833315437 -822782578 -800646417 -781891654 -779907668 -767209842 -758465258 -756888138 -729825143 -713359979 -710818831 -702684682 -700595719 -693225052 -674734731 -663713637 -662244492 -662141230 -654380636 -647973603 -637457521 -630292356 -630145345 -629033450 -619140554 -619095264 -609285351 -608018270 -604639559 -591040649 -569441360 -567978825 -565690538 -556647225 -531541973 -519897298 -499457928 -465075603 -450806378 -446821397 -443019169 -434576544 -429041527 -425593940 -418369216 -411076791 -411069179 -410695246 -409045808 -403802380 -399987361 -398113490 -381818986 -368464042 -363395494 -346375575 -339337857 -330346043 -325656225 -300009121 -274758434 -259275091 -255329586 -246527472 -242938443 -231053896 -214503276 -206040628 -196315153 -186059168 -166677713 -161552686 -159716682 -132287939 -110319070 -89496294 -79547671 -72915496 -55559382 -41745811 -38226561 -25106104 -16868567 -11488793 -11045406 -9106692 352234 11984680 41412704 45529821 48195485 49969291 50648668 53021589 65913662 68039858 70996235 87557727 94814200 103580622 108519449 120651388 123630274 167789572 176308606 176819136 177752893 189247953 193079690 205332115 206430824 215515783 225545029 275446261 275551126 280372685 291906020 295583381 303120274 303619053 317944068 325999114 335916109 366162195 374581577 398655125 418731337 439695346 442381966 465157681 478537206 487810094 489083325 509220008 513865563 520940404 530623591 536754642 592596666 601433258 609248741 610386056 615179374 619103829 627618477 641513076 641797754 654444355 665395055 669638605 682861437 686880016 687945238 703979486 708166068 708836830 710065652 727285228 728473160 728558319 738742087 738949126 742538230 748756672 763853973 772806863 803766088 806140276 828762423 868523419 876607454 883171062 892584780 896840423 924262044 928230030 934527095 935467708 964363133 978554813 982240490 982629388 989181528
200 -998051453 -987257322 -983773959 -971530097 -965266080 -963043604 -947721110 -945162572 -945041685 -944242560 -939012748 -927743592 -916347795 -908791783 -900644020 -885033388 -881253911 -877299604 -854906331 -843640456 -842771887 -828555353 -815426775 -778927979 -777147354 -776926469 -776675050 -775288674 -771275152 -742201305 -740730004 -732985650 -712429175 -711946703 -711303946 -704112750 -689790791 -689218207 -686947291 -686533349 -656430308 -655742881 -652797599 -606771682 -585717673 -578562062 -568209526 -555049140 -549029025 -548771131 -542299899 -537055845 -526290355 -500720785 -500204068 -494407157 -483287667 -483227494 -469283816 -458788050 -452145990 -438821211 -429829739 -411030934 -410727552 -401722939 -396721179 -394296935 -394026460 -388998858 -367099026 -358823260 -353747001 -344582151 -341515412 -341497528 -340078920 -337396161 -318272689 -307104375 -295889077 -288685015 -282962476 -282194015 -279475222 -276638063 -275579802 -259925215 -251299096 -250453126 -237085715 -232938213 -218768886 -216566621 -210369881 -209518361 -199342123 -193769014 -184271692 -175266254 -158621406 -152357193 -142378329 -141071304 -109166423 -106939056 -98649089 -83923273 -78649813 -57264684 -54553372 -13746496 -6171487 -5596645 5333168 13287913 27744470 99199077 104583484 114783082 118048868 133766748 135838320 137406653 151294560 165154312 197031046 234573573 260277881 266322664 266987807 267468735 313626689 323052002 324856563 327164969 334833138 364510520 383100685 387462580 394987454 412746215 414865145 418400160 433726649 438439255 466051028 466794669 494669337 496527781 510848740 517676649 521323429 522103541 549368380 570671429 570725120 571809018 573918945 602149507 602879916 622606501 635000881 648784657 653831954 675311400 678977615 693462934 705921677 711934055 737228400 737414099 738774369 749715940 754693472 779290047 780853478 792153310 792210270 799809939 801089649 812360632 827028144 847398129 859615116 860268752 899620847 931503210 933191254 950103512 954067118 957033353 958699637 965118924 976225631 985350841 990959238 993545884 993580764 994577235
200 -991779325 -985378416 -980933296 -975722886 -953947486 -938230506 -935713455 -924347207 -910318802 -908295829 -892419923 -863314258 -862294038 -861697213 -855570528 -851816775 -839839567 -802136025 -800930078 -788669491 -782920748 -773226926 -772756670 -763887763 -746408836 -745248867 -722126912 -650425355 -648218228 -639722841 -633767060 -629606981 -629001558 -601835603 -598604717 -594723290 -587071239 -586915009 -585427826 -557779856 -552276286 -538633267 -538188063 -529100858 -519874320 -505301205 -489087961 -480148803 -459011344 -441847437 -441819261 -438249328 -431924825 -430791555 -421097068 -414807220 -408986808 -402030716 -387548070 -377106822 -371802718 -358404085 -339593626 -329236751 -311784616 -310605622 -294307635 -280279624 -279305989 -278966550 -251057335 -234625228 -219894256 -206371978 -184235042 -160196106 -159114867 -155124113 -146664660 -140964839 -140218556 -125699111 -117341888 -116993604 -111337705 -109888474 -94115156 -92390682 -92305177 -86283681 -85505229 -84326838 -79403156 -69740662 -62469987 -62000339 -43573686 -41865227 -29864607 -29018007 -27947807 -19275500 -18324284 1479499 2956203 29413799 32032843 46778802 68113998 70721200 78249543 78765075 82166151 83947297 100814785 104058159 108928055 110696942 118490768 125364345 145424618 145440317 179114178 197461698 226669112 246860084 256969075 264520813 277834919 282666793 306813058 326803404 337342197 343282517 358489243 381248962 383220013 389814059 412304394 412413624 416682836 444603109 447948707 451603290 453775258 497077901 500921795 501894142 509963552 515781796 522933274 532406250 535902202 538496462 568172051 572327240 587753952 605264660 641944166 647177518 655611612 663301206 667181159 671493665 672323437 673982493 690358663 704179717 720629112 744278986 744701789 747364250 750391262 761045947 776834011 781611165 789515480 791800377 801915006 801969572 818010489 818180335 820840068 832927426 844578837 847447784 851082090 886370846 890494401 894391307 894848791 897658632 899485941 929875897 932093825 949101094 974514910 975623171 976721619 983391114
200 -975025489 -972667597 -949346902 -934955509 -919198765 -907734270 -901338458 -898895612 -882869273 -882446306 -878542312 -876235595 -840776601 -837774198 -833898186 -830841392 -811330971 -803527885 -796327866 -794536008 -789111046 -778367992 -778071633 -776795929 -772940789 -770998755 -758805189 -751814038 -748786472 -742599812 -739564748 -728122000 -727193560 -713359669 -696640931 -691349278 -682518149 -677215548 -670966862 -663810888 -652479246 -636447261 -625729334 -615099495 -592048022 -583982743 -562470949 -540690142 -537386938 -532755180 -528978959 -517176634 -499677471 -459474575 -458233271 -450484263 -413642451 -412451304 -404363341 -382752508 -379813475 -371120471 -366762703 -366603337 -364291980 -359215121 -357732619 -352849490 -348482928 -347125470 -345809483 -335283807 -332322157 -308246967 -298833159 -292833105 -292112497 -286227408 -284199345 -282685328 -277314441 -276342630 -269118955 -266149933 -265869505 -256308349 -253794845 -223263199 -197132434 -180228577 -172826875 -167820647 -162453754 -144781603 -137308285 -132735231 -129413182 -109282962 -108630256 -106842162 -54532618 -49796717 -47979261 -37652570 -30683378 -20057177 -16032545 -15227461 -858407 -777029 32537985 36719711 38477416 46263057 48341563 54820397 78079614 81637897 83153659 85216928 104060832 114581556 119510291 121969788 127816812 143133464 146862533 153940474 154050966 154114107 167576752 181902586 196220140 207697411 210194487 219525123 247883165 255628328 260004879 270185814 271511298 275187685 279081260 297182252 329192080 340611189 349807625 354708814 355078051 356887771 359633314 362190271 362582279 369737402 382628730 386001434 397721275 398558216 430917626 463426953 464426231 489741996 492146280 532167353 543060346 547883670 554219630 575768701 579287615 582927509 585181417 587718722 607242434 623313712 646485015 646585733 688467980 689784645 690158838 699926048 707048148 727118355 758894005 780730924 782124150 805199317 816489707 820699744 836569628 871484111 876618711 887321737 920078142 932370829 944481924 945587862 968509569 973512716 979178981 991650955
200 -996666800 -989884087 -982142040 -970499462 -966986125 -964666272 -963799293 -948980159 -947775651 -941168855 -928380396 -921564921 -912298894 -911198434 -909415036 -908670600 -908619626 -904233218 -900530600 -891485527 -885615339 -878565270 -873969576 -873044862 -860779465 -857604580 -852890070 -850411191 -825376483 -796176567 -793989361 -790445237 -776799569 -771345710 -766645235 -761456803 -737760077 -730591380 -725649173 -720036167 -713913267 -708858175 -704234904 -656245453 -651385205 -638477751 -621195203 -615366943 -599935191 -586726760 -585849860 -569118942 -562743472 -559151448 -555720903 -554085414 -550876049 -533031320 -530142513 -526669439 -507524971 -474837937 -472853069 -472841851 -424962012 -422236050 -421344679 -418442842 -417973516 -405201288 -380928804 -372809935 -366684204 -362348227 -358043803 -355976114 -344994647 -341138782 -338861085 -337377082 -336266556 -333329664 -332823328 -315646688 -307373108 -291800526 -281781556 -272317565 -270484229 -262750383 -261508905 -257592049 -256857607 -236384763 -217318505 -200081563 -156107328 -154111686 -144544960 -139177619 -119690179 -117025840 -76787361 -53235883 -33806746 -31237131 -18292740 -18244168 -9098827 -8682582 2152376 9249024 20206870 22160330 39381554 52740555 95673915 100686338 119814138 119943031 122170428 124339310 136450436 156891538 164346751 164503697 179201657 201624556 211453450 212897694 214335754 216096546 217623049 230954246 241323610 242948044 245778848 268334634 274503356 290322457 294150103 297573263 299288355 301967623 305642627 311308354 319497047 340719241 352973672 369126439 377705369 379379497 396940782 422756308 438089093 443047236 469293596 478356099 479839741 498222038 502361914 515085625 526735636 528953472 539952830 546160540 560912644 575185698 612220183 623515278 632266942 647141891 650144135 661860864 662402237 668113841 696176875 709139711 722132259 731981633 753504879 754436522 754749668 761527343 777299585 812005405 846061435 846753231 852190692 853531897 877083553 879154875 881991174 901593806 916465295 921494861 923488303 941129992 962110488 968808233
200 -997344243 -983020491 -982245904 -974421108 -955057971 -953494070 -942775946 -928900479 -917603597 -915445270 -914861470 -913865342 -909554889 -908786580 -906801731 -881082701 -873001941 -861463932 -861122267 -856685560 -846390551 -825054189 -816382704 -808233700 -790990730 -789443392 -785122571 -780928417 -777410764 -770977749 -757038421 -755105027 -744600795 -739388784 -738216262 -734249073 -729469722 -726800614 -716400503 -712456663 -708683432 -695872718 -678020034 -676185055 -664281865 -656117296 -612149006 -604092078 -598320163 -580732727 -566079196 -563350170 -559898362 -555892731 -554176452 -545469201 -533304585 -514737538 -506775317 -476563768 -474146594 -473678527 -441782283 -430934256 -429920456 -416827008 -404498887 -396801742 -382753039 -382134281 -360174047 -357943258 -354176425 -345138176 -344458581 -335661198 -324580193 -313762828 -303919026 -281928299 -245919461 -222532514 -211794130 -205479775 -177602466 -174090288 -168168225 -164409227 -157375697 -153994106 -138176768 -138039366 -131476500 -111407859 -85022152 -77537150 -75198058 -38040619 -37660366 -34752198 -14909814 -12440395 9883425 19600487 33687428 45185284 69776739 76994470 86445780 87742276 93999703 104949653 112400710 134691209 135356691 138163439 144008506 151631606 158120794 171016715 176476463 182307630 205979581 212369727 214059635 227168761 228435254 249577005 255139472 267415045 271122051 275255557 314519388 323801649 341278747 354565798 367268870 372177526 373870768 386890639 388982441 394324373 394519703 401160058 405789516 430797430 438926028 447319864 450425310 455726335 457245341 457896982 462227687 466036429 479219721 482658155 486070301 488955652 493845901 505531991 515106011 542805731 548615554 562779076 566327240 573688820 576130186 577472672 598608610 612707052 616958444 628214068 637532658 658023592 676308659 702928764 717499934 722598728 738876706 751096381 758564988 763254495 775036136 790663436 803536008 816029828 818904157 841013862 859859010 860575654 876849669 881610222 890141725 892875390 908991446 911814336 967101911 972850399 981214511 991101476
200 -981324394 -938710560 -921397433 -920421638 -912219965 -900852886 -899975713 -895965474 -886869286 -877632103 -860391906 -830203056 -827102505 -820189940 -805695105 -800901593 -799988591 -796891985 -795405810 -787876020 -753157403 -735833118 -733798528 -722765377 -721124148 -703812938 -698496620 -697613849 -697303186 -685404847 -680695226 -652172993 -651599240 -627137746 -620716126 -598491272 -598266495 -596453782 -591063632 -581125779 -556153975 -545390674 -542857827 -515614568 -467450277 -461214956 -421830568 -404063083 -384321306 -381957683 -373542917 -359188453 -354476958 -341089822 -295503425 -279102450 -276675314 -267762044 -262954684 -259449771 -252143361 -246702168 -239928304 -217409548 -216258820 -216072417 -214069749 -197401024 -195557237 -193402230 -189431908 -183954930 -166114150 -164673654 -135987223 -121498566 -115831667 -107802660 -102740131 -102535126 -86463877 -75434392 -73061742 -59589791 -52343611 -47772680 -42124974 -37482243 -32302295 -2076814 -2028064 6173894 14905785 29866297 30332766 42361222 44679180 50888327 76898272 79383894 86483820 90935358 110636059 123458057 142196193 144991370 149545421 171385091 182646308 199446456 202606382 202861335 204651910 221046107 221222501 223020574 233643495 252654802 254140718 272918002 280630734 289340151 290571467 295564994 297277426 333107714 341968112 362365272 383918835 392109568 396982978 404741035 411819251 414632157 421069073 431041736 436137996 438384966 440503723 448911212 461196091 462491244 467550939 474234093 480457466 497789783 499115251 512864688 529561689 538012194 541631298 542271722 546729793 551230083 583209517 588434455 601452618 615426826 620660531 660240526 664046382 675332526 697536675 699846954 705676207 707061724 720216111 720784692 721670733 731505345 746879388 754615189 754898804 762621969 767143418 775622103 799518829 801823296 806686169 820226064 826266855 830418401 834658301 835808593 848921905 871020683 873354132 873638966 875791210 876750210 889089730 889334766 912352290 922822353 934317957 945215656 949745505 960063365 972835381 986441703
200 -999236582 -997827434 -985160337 -963037172 -961406952 -949958145 -941333547 -939822133 -938335888 -907028744 -901026574 -888222350 -871961986 -870654906 -861715605 -846338038 -782583296 -780444597 -768564362 -730244362 -706768246 -690044449 -658652068 -658013811 -649797572 -639019285 -620023811 -617155185 -616795569 -588743543 -567357838 -558976967 -520826419 -517473353 -512425100 -501113826 -500227757 -495553074 -491101750 -489361981 -486438643 -480727319 -460266591 -441144628 -429709138 -428534017 -419415882 -413783212 -404351107 -365925954 -365742988 -362739475 -356608796 -352888598 -351314887 -344994523 -338678232 -324806253 -324754676 -320327498 -287363985 -285263238 -266535406 -263394125 -262167227 -261476563 -258994202 -244249638 -224721275 -208349342 -203436823 -181515278 -150933668 -133702029 -113353273 -97600584 -83507223 -82753774 -78595938 -58800100 -54352162 -51117644 -42578277 -39544523 -19833349 -15657629 -15171155 -11427477 -9149725 -7952529 14515735 28541142 28841064 36600620 36991192 41312779 53315164 54667585 63956017 66989410 70541045 72643236 78676212 81370525 126089143 162911999 168253498 176712596 190881271 191922753 192445955 204644278 212851787 215660239 216590555 223680185 228458949 228910679 240499387 245873731 255002431 258981278 275430746 278734571 281286370 310890465 315596260 320186795 328131022 337409766 351694725 360518836 378919368 390835547 404246828 414468500 436417185 442502695 455353003 475801715 476470770 499594522 505686689 510741298 517320765 517709214 526141612 533962791 562083094 562423881 562933861 571278043 572195601 586675227 601353607 603287416 607982357 608158426 615359420 656530519 659534260 675176652 683389352 693836726 696774863 709695180 721320484 722067507 728488174 729917397 731188655 735531260 739947578 754097747 763065696 763736914 766583676 795434777 796230670 799098774 806530536 826624527 847364100 855876742 865437487 865582150 866603262 872877220 877425781 879357271 914964159 928473628 929019510 933320887 935217845 965159852 977990229 994617529 995903691 996170935
200 -997933713 -982960062 -977377243 -960234028 -958923198 -938749502 -923854901 -917964905 -860966174 -847569215 -844191372 -842854230 -833433940 -827926240 -818686408 -816382399 -796421066 -769839340 -763457253 -748892196 -735945591 -734733482 -719152993 -712011118 -699048968 -696767925 -694443992 -675837518 -645377949 -616040002 -610561786 -594420594 -593561554 -586650959 -581111953 -568821694 -553717045 -551968106 -551464926 -539376187 -532485394 -528383796 -524772908 -477660837 -471798710 -464909728 -463134360 -454941459 -449122304 -430004455 -426986697 -425053892 -418643351 -412087106 -410536619 -406747973 -397388755 -395740431 -393737853 -383803766 -362877171 -351922908 -344672387 -340993314 -317745469 -315688640 -288252943 -284307071 -278996025 -265175496 -245675908 -243888474 -243471661 -235312389 -227081653 -224072139 -217157403 -200538583 -198950628 -197617738 -197236462 -179839940 -158389391 -157121701 -151852177 -142152051 -128980409 -118154805 -105666675 -104426096 -80382281 -60907527 -50425184 -36955322 -34114603 -21181672 -19030489 -18994044 729346 6790360 16334304 38508617 43395107 45599578 53730664 86110032 86472004 92444839 92570300 96110890 136695845 139294252 139361366 146880246 151622876 153094808 172321075 182868693 198095178 209763141 214976859 217468413 219502315 229212608 232335114 238908034 269111578 277132353 293778897 296965025 297573865 308148507 312173783 313887352 315223092 359690492 372537537 377553301 380954147 389661757 394696722 396384003 406614505 431830333 435695803 459165804 461729919 488886782 489473237 503419908 504395615 508053783 509120530 509291117 515653717 521297808 537372077 545010952 551506134 569284114 581393217 608707786 618231901 636549511 661001640 677140768 677308337 692870722 702804578 710885146 711916143 716121862 727058668 733770691 758298892 763647312 765251975 808050669 812677260 838603399 841449511 846030163 856235993 870480447 875613891 879215708 887521100 893657698 901752538 915053823 928970423 930103088 932268880 947934541 958062820 958964674 963934152 972040827 976825508 979529306
200 -999651355 -997912059 -991473158 -938315186 -937678097 -933373880 -929200034 -908369494 -897760915 -897474266 -889182879 -874326616 -874108459 -870293919 -869540589 -864908639 -862080559 -860000651 -855539214 -854684277 -838645670 -835809804 -812145876 -800016894 -776064695 -771611190 -769651727 -748739578 -740901121 -735994389 -732834020 -691705653 -690297873 -685620342 -685224601 -685131846 -683321698 -668808406 -662922713 -651858590 -639410165 -637997194 -636690846 -626777351 -620665351 -619685811 -615776243 -611845408 -599669195 -514290683 -509358265 -503923129 -499089432 -485446922 -482387566 -479511306 -465633646 -460767036 -460391684 -458740097 -455561528 -444288178 -438980630 -437207611 -433748966 -425890294 -425690056 -424868891 -423995734 -422624981 -418138582 -407540727 -390491298 -331888750 -317889432 -295892083 -293124835 -291355911 -288529063 -258246628 -256954133 -252335649 -237819919 -227522327 -222782635 -219327615 -218391982 -218060173 -203541944 -193716772 -190873360 -189321987 -181452561 -171080915 -159408781 -156298924 -120616855 -115180021 -106392425 -71767734 -65789552 -60638336 -59103692 -48688957 -42356190 -33842517 -23254339 2356653 3282909 11841078 12040235 17014467 18218649 39590477 41513976 53494548 84321087 97763668 105304952 116359906 118088109 119227127 172784753 176277932 209682052 218146909 223727122 226785006 242384184 247970447 249298527 256103521 259556506 289355849 301807113 316383455 338508259 348583532 351584829 352804372 354081034 370406055 398597110 405702076 407969821 437011365 441428217 455457177 455808021 468946382 477855387 491096337 504393636 507079373 510785281 520488598 521869066 536850269 548413919 570601423 572518049 587472979 599745474 604732226 628501521 639452545 653410616 655721278 656807259 657956276 674268155 681552723 690212370 690572892 697040307 699830218 705487811 705678298 706822791 742214315 753722337 759520611 805871808 818346372 821481350 822371365 823564917 825574730 832543916 861321307 871721498 880485867 955940256 966845374 969783795 973896092 977389872 983757602 995698620 999060481
200 -973065642 -972958313 -965369737 -964763205 -959913942 -948728988 -943310051 -939038892 -917189865 -911697214 -907024795 -905889924 -880394951 -868049559 -866736342 -861111806 -860502444 -856158623 -856021308 -850048621 -847205942 -845009458 -841318144 -840796145 -836424215 -796935657 -796194416 -781634861 -773957575 -768191392 -758914534 -749971835 -737496869 -735309110 -735298278 -726685473 -717817180 -715275705 -701839132 -700560920 -693931255 -690961150 -676879759 -674491867 -648427202 -632359124 -622451948 -616335824 -614615186 -591705292 -580050020 -571332100 -569028011 -567215112 -561804369 -553531464 -550324723 -528395764 -508887667 -508649305 -487108930 -474399912 -456109656 -454610993 -451851034 -447527687 -436666066 -429919522 -420577880 -417677021 -413334650 -411174849 -410411797 -403744514 -396758069 -383483873 -374722234 -360465921 -355755840 -348675308 -325650032 -295397871 -290967115 -256524120 -244358416 -238749284 -232857263 -224040125 -212413140 -200691862 -192422106 -181326185 -175005496 -158872110 -144006864 -127346261 -119412565 -99454533 -97090336 -72753697 -56662486 -56141098 -41531090 -31027436 -30577893 -19439210 -13325678 -10423094 5474571 15464349 18019606 21828965 39109835 49296589 71855920 85398622 92718343 95798830 109880214 117676762 119576754 148635785 157650625 164003764 165522362 203685046 211094454 256246602 301860181 302205963 305497215 311321252 319257417 326299509 328662023 329706345 348191327 412057994 415539224 431537123 445829081 451576480 453546315 468630190 477724530 487196739 503453795 505755805 509508141 530069480 539254129 539921253 547036917 548006901 548923917 552066861 552517518 560193967 592857077 594151292 596986449 616647102 639492584 669639718 683464443 684227899 717995905 719991243 723044953 723235485 729194363 732808001 734325275 738421891 751705076 763660669 769795097 798769772 802057376 806634970 843199038 863203294 890608200 890974450 893434345 894770759 896201033 896509288 896582663 907587052 924528278 929774380 941844182 946627882 960508562 967915210 979405154 989083090 993341263 998699618
200 -983023825 -981917720 -981717854 -967632018 -951054325 -921299493 -913166601 -905443964 -881479025 -874320068 -872913833 -870140261 -865230751 -864006457 -862203490 -846661937 -829728655 -822462094 -815332828 -797166883 -773956067 -761454834 -744417482 -743036928 -738356025 -737171728 -730389069 -724059160 -721491773 -719639863 -711343684 -708504118 -680247059 -673283510 -658883760 -656632371 -633588792 -630789072 -614278448 -608707509 -602522720 -601588081 -589899603 -583639124 -578287849 -576650862 -561303965 -556819561 -531838310 -521403208 -520554397 -511229448 -484452142 -481872639 -480226975 -445670622 -442187266 -427841534 -404922985 -402081724 -399282243 -393870606 -378919115 -376243118 -363101753 -350177773 -342302958 -326414919 -314248807 -290206399 -280966199 -279279264 -230045936 -228956418 -226188452 -217899177 -211654894 -208343317 -200273790 -187581268 -183206735 -160561171 -159443647 -152983604 -150844128 -148164102 -147054664 -135994112 -126751692 -124051937 -119629867 -105737234 -101491776 -98228484 -89573055 -83333716 -81145060 -77526204 -76176250 -72579712 -72431702 -65988088 -62521457 -46121620 -27795241 -13739020 -7847726 5735644 24047530 24593584 37734050 55678897 65099508 77338951 101033940 102993473 122608519 124859068 128823332 147152439 151410964 179183952 182675116 185025903 194848197 206205326 241212374 262581063 268188358 270915330 272910674 277528240 285549178 294581629 307098340 318424730 325968698 329026640 330885747 367417984 368620033 369266992 386541784 394087119 398052537 440197625 473735033 476061430 488669515 504706963 505281159 506735933 511396445 516098452 530887317 535943381 540602420 553949018 554415274 563996412 564897992 565705547 567891075 573022450 597139225 609800655 616560373 651987017 653448525 668969266 670491562 698454970 701048762 715267526 722097449 729343675 736510955 745828757 746684823 756994387 790836866 793793761 796734267 808581048 818769940 836639766 849945838 856728595 863001081 870209659 890276311 893768460 898238548 916078269 955556894 957598734 977383188 981408922 982500963 994708329
200 -997495871 -996855476 -989645519 -961654869 -931520217 -931305447 -905666999 -890889727 -889285757 -834989887 -829755292 -812803015 -811457311 -783340514 -752616142 -751477909 -727319281 -727012786 -721254208 -719365695 -707833227 -693195072 -683177748 -681177725 -669331183 -666459074 -659668372 -655537070 -648022824 -639879655 -635607541 -627419416 -613825603 -611774447 -607350925 -571881507 -568440552 -537102507 -531746161 -524441066 -523648714 -523234753 -514846844 -504929249 -504607606 -500835393 -440396321 -438111944 -432358886 -431716084 -430998537 -428767587 -410019378 -395196984 -375400125 -373766754 -354755272 -352316466 -344068395 -342794697 -320910404 -319497222 -316335636 -296886597 -294279177 -286693687 -271824066 -266596817 -258722577 -256299870 -243605692 -243348415 -221109404 -213761044 -210731530 -209663421 -197443608 -162839087 -160269797 -153752167 -148894098 -110378659 -107434068 -104985193 -51589859 -49481385 -46675368 -28448869 -25594907 -22382365 -14622474 2420388 13948119 44867893 48331673 52742429 57141925 67761396 76834172 77749734 82273436 84759970 96727168 98545770 99805882 115654477 119597170 145888108 159328852 186092963 200553141 238221415 248049036 252827808 256130323 258528465 260247957 272833462 277002840 284675952 326683301 339774861 342872806 347391918 348532094 351690190 355388502 356838416 365532375 368700669 369943169 378212167 378408384 389256186 393856761 399609658 424376149 426213547 426981651 427375660 429215575 432541148 453807601 455052150 477414182 484922698 491309042 491385314 499461168 503087342 503789136 503891576 504465151 522016203 525770201 529829079 530936242 548239392 550184821 561691043 574030740 590762688 615732164 638605945 645340744 649078346 660389562 688519878 714060304 719655546 721642798 725013928 728167087 755568544 756632687 776052682 783979011 785736121 799560047 800854380 817048456 817854762 826253437 837324312 845094331 845943427 854913374 907528951 914303377 916038635 920859289 924169521 927248239 937422837 937553650 951934946 969611855 974448548 976665009 998365080
200 -990366156 -990091576 -984276250 -973392591 -959689311 -949491356 -947244700 -945812132 -943404975 -902823449 -896938814 -891455599 -885882293 -883052516 -855065116 -851617029 -844606392 -842203894 -835302321 -827598739 -809380651 -802322661 -792574672 -781468313 -776554992 -775548690 -755120337 -745233880 -740766732 -727807632 -705340080 -703048161 -699359908 -677276377 -668991028 -639922216 -627587691 -623782392 -593379012 -575798958 -553875649 -538091640 -521112144 -519269384 -513043150 -499487091 -481252579 -477119379 -474355146 -463044274 -462927929 -432087956 -420579247 -420270576 -405445315 -397479116 -385859025 -369621115 -362920282 -347969760 -347245541 -297303092 -288106937 -284397225 -274162200 -266399042 -262972805 -258425566 -251459521 -246522930 -231627630 -227646521 -218898336 -217051039 -214675249 -204953925 -204160705 -203728695 -186052600 -185253277 -176226794 -159884978 -155501921 -150506496 -146710484 -144862430 -141597449 -129882949 -103919709 -83157550 -80988245 -54856491 -41093155 -37803087 -25765315 -25751431 -24049971 -19103387 -17225564 942605 58226333 59813359 70211304 84603427 85265611 89534842 93234681 100197481 113515809 117336550 123908145 133877854 136039618 146043836 167065645 167315863 171621511 191605217 193961206 197565935 212525082 223927471 240755559 248490408 248672842 261954043 262058321 272177724 308035959 333496251 351955476 367819176 386311895 404011290 412826461 414355716 444622594 452651006 453502033 458240842 465121993 506087082 517446052 525747699 526763141 534806233 546040435 568974481 572081109 582950619 598331593 602197779 605421906 609805993 610119179 611954465 622151586 623532590 627106259 628796603 642160460 647297956 656463289 662565520 669225156 680354046 681418268 687162743 689333610 712904343 715677907 739404579 750097873 753947699 758748265 766948680 767932132 770267631 792815474 827332698 839543036 840565333 842932448 843902547 854533539 859365171 865357687 887670897 896696030 910511390 911997745 918080053 950748427 956400568 962050300 965046198 990583501 992493508 993207555 996549051
200 -999894958 -983161387 -981901014 -979959048 -979592039 -965878769 -939783784 -936895119 -910935143 -900446236 -900446031 -898490667 -889951669 -874655782 -871412756 -866181439 -860673167 -843191587 -841594525 -841437626 -838797068 -833498286 -817908628 -808400708 -803741464 -788947411 -779494104 -775872601 -775642081 -760169793 -760003661 -756301801 -742383102 -724682195 -699821472 -662642816 -660401882 -655205349 -642528844 -632543790 -620515050 -617514520 -610246043 -608705945 -593289507 -583728223 -559441411 -549437061 -548863995 -544779711 -540420830 -537606357 -487143455 -457843671 -455987731 -455536009 -449471662 -449343972 -426832432 -394082937 -393729051 -389028407 -379313338 -372540764 -369613094 -368925519 -357899994 -343591209 -342899861 -331054441 -303836508 -302361778 -297734988 -276624823 -248940811 -229641897 -222992696 -211330942 -194664105 -187999968 -181952737 -140150150 -123471188 -121462770 -105425513 -104704344 -91553730 -63854739 -55779325 -53033740 -21933226 1133508 8407382 11531594 11554355 17173373 17319602 37634703 68251618 78342191 91623133 106677307 113473105 119706514 122816775 133622667 151327765 155988047 161582017 165355347 180198886 183340966 187883835 223682589 228943289 253419163 254442063 256288614 259180797 267288253 269542601 271371722 282662940 295698627 301017502 311634919 335274018 348413220 376140864 376651028 382602754 390222572 407600928 414080648 428573650 432721959 434579949 436120908 439483715 440234009 449293040 452700679 489080792 491796925 519142987 534688516 535607569 546408539 548783617 561152269 562812817 569587237 572788210 586440299 587247118 602472799 609421612 610571790 620425586 625462225 635434876 636942212 646046006 655306558 669365919 678000550 679037569 681917101 713931642 718240003 718609237 731352210 741736884 752771513 752887807 755667029 786279741 793958304 817809288 824388397 836570495 846293482 856623793 860479837 863241616 864039668 868095961 870576550 880484891 904080581 920244725 938796340 940484038 947094804 952712536 955167527 957398499 969822081 973040903 982362355
200 -995615596 -989477794 -985849796 -982446069 -978441828 -970231036 -969892239 -966983152 -966181731 -946266907 -942765805 -933162703 -927538460 -907472490 -893926710 -888894479 -886985604 -885787747 -880451407 -852493380 -833528017 -819779443 -813879902 -801732609 -797218803 -787137644 -770272100 -761335613 -757849350 -751007037 -742433799 -742220322 -728525980 -725635343 -719964033 -718753927 -713577939 -710990046 -681991554 -681204690 -674474988 -671309397 -666116338 -640343293 -639457709 -633555085 -630546989 -628872705 -622103461 -621291435 -604856005 -593280566 -573428846 -572281081 -571222023 -563799972 -562407764 -561251796 -549578435 -543019596 -538680691 -533741619 -483082317 -480186934 -479585333 -457659525 -452600110 -428441510 -415292424 -415115775 -403565817 -402285190 -378480186 -377114267 -366687097 -357574109 -347714844 -339270769 -337502440 -329258842 -322893216 -318125643 -314319015 -309243552 -301048989 -300479500 -294744952 -280543181 -266633684 -263266089 -226390473 -216151582 -215681186 -208346332 -199440227 -184834126 -175384350 -165545285 -149373272 -149311283 -95964095 -86685407 -84845228 -82891205 -74045578 -43550255 -34360709 -23194145 -17455516 2420495 8761407 10901704 14563513 24473753 25683898 67618671 71532491 73536234 79435414 86121504 89630829 95115305 120848800 134929727 143234461 144701065 163360612 192522250 192817268 196780920 206783430 207419190 218973606 236558245 236727430 270125091 272467181 275632497 285983446 293588008 295815766 299275950 310911497 326557518 328394479 353533641 383094839 411412084 415861356 440861866 468626732 529563022 536638838 543509486 544616938 566367363 579399975 596285069 600255417 603493505 607981703 618732123 626323354 633021933 634877383 639912259 644156883 652699980 655784710 661300344 690028937 699856461 714040876 729563400 733937243 740718715 743903673 768266172 769745744 775767768 823365672 830874992 837654670 845824688 853945192 879589234 881152592 898516607 908347048 925561152 927655361 930412900 930473612 944833842 950244289 952731587 962413178 972015695 991442047 994319726
200 -982392321 -978366673 -978193063 -974016420 -971271766 -968927059 -964240140 -959555123 -952809352 -946186474 -931338987 -899096893 -875316263 -872325526 -841486753 -829383359 -825981109 -824676212 -823457962 -820279424 -788262712 -782248888 -774757816 -765761882 -763720196 -754010854 -740580125 -727611771 -700687758 -694940288 -688599158 -684894407 -683210672 -670445053 -613951633 -613519177 -594454277 -592214128 -591156076 -589518077 -587416149 -579732535 -577688773 -571362337 -566992785 -564396959 -545944347 -532364254 -501269436 -495733314 -491704883 -462875576 -457095530 -416542175 -412982822 -392552565 -388756500 -353029060 -342230137 -325057707 -323780886 -322671714 -308862683 -305982392 -295081602 -277564532 -261337962 -260929752 -256089694 -254241216 -252073682 -240694063 -239394277 -230579028 -226675335 -201902250 -187597132 -181734735 -180794963 -170860065 -169046021 -166636258 -158377395 -153042903 -151087544 -133571074 -85739932 -84226652 -79957631 -74410428 -55086891 -53210157 -30825139 -29008480 -28059260 -24701441 -22421216 -20818224 3271141 19504243 29717480 34064206 46809891 62905388 67649050 71380526 79339797 96274652 126261836 131061653 132189803 137360890 142930940 155020960 160813159 175830816 179547511 182043474 187434933 195921828 197789888 213269671 221054369 247481859 247651873 260808744 262751099 309673561 310406537 321316565 332793010 335967601 355982833 357000128 373704847 408770759 409948956 413835271 415506338 417312288 430110713 432936858 433070143 434516673 443949338 466579614 473217011 473395799 477778933 503580049 504661702 506298349 514264718 521499560 531357910 536010448 548899367 580134322 589727288 603486107 604231777 627620617 639525604 644917214 655526640 673052135 683033233 684819265 698463399 699027802 708489657 718501566 729111979 758022445 771193794 772798870 776666655 778891014 784196151 793730998 799548454 808792509 816715976 817483856 830192451 842131837 867259313 872302141 879157609 886802252 887607228 916437540 926846662 940014021 954095537 954719951 958194838 968165990 976805861 993439920
200 -997475492 -988210777 -952746154 -937293973 -894540670 -891651122 -860865005 -860789971 -852591040 -828421714 -820925166 -807730426 -807235177 -801790493 -792723183 -769120410 -768012485 -761646532 -707320857 -702034653 -688415430 -686802026 -679923473 -677142056 -672474342 -663581530 -663553431 -658898128 -647981042 -643824216 -642484404 -629686461 -623761923 -615870227 -610852215 -610345302 -610056803 -608495454 -607471690 -581887987 -578736198 -563980364 -539079206 -527189130 -515365749 -514044114 -513756334 -508612537 -505998468 -491528667 -486101694 -483621276 -474962300 -469585962 -456984662 -451444233 -445159346 -440933901 -440187257 -424920106 -398040782 -385885754 -384887183 -384464790 -358461527 -356203351 -338993956 -312229112 -288291572 -254105332 -251169901 -230335843 -215791988 -192664952 -188934112 -171994801 -168349044 -164043650 -163740246 -160166608 -157024372 -146832546 -143578878 -131839021 -129541176 -128501660 -127114729 -116344989 -101042965 -91721976 -88689602 -83498611 -80864309 -73246906 -66620108 -65067521 -53270015 -47661744 -47505667 -43750169 -8578628 -2221553 15237858 23452135 23872116 26749657 34635333 45289461 55660424 63525687 70011064 71549607 79890835 83912024 90421896 100284209 103243052 107289895 123514629 124750723 130869107 159357499 160361381 170148773 174063123 184309675 188546203 189720819 221285531 238915192 274677698 280551287 288330304 294785585 299900408 300108355 300618135 323232430 344983450 357239207 366025954 377410062 417820248 441053745 446301622 454641275 466663449 469578679 490683820 501411625 521928292 540638996 545825547 548803166 555568589 559919570 560952381 562171696 568950811 570889434 576418924 580006932 588366586 589856663 592765997 622293340 632558181 648096481 656193058 657779051 660900762 697450831 732427624 739156951 740242725 746936744 754078157 785751643 791253735 791532396 807643009 816066433 818281075 818322216 824798651 850684184 853795546 878479614 893363364 902152418 913520510 923507256 934703719 954836555 964375424 970447243 975218730 989113770 990114649 994657574
200 -996570103 -995826648 -982270428 -972290052 -966234338 -956141331 -950905713 -907812812 -905540736 -899025981 -895026907 -884494601 -881286690 -878365455 -875699526 -874759332 -867292880 -866429350 -853834150 -837305313 -837159907 -829078293 -814248481 -796651191 -794019043 -789205860 -780501094 -771549224 -770160198 -766731401 -763268597 -759596352 -748684294 -743018545 -741745316 -722119848 -720811412 -707778698 -705176988 -699633598 -695097956 -674964323 -639264008 -635784663 -631102008 -629374896 -622854331 -620918019 -616058504 -596654399 -595311957 -594739576 -577081933 -575335569 -558802523 -557775996 -555531117 -541527595 -532399826 -532189279 -530562698 -530307781 -508788144 -499078367 -496226297 -481753362 -474699636 -467897733 -459445890 -451158007 -444538285 -429829978 -427329003 -420289701 -395922009 -387752177 -387616209 -377929460 -364217550 -360305585 -346900371 -342683173 -340587636 -330593993 -330190568 -303273492 -294581417 -292656867 -264938286 -259640301 -245329292 -228163857 -221945634 -218197845 -215225830 -214568843 -199072729 -177046003 -175136407 -143070504 -135267493 -134130140 -120383164 -104432800 -83404057 -83317377 -80076929 -79541798 -59470612 -55572147 -45503213 -37798779 -37209184 -27891571 -10899053 9727774 35419851 44489603 69681896 92078940 98051653 124625439 139390856 184031545 187760590 231508720 240867143 242282966 247661602 261979142 274765718 284126452 306950014 337224768 346285132 350468272 361786307 369995231 406289145 406637207 407126843 419712407 424520574 436006437 437357372 451396597 462929952 506798808 515772652 521055537 526308768 531734193 535781673 537825657 558688956 566262512 573496839 573745374 575625530 576446602 600145068 600325988 602822173 603445433 607689197 614419522 625796944 629019379 636359891 637431472 648853962 654639805 666054373 700119195 728473850 731088714 750820373 760143595 783313240 788226878 797973411 805108337 827200914 835391085 847800455 868602840 879496508 898241349 899053321 908717052 921719480 932989996 942257095 944775646 945500056 950767538 962167372 969001481 976075115 989820865
200 -987895530 -975071238 -969949645 -967977116 -964456473 -960285799 -955790401 -949191641 -928525686 -923292565 -909241291 -905261532 -889728741 -876377592 -869962237 -867416848 -844543739 -824218971 -822990739 -816266526 -815015242 -808924534 -784594701 -784454028 -781731822 -780824715 -755984357 -736287153 -725427133 -720855277 -697749375 -676396581 -671340197 -665526375 -626774779 -622837185 -597562401 -588495889 -582105997 -557927518 -557542992 -547030447 -543963996 -529738437 -521569090 -503054843 -496214407 -492430603 -480046241 -459895319 -452855670 -451263425 -449223599 -440325313 -437826745 -435744503 -393035248 -390923927 -345988261 -344655798 -344562330 -336188546 -328768059 -327921850 -321641846 -321256414 -318532927 -298780119 -297021009 -282766145 -277038751 -251486104 -249966450 -246716843 -245403923 -213149122 -183730280 -172376282 -172256128 -171508428 -141414656 -138823276 -127877856 -115972470 -105927088 -100799090 -98046599 -97304420 -77630536 -68128478 -62612089 -47910263 -37716778 -34745178 -19139947 4172765 8152017 12745152 13352951 19548248 43735636 48071928 59849034 67894808 68095331 87218410 101813859 102743177 111871104 136816081 147040040 160920627 166369534 188802877 198818384 203482102 223433429 225069746 227428159 239130976 247729627 251634694 251990838 254201864 258688059 273261237 295254930 295523473 314987080 327536931 337995988 354849491 355684810 361226741 370318278 370451415 373946018 386366432 388074470 388594596 390230547 394711772 401611241 402451703 405320559 411195351 423361145 448497735 458577517 465043996 469949306 472191183 507565302 545075530 549412196 550828344 571886398 577624299 583314312 592641210 602920523 621273176 628673882 637919987 645546367 652417696 667509193 676964489 679129402 692624774 706221757 706521249 725648819 726348320 742340202 747737933 754739854 779241067 802306252 809707424 823242132 825857660 829865635 837592605 837844681 838101642 842807922 861294466 866093016 868452552 872742322 898324301 902571405 911069369 921197875 927866838 939664815 980356333 983222513 999592564
200 -968915716 -948826202 -942239741 -940140268 -938516312 -926427807 -921966421 -918839570 -907889068 -878744662 -877203781 -872007121 -866366614 -859572852 -858582933 -840708021 -831136603 -830783574 -827811482 -807276728 -791442529 -789505841 -780231123 -774968472 -762475911 -750108396 -745133279 -723586471 -723543547 -710237754 -707124876 -684929771 -675047863 -674970044 -672990835 -667431211 -649297295 -646123729 -632812439 -629327355 -623168692 -610881264 -603942935 -590235898 -583729976 -572713337 -555484694 -554840708 -539167577 -517756589 -513646980 -506603108 -497692334 -494455426 -493187426 -482678450 -461193679 -454866225 -450200874 -449793138 -445220860 -442246958 -427332124 -420741879 -417221341 -397179489 -341977204 -341939995 -316851753 -314368613 -284852824 -249240923 -236997962 -227429155 -220636996 -213395694 -197812688 -195358817 -193288892 -175946709 -166086340 -159649354 -159102750 -154071400 -153498871 -145374298 -142495831 -138645466 -130920458 -127684043 -111507897 -103162356 -92307297 -89451972 -88332136 -59277630 -37415912 -35235787 -29190676 -28872646 -26459219 -21286921 -4186136 1000910 2188563 6637675 11059591 17258267 20140394 30974688 36931591 46848446 48905602 51299348 57987882 69116165 84024238 95072680 105028667 119514577 123973204 134649724 147906910 155302755 156032505 163441740 173517562 186437785 187373385 202288859 210211449 238882484 250498360 257141976 261689789 261832149 275556389 283813208 285568558 288460396 324825128 328594963 344129749 355122511 362703417 374401770 378517992 400587205 421585887 426637719 456280692 466551811 482271041 482361754 508009982 508177459 511902690 511988877 530842660 573460132 586890763 594820487 616296546 618352013 618879177 640345624 646246123 678102837 695793007 708965507 718151789 735862223 766936255 793790868 801859620 812726501 837421037 849338621 850254117 855365334 864755084 865370998 869145388 872335913 883139158 893812443 894822975 896958326 897403850 899719212 900650460 913910692 935405472 938870512 948995132 962340391 968443564 972807976 977659192 994287126
200 -974402843 -974299734 -973047669 -971677370 -916355011 -912775262 -894507168 -890903333 -886690679 -882905263 -869410133 -858019357 -852832428 -847182637 -844294998 -842894133 -839290529 -837731880 -837465899 -813935189 -807916302 -800389770 -798492198 -780319238 -778743070 -759082447 -754306871 -741131418 -741086660 -713451824 -698050470 -675681300 -674150161 -670623840 -665234892 -644196589 -643393225 -637746300 -627597267 -603796320 -579113294 -575312494 -547552221 -538070384 -505875908 -476255869 -474314695 -464956250 -451656702 -449259841 -445007797 -422903645 -398766379 -388382429 -381495637 -380957113 -364418771 -355571068 -353732032 -339568075 -335713155 -334560661 -329695958 -327530551 -311529915 -308005424 -304998786 -291940779 -290807631 -271074209 -270324315 -259063257 -238654183 -212303258 -165959203 -165227032 -152402805 -144221634 -141527305 -140454313 -136454317 -128318396 -81912853 -73985148 -67963656 -67219002 -65828940 -51103767 -49636608 -30375062 -14137947 7260017 25852878 38612167 44847716 59582133 73648425 74536624 112229967 146435271 151384944 163520529 163707461 165391003 176513602 177632054 186865918 190313535 214561362 217109055 235806372 240223882 254900409 259979211 260507387 261581878 263489051 271009229 275146154 280612481 313556159 324024916 324907530 338996322 339315163 349452351 360994453 363191597 363832086 365829221 396556676 398750618 401716742 405293845 411722856 418629872 419007399 431721297 438873052 443566573 443569717 451708371 453723615 454492305 456473464 466190178 474749525 493613332 505178418 510681009 532561122 546549431 562332198 566838903 568112451 571280580 571541509 581309936 600096576 600401719 621240266 624173421 652113363 680458185 691920111 698027059 722720326 726456786 754863236 758199720 762166668 769217048 783305642 783693994 790987358 794609071 799673248 810234648 824279776 824509503 827498636 831405235 832095360 836707211 849362562 855751559 870414874 881572065 897026472 901696033 921162068 927695572 953991048 956841263 958041980 970898048 974655938 977059082 985636225 987122607
200 -992343162 -970560862 -968417953 -956255934 -944655250 -940688863 -938847289 -938534745 -924830747 -918292850 -917093007 -913492717 -912678187 -909070489 -908065720 -904377177 -894947704 -893960023 -892949010 -874418098 -847331337 -846204028 -841575100 -840746659 -835354317 -831361070 -820298358 -814429545 -803644374 -803216177 -796346916 -782522539 -779525919 -775735001 -774101536 -772560186 -762183120 -758011937 -735950818 -717424523 -694365927 -679470867 -679170267 -679059361 -674027474 -672365051 -671802241 -663409237 -622009251 -621609503 -609281421 -595572605 -593951734 -592589076 -588126211 -573513525 -572081352 -565656522 -558707398 -521441162 -520499859 -511641939 -508674970 -505370825 -504689214 -503635604 -497754234 -497490533 -490521262 -489414856 -485246868 -482737672 -475055159 -471099949 -451046425 -443933941 -403701793 -389235706 -384060654 -362245677 -341360153 -337590284 -331479416 -331003680 -318292043 -296592608 -295873983 -273609691 -247160804 -227894395 -225618311 -207504379 -205263981 -204563527 -204484655 -183703247 -180225878 -171397325 -163157789 -121400913 -95464975 -91769812 -90797086 -82723632 -73927654 -70753619 -53551274 -52392851 -36646214 -27109660 -24237580 -24186807 -20668143 -8833578 -2716965 21779798 22607380 25170457 25843237 58716442 60562016 69340606 113171408 119997447 123804901 131381707 138170412 145871197 184100864 192995836 204279329 213739545 243947549 258944359 263523371 276175974 276797840 306630257 309206890 326732825 331510476 340669349 403529656 404275956 417308766 419140499 435886290 435974296 440372710 441077282 448645162 449448657 460720259 489521929 495226598 499516159 506869357 509978169 525796564 528276515 529277153 555281460 560791939 572637622 584652884 586588827 589140339 597696305 605799989 608592432 621299480 658044006 666054756 678299982 685719599 711937569 715048691 737195533 740893190 746101627 751624999 757702943 761550083 767210479 781376627 798723636 802816159 805911921 819356493 847821056 857729099 875137587 876648959 887737412 908420659 910837655 942871411 962299047 972272785 972599871
200 -991928495 -981964775 -980146293 -961666127 -955678393 -950607530 -948299554 -933522393 -927728058 -914934500 -903007022 -873393890 -866126053 -865757520 -853932137 -847779176 -847054401 -835131454 -812746774 -801791687 -776470125 -775257586 -773602130 -763203401 -762316266 -748870424 -735066715 -698795105 -689654943 -657554217 -654464821 -652250459 -649317390 -627139288 -610978661 -607365245 -580280571 -560039483 -558319644 -547811386 -537568911 -530769736 -520511015 -513861536 -513608831 -510589867 -504618919 -503516879 -502541300 -494511544 -492950926 -479530306 -472767744 -471928808 -443915233 -443277153 -435540884 -431446356 -415196545 -405995437 -401790910 -397733293 -396051160 -386350632 -378790151 -369083569 -367930127 -366430039 -359405173 -357504652 -353771042 -327028819 -310287252 -307036421 -303117014 -285001703 -248366175 -231536193 -230625950 -229018439 -218496155 -197314717 -188847757 -183146609 -183084435 -146454897 -142187538 -114075073 -82343590 -77428555 -73681929 -59304119 -8507825 2174964 4012410 8288723 32948972 40287344 40418337 50348536 69794836 85744522 102505328 114459901 122666624 126665202 145104262 145380932 147580419 166300507 169144441 177833518 203249575 210449006 217451689 226562650 237185747 239932904 241650187 244912562 247446760 257591447 286900081 310426979 313645052 336611404 347630354 355691703 355925462 377167966 388264753 388920673 398810207 407603182 407841908 415933626 424052317 425315998 430529946 436959848 442612264 453450178 476645842 478857991 479355609 488977189 498238145 501938906 507467057 515180823 528006212 551795393 552307978 553151200 565588979 571504766 572062932 589132252 592572878 592737584 602146463 604828197 608672907 611567391 618610958 641560445 654211949 658036517 685366615 703788552 705405203 718424893 720042075 720345943 721698905 743570516 756151748 765804805 782144105 786212160 791405749 814607724 827787158 833485548 834423352 856909999 857169854 862869880 868849717 892607647 924787486 929999089 931521506 954978659 961244926 965630448 968156774 990481139 997763996 999599331
200 -993364163 -979992111 -979965288 -967437777 -964531453 -960056335 -949716802 -939367895 -936737848 -927553029 -927125198 -923647727 -908965751 -902722463 -890495495 -885142136 -876369079 -874066517 -864685887 -851005900 -829575121 -811465333 -801622185 -796632112 -796584547 -779490091 -770567475 -770384864 -752981995 -752076402 -752008897 -739651328 -732113380 -729100586 -724497514 -723087579 -719082451 -712524524 -696500407 -693700795 -692033784 -687206764 -686815731 -683579656 -679138806 -677234305 -673015199 -669508968 -666780768 -663307378 -662995507 -647238622 -631783213 -616386979 -607345774 -584300574 -574334329 -553417943 -541755246 -530747722 -528138237 -520567987 -515937596 -510181814 -490239769 -475849590 -474074473 -473464190 -461055665 -454622411 -452067430 -439141261 -439102260 -431163614 -378518702 -374363339 -367426664 -365509458 -362220528 -355383702 -343629857 -342647231 -333991205 -309885238 -309832512 -306013067 -272145732 -271719007 -256633985 -236016782 -230311306 -226144348 -209646136 -207932552 -193068938 -186861892 -177657080 -171946007 -161284261 -161184932 -154955206 -151025519 -135451153 -120718121 -103416548 -89765493 -62307396 2753720 21962945 34639231 46189269 63074598 79346577 79390698 89802840 101625154 105688626 125312310 133018394 148454871 161334783 167939615 173974412 177638171 196075473 202562192 225155648 230239550 243689100 277439915 281495572 281549936 294429336 297026162 321701240 325001643 328563804 341095259 353277743 372701985 383623420 428536087 442806121 472601907 476147552 509986446 513626670 517713353 521426493 528821713 530701373 540683430 542883948 570911860 590822069 598498414 607643875 611794258 626355868 639725360 645801240 662969212 668166286 673211899 673591866 678306168 694987241 709708633 732441053 747211782 747768267 773333923 783590401 789913052 797722998 826972094 842633956 852709923 855060984 865181019 867484402 870079220 871454132 872249526 886007335 893871738 899098624 919057120 928713153 931983674 938332700 942428032 945923887 957958134 966268379 967539728 972056174 974993113 989223027 995683938
200 -989629126 -988711758 -957120058 -954893319 -953150920 -931067078 -929914785 -908472220 -903272624 -902117366 -886568017 -877754535 -825993066 -825392289 -817089844 -809537298 -789492448 -784932595 -781354898 -764820615 -762617432 -761426817 -760496526 -723966998 -716014213 -698134507 -696367414 -675168783 -660599532 -657688072 -637834656 -631719833 -605173472 -598627159 -587457897 -583258566 -573931112 -553743560 -550330803 -549912035 -530263062 -523798248 -514289558 -513022049 -508912932 -508720948 -500330234 -489223086 -487002201 -472015824 -466424535 -463934703 -460600786 -452258730 -449259298 -443313668 -425056145 -412477533 -398746049 -398525336 -395325191 -386525717 -384337642 -362879549 -361442739 -329537512 -318338536 -290928586 -279922860 -279755527 -279408170 -254057550 -248759970 -241898944 -236372693 -214836282 -209834828 -205728557 -202875940 -201898006 -196114137 -192568432 -192461088 -179215113 -176973835 -176267202 -150045880 -144139969 -137378358 -125498395 -116114820 -115125033 -111652783 -104690213 -97268141 -84185646 -73925311 -61097238 -56400514 -48079577 -46834245 -40512438 838278 1669550 4815086 28187049 33472956 44106686 62410912 74007226 87976629 100124749 124933501 140346589 148858545 162322261 165104180 173962189 176502591 182362550 183576984 210270874 212947264 214217027 221402928 228028916 228461262 230094552 231166495 243733365 249233057 264469880 286168634 295404958 298297883 311350133 315875319 317605344 321082705 327183073 349460919 366109561 375849152 383428552 390490913 420080338 429979443 434477355 438979098 458129669 462116777 465690094 471018497 474987254 509454002 527643581 553420787 554940832 560571039 572708874 578501303 588086958 605825534 613215224 633393252 645925055 646253369 662819962 669172001 680579381 682166090 696515332 696565893 697889733 712503938 713719407 719107083 722499655 724148042 726730522 730342503 732505964 746222681 762303780 764529842 799033792 805988476 846165741 847924169 860097298 860132852 860308778 869642448 906056608 927424977 954112748 965502052 968235388 974303257 977492190
200 -998370524 -995438406 -992497478 -979441966 -978226448 -978080171 -971429042 -967553950 -958195154 -953134096 -951137972 -935742845 -924608430 -920735553 -895030632 -887959690 -878071453 -860681702 -858488642 -848184891 -836537376 -828877541 -827728170 -821402130 -806376557 -798675947 -789216742 -782350314 -777520865 -763223520 -740181918 -738264683 -716880707 -698381514 -679900421 -660179564 -657021246 -652095021 -641245597 -619786184 -599749141 -596016343 -595412273 -593067649 -584267944 -562085111 -557156754 -549180438 -547716517 -546348206 -518650796 -518334987 -517962074 -509692933 -494809146 -492469735 -490395533 -483431893 -477434377 -474453439 -463739629 -420675470 -414103940 -401609293 -395909084 -392858313 -387315282 -384375948 -349608907 -345590432 -342644323 -339154286 -316311037 -310635710 -310598899 -296841970 -294400654 -290146425 -274377849 -273065261 -269043386 -262729237 -248910777 -248271941 -244143139 -189413954 -179574851 -177048648 -175817410 -154208036 -133602839 -116537827 -115777468 -110419760 -101937806 -100559511 -76483783 -69807698 -30219256 -13686595 14359273 25082283 34288433 40612473 59432552 65042880 82812099 109981538 120579487 128828106 131086028 131740864 134604940 136521370 137000762 150812587 152577308 156197455 176186062 177261600 177992412 184891658 190914266 199454046 212271808 231500510 239720910 256410580 261042817 275664202 279341362 285038375 310355680 313356055 317172294 320352444 324999153 325214275 330936674 331073522 332431471 333083844 370547090 372527041 381139140 400080607 403219614 419771384 427278292 437094465 454680483 461947826 463025252 470470298 485112882 510986798 512452454 518055791 521835584 525813552 527212102 529461734 541454782 561396129 580923426 616681188 621519624 636849337 666942738 669312115 673830920 675511092 682711267 686837810 700669487 701839792 731813986 748075483 787523198 794387989 813935834 814448990 826002008 845575399 854249019 859980721 862944622 870998029 875963840 888099919 904024997 937310901 945903396 954128078 989676872 990271468 991350645 993524539 999571480 999756124
200 -999556352 -989418542 -960161921 -946523283 -934215830 -932491244 -908696268 -901503657 -897210967 -894794639 -893729756 -881276661 -867091644 -850165856 -835410328 -830535634 -828117806 -826640575 -801862019 -788610967 -786884497 -757725113 -757308520 -753170604 -747126268 -740108885 -729459489 -728834076 -718776804 -713899686 -711706453 -709510587 -708586827 -685449155 -680848873 -674683704 -667991833 -640761960 -625770038 -596062628 -589296805 -585600532 -583310093 -571374430 -549022361 -548424911 -545966931 -541833607 -527968618 -525814121 -514488711 -507062497 -505826939 -505646171 -501063373 -489092140 -471650368 -458479650 -444325209 -441365689 -435387696 -435196480 -426914513 -394170497 -385099986 -376679660 -367065145 -355781117 -352343767 -345266949 -334233016 -333512709 -329445842 -325746004 -304616940 -297580116 -283106276 -278678992 -270587374 -263545735 -232472178 -231043438 -230308277 -216724942 -214822303 -212966484 -212019380 -211908669 -209662050 -202140722 -201866157 -169088220 -156719645 -155908398 -154883027 -140103531 -126946691 -126108557 -118918637 -110339001 -97016535 -92423279 -91386452 -85246434 -80691773 -77979487 -58214014 -51940438 -44779190 -42766731 -41663067 -31681483 -21486235 -13651204 -3883991 83306 12332983 24739980 27033570 30194307 36884756 47190641 50701289 66355504 83387579 88262361 94998920 102868636 110557905 156937108 159543726 159778684 165877835 176873874 190806357 205586556 228230481 239382240 240762033 261732196 273210153 275103234 288488612 289791680 314647083 330454985 331177816 338731740 342541687 349832958 354130577 363767806 376836594 393981009 396829892 411635452 437874478 440661969 440920705 483146088 502886438 508687544 521268152 551600431 556075865 567714903 569284004 570018782 574189237 618513072 629957312 630018276 635742375 649901291 657072306 670057125 670275715 673447839 722717212 757362398 762998461 766168756 769455992 791447265 793203952 794628409 802216942 802401332 805880504 830298643 845105488 851332844 876765872 921135311 921840239 947362734 951619722 956092685 966892624 969756800
200 -997861465 -983648289 -958546318 -942318251 -941002524 -939854001 -930244337 -918606349 -915102458 -901903000 -896823954 -894374122 -878094571 -822879132 -818168745 -815171378 -812985729 -795844611 -785629243 -780113958 -778895335 -769377190 -737904383 -718760870 -696661037 -688275222 -684987204 -681158366 -674188734 -671891418 -666458727 -655174722 -648690605 -631038668 -625319380 -621765253 -618853782 -618476101 -605381797 -582292190 -573090700 -570393124 -556884752 -546123449 -540853827 -533786681 -530483270 -498261834 -496680803 -494612861 -476878293 -466338372 -421931234 -421661449 -415607032 -393114574 -385948088 -374271725 -371740198 -368869739 -364834056 -341942378 -331353271 -329728090 -324029563 -308913400 -307733276 -301555579 -287746791 -272269494 -268571869 -249059594 -244831791 -244582660 -228024040 -226499705 -222572790 -218351173 -218146141 -197608047 -197049858 -182866227 -182723771 -178674275 -178469789 -177746905 -146561413 -133436229 -120215555 -118193772 -99338632 -95602257 -94449312 -85528984 -75130191 -57088372 -41601166 1320907 3921904 13060780 17880900 29714423 35182463 51823921 55375054 57536863 75952136 81463460 88685265 101103316 102390093 102512774 105117892 128770295 149378788 160974301 168612607 170882918 178334415 185303713 203802609 229976668 230751454 232045359 238134246 241019308 241553771 244365638 252446127 253330558 256103454 259988915 268744318 269578037 277833103 284584421 308342644 319133021 321255170 322062847 334582243 355027659 359108676 363727480 365696881 379602976 381471569 387529522 394271222 394355122 413991926 431792042 434862367 436679388 455821013 475712908 475931708 506971326 512453266 526123094 536563734 551286529 566183562 568752503 580429033 618459405 634841873 646825112 652347159 662961507 666892200 676561797 677679446 686398438 688616885 690439238 698536271 718161495 743014620 757612410 782847038 792771108 799503838 827027096 836137009 845067812 855365069 859103132 864327169 865830854 878508373 881578358 911027495 945058776 947735848 953738108 954561595 965720287 974237829 997590669
200 -996137282 -981408827 -961087826 -960516647 -901719913 -899294923 -898442943 -877721863 -875529661 -874392306 -853677633 -839307432 -829112258 -825565403 -825311792 -813878771 -783830542 -779897736 -779804553 -779147146 -775631397 -764711607 -760184782 -752513268 -744542084 -739672353 -731671661 -725582496 -724800715 -722181818 -709614203 -698548343 -682904808 -674673960 -674373355 -671963321 -669325341 -659417445 -647317218 -606890134 -604174026 -589486121 -581128924 -557001897 -542907685 -534133628 -493289845 -491260308 -490050503 -487810594 -478884565 -478235200 -477998712 -469417840 -457437762 -436475741 -419774530 -413482893 -409181671 -407551000 -395831772 -383060509 -353819405 -349597993 -349397850 -340766544 -339860926 -329838850 -306730477 -304394924 -282009161 -281718892 -278861113 -265948493 -248625911 -237305495 -233685844 -208963924 -200599853 -200161908 -191373268 -183957405 -180329414 -180105510 -164922766 -153781178 -150309444 -140026380 -114969352 -99997242 -96533169 -78617681 -77887838 -75294222 -71806447 -66685718 -60655538 -48847326 -12280507 -7125815 10173050 14304593 14398721 14428819 26350840 35601233 50204293 50490052 60508585 62987890 64080267 66635362 75530720 76147051 94138700 103622850 109740739 111158336 112959818 113031014 119177366 120833006 127339800 133074638 152405318 155457051 157007226 166258213 176402804 189218283 242728135 276555237 289372405 289462281 292663868 311448613 322629997 340106865 379831819 391306603 396976613 400896440 404496567 406136688 408404355 427015242 428492236 428518467 438696877 457963355 490030962 493435138 496730077 498184304 499934642 506060529 511925861 530369498 538794163 562277844 572028011 574887548 586661344 626806268 631049811 640284896 649512091 655379436 656494214 660305080 667264286 708229294 735396412 756121985 757053340 768933080 783466379 788469497 798432154 799863670 805118439 810172718 813058155 823019209 827504057 855901623 886251879 887712761 893475348 895315606 907176814 921598597 923081661 935126481 964204371 966529010 972010540 985860730 996786811 998925695
200 -999949257 -996932126 -994480083 -991231651 -986355003 -955537896 -946782644 -926288543 -912072050 -909233691 -896708351 -893166252 -893157626 -892157510 -891727069 -890821365 -879474169 -878694972 -873266776 -866674354 -860324138 -827421321 -813377634 -812093155 -790483388 -783784600 -758518395 -757068777 -711172673 -710684515 -698801083 -679915544 -672813396 -668496942 -666179022 -651368067 -635108076 -617135533 -591453892 -583179092 -545315777 -528834184 -515517641 -513022637 -497993099 -494816084 -486485148 -481187146 -473565927 -459267712 -457918119 -457414844 -448195245 -446645275 -441363320 -437103304 -436501431 -430199595 -423976157 -420432580 -418009132 -414798767 -384939469 -381008568 -376521777 -344914489 -339339249 -332546291 -330258732 -321122283 -319922375 -317191392 -313715621 -298072284 -286229501 -261548342 -256532747 -252901425 -223385879 -217758317 -185347796 -176803975 -154456334 -117234875 -106499793 -105266246 -101827355 -101695983 -88267530 -86178691 -80239958 -73809719 -69140817 -56713897 -44939535 -32624043 -19028061 -17283707 -7983978 -7793010 20464605 28354550 31549023 42641045 49578816 51307437 72201220 74119626 74522546 91281095 100057695 101239288 104816319 109956383 113136297 116078205 132170607 142742236 149065208 162750364 183644230 196912697 216586289 233308412 236975278 240614282 253350033 301180408 313415519 314344730 315595599 338998217 343720503 346089813 357878704 360104161 377631487 381191052 382299398 392580206 398265378 405893809 414019955 429741407 443179735 472618352 475240724 487708425 493896970 500208593 524713895 533853572 545767793 549345367 565858101 573895403 578097217 584457434 593550448 597579814 602033598 611752102 613101641 621891287 661923496 701066072 726482778 729428406 739065460 742772938 748078160 764169615 766936565 782670805 796996915 803235240 813444834 815202170 815760576 825086899 828433043 834561312 846212481 900470975 902087290 904286721 918634944 924854394 926755630 930888515 940722004 943192844 945336216 952746302 967250852 971070602 979718135 980581891 989472680 992189064
200 -985866430 -974770508 -960106679 -944111745 -936493214 -915878055 -898224240 -892615877 -892376912 -891401739 -884873074 -842626170 -840253351 -840106880 -826691108 -809141987 -787062495 -780740488 -772012871 -769658408 -767579397 -753450323 -749444082 -734259524 -724382098 -723202658 -704288622 -686024638 -665090044 -655862072 -641547366 -634623315 -624155568 -623163238 -622716570 -622383442 -599608559 -593561038 -565327015 -548787268 -535274822 -528322387 -528247494 -511252154 -495874361 -475815150 -470574302 -464548894 -458876960 -449214797 -405789200 -404260390 -402565990 -394553308 -379996278 -378039896 -362152484 -349732237 -346757220 -340036144 -336923198 -325850011 -320123160 -315967680 -288692479 -276653776 -274205354 -271950833 -239210065 -222054524 -218807765 -216958156 -206914417 -201353455 -183321149 -168845772 -150326510 -136983118 -126094195 -124958256 -80202648 -79109975 -75857265 -64443967 -54360660 -52891212 -51289812 -42261361 -37986353 -21498061 -11594687 14985327 16018985 22096097 30232107 32977312 38794167 45751879 52679650 57951336 68040976 69192572 70726315 71261698 112693856 115485918 127662652 139038299 147635605 164005857 169711997 190081392 194880246 201155894 204725848 218856154 229771032 231551721 246389840 265925838 271866208 272477178 277649187 277988499 294878091 314976328 332261990 336674213 348788558 353347337 363722412 368918807 371814254 372706271 377058428 390225890 399800181 418341191 419960126 420649797 424831058 425605653 430498529 440565018 452786791 454368652 472396565 473605214 487024642 494059496 509845140 523355674 525798371 534300308 543230767 551832430 558750148 569403492 571210912 587044035 590664601 599021315 604370322 604952054 651620269 658440866 662981451 665724882 669841395 682665913 695894572 704631111 729544957 740360932 740455976 756049640 766923915 795012301 797542866 800296599 803366550 813514475 819956508 824269287 834443533 841384675 865607365 870083670 877642974 926879786 942696122 943076609 943856058 946393985 962226097 974225862 974698506 981077014 983514288 995124680
200 -981138620 -980203176 -978834641 -974507304 -958559890 -951674303 -945132426 -937328351 -921134400 -900531703 -900054020 -891660852 -883877115 -867374714 -859285604 -855340579 -853582901 -830199911 -826698978 -818938722 -811187960 -803737371 -800386756 -795961820 -790498330 -787993403 -767621003 -743716265 -727922167 -719315668 -701633672 -690207539 -687163833 -685152268 -681903721 -676986954 -651122770 -649609228 -646983897 -645301035 -644512673 -642763577 -636646905 -607968312 -574711869 -558408658 -547114736 -533062078 -526077768 -525138777 -487696598 -486086311 -476363761 -460839930 -433673903 -419094834 -414220570 -411817742 -363651137 -360801670 -353252422 -320309317 -312842213 -308341389 -304323013 -303310318 -296719406 -292892139 -289234555 -272334889 -262759772 -261250561 -260947536 -259707539 -256734752 -237779501 -232225701 -200916954 -191700016 -158707526 -150568185 -149604375 -138000991 -119025685 -107062897 -95653164 -90547155 -47922709 -45954823 -31863660 -30337998 -27951720 -22406926 -18092793 -9531824 -5124972 6479488 18890352 20198170 20893500 21187340 23171605 43083857 54019485 57746156 59216934 63236611 70137546 82844192 85358837 104477428 124466081 128746140 149736867 157767297 176300598 192763550 195813494 202536268 225599411 227555592 234909792 255766195 256619908 264247537 268143828 275159600 293157550 306999620 319986608 329392244 337875483 343903652 354273366 377539739 378532510 389425269 389932048 394506698 394914084 408786428 432231678 453193580 460758990 472556648 494178897 498837214 499665501 507935149 514955022 523803210 525702940 546103509 554219837 577853030 583600835 597258223 599565449 603626038 608134360 613169154 646384935 647480946 661063281 665313854 671035314 680160995 690070745 691466247 724919914 725333425 731652057 735544482 751002418 754220762 761242316 764053333 770960691 774606159 782986793 790246487 802430992 805432519 808099739 808570332 828711691 837098286 841711592 854408235 873080340 873550380 876257931 880951073 887080407 896644913 897169560 928211429 932738731 987932890 995901552
200 -991126663 -985085609 -941313250 -940179160 -937487462 -928766766 -924049713 -920780597 -918678507 -902586888 -886307927 -880186699 -871442100 -856905582 -854629930 -854007125 -838478592 -836977352 -819831711 -814107687 -804273341 -786971812 -786755893 -780869934 -780513943 -778357379 -766849035 -759841689 -746046413 -740164101 -732176566 -713797457 -703134497 -688105825 -683255751 -678070805 -640549693 -638799617 -631578374 -625744429 -600960022 -594038150 -592692101 -587837098 -586228455 -581876876 -555974476 -494993582 -470826865 -470758968 -462605818 -459713999 -457792805 -443033876 -434286972 -433859952 -432684288 -425559369 -423288316 -414604061 -373373343 -364258544 -275515811 -227811242 -227425859 -218813247 -211426352 -210632724 -210580810 -207387303 -203825194 -181785963 -167262515 -162565031 -146478495 -134011965 -80180709 -75903342 -65533736 -58836242 -47745368 -30400872 -27416785 -26331786 -3094845 -1209050 3916508 9940165 13124497 29527228 30502303 35235127 56541763 67222059 76933450 96155365 96538377 110123958 116044820 124939753 143455943 145150585 146894277 181876582 183884449 189049411 196017793 206118054 208150679 221899325 230450248 235585057 260277401 275909193 277288765 292885382 304191039 335551438 349537113 370318745 384058416 389448355 398667767 403482709 417023446 424349247 425368471 436500338 455140928 458355055 464758078 470716770 522268165 529070227 530630148 537368293 540088558 549099399 549286155 549425999 553663224 559710957 565201701 565935724 567113966 575176247 586427458 605583315 608821258 616590709 622944611 630815098 637715980 644788695 658508284 666080713 669517568 672478194 682391532 687784422 721025660 732001497 738434067 741477799 752029094 755990843 756267192 761369930 770813029 775951405 778031353 804087707 815790825 818300577 824275089 828951219 833851044 835692393 846102963 847381758 851651080 859949846 865030345 876177543 890731614 896400564 911202046 917055283 917748778 927518402 927563089 932388599 940849017 942222758 946683705 951117589 956090002 957781768 965155624 979626077
200 -997104635 -996242177 -985729676 -977992072 -975624501 -972500808 -969714418 -959027448 -940695625 -936587045 -927428635 -912212734 -907263416 -877148424 -871887392 -866186826 -862509482 -858403915 -832867550 -829388753 -828313035 -814700508 -814490033 -811081584 -803362331 -802495461 -778855138 -772025038 -757523368 -754484225 -752376786 -740437829 -737794194 -735989644 -724816626 -711200673 -706525978 -706153870 -654132846 -651210185 -636908196 -630073582 -596593401 -587899348 -573202702 -558323760 -553345909 -535770263 -528340520 -515568898 -493633567 -488775570 -487480516 -485279793 -485063223 -483855286 -458729424 -433492058 -431628569 -414480725 -411337460 -405973541 -383969791 -373616732 -319447946 -293730515 -283016493 -266111099 -257510933 -251097281 -243386751 -242467505 -222823259 -198936911 -174508614 -165851046 -162840092 -161380048 -156254565 -150027841 -143517099 -136898228 -134523896 -134306119 -132563480 -128575455 -109264515 -103461320 -85746428 -83282133 -54997110 -54031043 -47810874 -46540175 -44132250 -17778491 -10435650 -7668399 -4013790 -2491240 7420665 20658392 29672837 38090462 48492834 49403302 53107887 57513949 63277152 85344488 131950037 133490370 133995575 135243875 137175369 142007352 142285435 154356479 165750577 177415088 189298001 206978826 209272699 216289746 217526284 238693761 249593475 249911644 260521826 278251229 283044047 287976528 297790647 301527549 319082877 320856279 321881851 325402004 341536161 366567057 396485686 411160153 425654560 429241969 450677895 450888127 456933313 457058127 469233056 469262374 478804132 524184844 536813587 540979852 547362135 564793079 569386258 582176849 614199337 620063672 620517572 623656628 630862903 631328854 649631057 655702134 660122178 667888972 676320013 688741044 690656324 697502729 712633274 772642128 773146992 778733703 788948041 793219548 810385088 820933193 829478042 840478573 842781954 844049954 844120610 851294274 863970793 874928448 895672154 944335081 948101599 951521399 951998619 972104561 985146327 985509777 986423289 986582921 988238540 995417831
200 -995532167 -987404868 -967199019 -953277200 -918156014 -916287131 -892738572 -888892936 -871487048 -863023929 -855343861 -848632237 -831208180 -830928066 -830733091 -823124929 -819600531 -790626549 -783078933 -770524064 -769818033 -738707366 -736536784 -729912420 -728184405 -701833353 -676894274 -651095823 -648084372 -641652191 -619954738 -615774387 -608266374 -607322909 -594359792 -585110560 -566843976 -562921633 -544670494 -540225096 -531331013 -524722729 -516498313 -498432746 -496457365 -495143349 -456256459 -453476727 -408668169 -386215536 -382429510 -382346013 -380423894 -371281343 -369293692 -359014546 -354895542 -344794311 -339231569 -332878103 -322981400 -320723023 -319830494 -318738515 -309318403 -291323901 -284914001 -283926991 -274770119 -268789047 -265052238 -259128272 -254840894 -253660610 -250874282 -248429213 -246415116 -241870511 -231136504 -228881306 -215068428 -210966095 -207838244 -184278518 -183030740 -178797761 -146015339 -125479161 -124551735 -97308841 -85458207 -68955973 -58071095 -53510432 -51616827 -45775950 -28118111 -4675858 3350527 5137311 8249557 10824142 20232774 25579650 35737764 65171937 69039101 81962441 86281986 101285882 107378215 122352100 129047269 136020059 149043946 149204774 157056367 179997112 180546188 189742962 216767332 224204853 227779869 229463421 245078628 257406928 258695070 279243044 281453396 290274278 298044557 310405277 318254452 338390642 347608003 356206417 375757252 383667202 397401720 398094780 401428400 417989676 423417044 423786870 423980941 425719260 429041930 440042167 449668106 460501143 464079101 478459459 490099642 493004162 495637452 499186574 510449459 517324639 518228929 526110245 543180023 558223565 571604509 575488449 598833962 615211642 617334820 623921235 630111760 632208128 634612858 639743310 660154019 685587034 690970338 696698308 702470452 705233002 723317340 744231339 759128634 765960094 767977810 796296067 818431047 825125351 855549741 868402119 870617339 871663491 881612870 883413444 911624297 911651051 918637368 918811788 929527378 952099441 952953765 984692944
200 -993991763 -983074196 -977440553 -959453302 -952091568 -940643025 -915647147 -914794665 -902737049 -901778704 -877170783 -841402881 -839758089 -835733214 -833396350 -828923155 -826583448 -800993498 -792429002 -786471626 -783081300 -760637777 -758820221 -744986038 -737591790 -735612110 -728979579 -713712295 -691197567 -682007621 -681973367 -672121200 -638552175 -623592886 -619468661 -618975919 -610143965 -608517456 -600707044 -569488150 -569453849 -565081532 -562415857 -556634512 -553838904 -551730841 -544351661 -539955505 -521004879 -518003805 -513581741 -504538392 -467482637 -451510397 -451167746 -414360154 -401231024 -393332615 -368923529 -364135426 -358336919 -356671063 -340508254 -325720151 -320899891 -319150206 -316333451 -299903988 -259393537 -241985692 -223574971 -212393500 -205046717 -196314574 -188745112 -188736211 -177882547 -176943148 -174538220 -172902475 -171989526 -170548165 -156384683 -156335171 -133805556 -133751861 -121044742 -73515729 -50340103 -48504899 -43083356 -39987065 -36856731 -23619621 -18698154 -10479454 -9415550 -6847788 -3311250 11642902 13541223 17747404 30079353 37484158 61082041 75393420 78108692 79834997 86846740 88897570 102244056 106066437 113450746 114607290 130612356 136749926 140918445 153031605 165967311 166531410 169718002 174087018 175596363 180275373 204486506 221759168 281033516 325504232 329376846 333208462 338245451 341273738 341810860 353301876 353539761 359125534 372810162 381719512 402287530 418997439 432108296 444572796 451365118 451690804 454142066 471209147 490955404 491447207 510419263 529317226 531734570 541171093 553040876 557095465 560825520 588206022 589159695 593807356 608333992 608658743 609599419 614025183 642620511 647341798 680091353 688559409 690710588 696652347 702847321 728721614 730756558 736122374 749267613 755793495 757544364 761424005 765430391 772976826 778955378 789213176 805266314 805456425 827344095 827724355 873407244 876109676 881695480 887269858 888077715 895142458 911499601 921173049 930961537 957712191 958054952 980225244 984068029 995650710 997574239 998359479
200 -995189330 -991779760 -988423805 -987725262 -983544901 -965636757 -959080633 -957834746 -935756050 -932497794 -915643389 -898098793 -881491864 -862215828 -839662120 -825778876 -825463243 -814649485 -805965545 -798241281 -790850433 -781516370 -772046230 -770824788 -762575935 -754994358 -753044831 -752164348 -750863947 -734342955 -726074865 -722479076 -708441716 -690401559 -670377811 -659305628 -644280474 -642421611 -642005821 -620002614 -583615045 -575164331 -568445756 -561869048 -548359672 -546526354 -544776343 -529867349 -513327277 -501982548 -453093780 -439610749 -412276002 -409988215 -403741050 -403537278 -401178872 -394596042 -390454374 -390158681 -371741120 -368488537 -362268571 -340861097 -320429234 -319774115 -314218272 -313648562 -311162838 -305421729 -296801628 -288641802 -283903204 -283292662 -269384472 -249784472 -246882802 -234441048 -233937953 -220028785 -204174975 -193606119 -183544783 -161372867 -160302620 -157589942 -155974567 -125835217 -125567140 -108014865 -88327449 -74373790 -73305051 -66951439 -60816155 -48399715 -45312065 -36517964 -27347777 -21193895 17771460 53982321 68768790 69762163 75572206 78022026 81426728 93555382 109212917 110273130 113921175 137996179 139427449 186710260 191530556 195417999 218037360 222766659 229579112 230483823 236935586 240772291 253572070 263623786 293460946 298538386 302204853 309326086 312863805 340891375 357811450 398505434 408650150 415380095 423075428 426349103 437177538 440123912 471322070 472669932 483403958 484564042 512958400 517929655 522922416 533854890 535900208 552232116 566481986 577300355 587033707 603996995 605896654 611980205 612482494 616419822 635504210 642039058 642676043 655751854 663362788 681272272 689963107 702917021 713083233 722676189 722933387 731849414 733627584 741119558 743606549 747084398 754853499 769405685 770651307 771915155 777580376 791942915 797181190 838366409 839599265 849489068 856447471 861302679 861343295 874452973 888034384 915803194 922441271 930671570 934750635 938582019 940555893 944176988 955549420 973490043 974906075 976600889 979150921 993292596
200 -994564583 -987877465 -960391155 -951533816 -949775749 -949476840 -928973241 -920210542 -917128755 -905148322 -871345367 -870200128 -854860403 -852471657 -851724852 -851332423 -807420760 -804840320 -795967734 -793231585 -787465380 -783275165 -772406171 -766355093 -738656080 -735034756 -731289419 -715371629 -711997124 -700180180 -697429205 -693750070 -690362764 -673569448 -621453940 -615395089 -609232894 -608273121 -597300061 -562166892 -552881654 -531264220 -516948318 -510935327 -500115630 -499511847 -479773298 -473073492 -472096101 -471942535 -466391984 -456807761 -454168772 -447861138 -407140478 -400181560 -392690759 -392470862 -370757391 -361375308 -351231476 -339385360 -338171648 -292961698 -289757361 -289300964 -274453166 -273961594 -271763685 -271188030 -261963110 -250706475 -237006485 -229989208 -219390523 -204538981 -197099047 -179889755 -175469870 -173967153 -152235046 -122552522 -98268806 -77943190 -76071782 -35312378 -25374128 -18251123 -2253930 1074658 2966648 12344639 13778092 14996403 18578438 32420707 37366320 39554388 46893064 58627763 59842779 72694401 76916396 78314885 79043576 80239593 108830562 133595002 138871033 148413420 152584857 166467400 171246123 179435254 187330495 187785879 203762277 206312350 207251269 217319347 242415471 242820024 244019472 253421650 270109153 274228907 280570534 302244037 310083026 317911037 327769932 336891770 355058425 356189516 389116009 396510181 401268006 407527849 424604215 432836955 434146586 441756266 448217126 450549256 461899124 464705989 465525900 478213126 492425867 506235955 519842734 526508171 527216201 527594973 533717092 539896861 554573659 572308516 576364561 582383573 583374869 589250742 589558753 603408101 613864639 619949701 633443148 649206443 650576343 661387405 702183741 715102422 718991716 721760206 735252910 743045492 768493635 768625266 801209542 811123888 815079349 832070539 833669106 837472034 849083510 861669701 877812301 878453487 880816618 890923682 914561364 925648638 929669956 936858254 938119168 940389909 943834563 981045916 988241937 991132664
200 -988363879 -983068417 -979774185 -973397937 -962945503 -960947329 -956633250 -949167337 -921248734 -917730871 -894070522 -892188815 -890202614 -888664675 -871747010 -859092413 -854321846 -850075901 -838903771 -837626277 -831866106 -820445395 -818361024 -807671210 -802937198 -800486216 -795641729 -780422302 -749798411 -741489457 -725705581 -710069902 -704048503 -695192501 -687111590 -685347566 -683990220 -673663235 -666244743 -660432257 -642860430 -638779564 -613496450 -610205355 -600752767 -593774752 -567168074 -561148623 -560472689 -549843628 -544439978 -534074438 -527611224 -509269996 -499576151 -490273011 -486409836 -484716823 -477851120 -476411105 -473471881 -455978078 -430126322 -417039769 -409956387 -405987666 -387433494 -385142876 -380205266 -340111596 -336264616 -330170923 -319335238 -317353042 -305686400 -285014182 -261425985 -238817308 -226260816 -220960484 -215379535 -215156742 -183492922 -183000782 -180043168 -172510549 -169504825 -162741362 -144724886 -131275455 -115723083 -95290606 -60237763 -59185931 -56503258 -52214963 -22730270 -17641569 5600664 11930780 14913323 43003063 66892777 68070271 68197853 69799992 94302547 99606561 130082649 133730671 138826561 152337867 161293105 162955787 168420031 172402842 181671059 183368092 183889140 189700433 203935986 209432687 211377334 226332110 233449283 234057384 238255958 242028924 242106456 268849754 276685269 292830449 296033416 299673370 306606635 310057133 314042583 323515160 326574383 329022276 336789527 339432639 345846941 360035565 391897732 401300427 412293384 444966072 449159779 459887416 483720369 488084795 503116784 514002532 522435926 522763043 532099834 537997029 546452480 559189211 587083568 609253262 630174914 632657049 637403017 655781709 661845753 663575360 685251273 685950020 707999113 727802538 732842325 734898977 747823987 748018497 758289644 760796692 788043685 822956133 843351943 851459803 858401250 867808092 868303061 881262374 883448185 886725170 891843445 892919403 909408044 924862171 927935712 945349796 948351261 955208986 956000489 958908548 981260362 988328838
200 -983256127 -962448268 -961870089 -953646365 -918315213 -914429841 -905425647 -884693180 -871871547 -858715249 -851467766 -847590398 -797636849 -792799567 -790047325 -766694660 -760642729 -750777239 -744915918 -735699793 -729621218 -723184868 -721149392 -714443893 -704342887 -690096517 -687479540 -684049805 -680760437 -678841929 -677876947 -670777793 -668462240 -657946596 -648016185 -642554519 -636688853 -634105876 -624510156 -594783898 -581313705 -547578090 -543628988 -529792739 -514101863 -505568299 -499647036 -498577296 -498025623 -487975840 -487560757 -481801472 -480270717 -478213691 -473376469 -466250501 -465279123 -459561121 -431480865 -426271317 -422753440 -413115526 -412113050 -392525067 -367921105 -367311957 -350014870 -339628924 -336997915 -332497058 -328372144 -317114099 -312404606 -304235389 -301342129 -290194883 -287464025 -273852329 -271154208 -264455178 -246993271 -241651358 -224949103 -213187537 -209383200 -204326021 -203854785 -181139427 -179140603 -173342980 -161352255 -156613513 -156261558 -153532830 -149871575 -122902369 -111505065 -91119495 -89405918 -85524911 -67473753 -61487881 -57840763 10308064 10599887 23362984 24064204 32273050 36928170 37598276 109929718 120004880 128163088 153816776 161221550 165894892 169146495 175317568 176882890 180063282 199657861 226567395 226839748 229942028 230119201 237932932 272020517 304577449 314658190 333993884 341585810 343755961 344789716 344905800 351410643 352641435 362374361 366509322 367647453 392587458 408320794 409638291 414726318 438286035 442687755 445442386 465729778 467853283 471402702 490475216 499114649 508740051 517729879 536375582 552218366 559202546 560352054 562526118 568721084 574319418 574632987 600799143 605621277 643783887 663783018 676009398 684518137 687157251 695108890 708272022 711636858 715761995 728591241 728931348 732661234 736783437 757236854 767812274 776863496 790842133 791000579 799473414 818247540 828968654 844475944 845721741 849506916 855530615 859055233 859191008 905936262 946478283 947696969 953382755 973898729 992210838 993179165 993246497 997690889 998900954
200 -988348658 -931488440 -918300315 -916757943 -902732070 -868381613 -858926142 -856623801 -816476142 -804717680 -797900598 -796109410 -793737017 -789426190 -781142698 -779963870 -775930073 -769308508 -753201579 -753064810 -745801961 -745345487 -739850363 -732751500 -718596087 -709936783 -697038254 -692829553 -683287730 -677182382 -668096984 -664495253 -657914042 -656754763 -651854052 -640050968 -623674410 -620713544 -611085549 -610130927 -604516277 -603491787 -600461979 -598701296 -596602200 -587530635 -584149600 -579337617 -559688964 -555314118 -544961035 -539493080 -512940961 -498958737 -492811221 -491982289 -479788281 -464599711 -454092120 -448391123 -434078897 -431145306 -410239435 -395427496 -394824165 -374436590 -353758952 -348520363 -337422484 -258419091 -240316460 -229809920 -225510253 -217125472 -215979877 -207765163 -196955739 -144863704 -134440103 -124125593 -121817745 -121806136 -120024042 -111028605 -109406043 -102776712 -100368878 -98876925 -87378445 -85266541 -81393980 -80056547 -60981223 -50570156 -48975748 -38320044 -37845357 -28644177 -27962569 32410322 60375721 61362295 72813050 73879196 86849569 87288666 92917211 114050220 124196116 132929312 133333119 135311229 136812787 153754286 157091569 161424340 161444677 168085007 196129255 212770785 215224149 216507589 221888901 229546371 234796600 272591949 274913334 275776759 276715015 289510471 303359693 303950400 320747907 323897473 339421793 348001402 353140010 355353312 364277816 372660121 375483206 379780804 380039838 389065736 400112887 403929741 417134922 426628872 440159324 454865779 465596857 468760166 482011515 490213633 492359481 511273279 518848534 519753647 524744633 554424152 578511768 632279010 638736184 651480452 663133149 673583943 682723920 690617070 695043058 695192378 697111106 711051615 713809751 723551461 731384989 736054855 745731541 753934781 761316538 780920786 789002521 811732443 814938915 821561816 833913365 846278350 864728300 871824640 875748938 883474068 888133975 891154272 909485326 911740928 940134674 946136952 961556660 972293512 973807242 974130631
200 -988434336 -977335856 -957163926 -956008237 -951137282 -936808243 -936308835 -912807347 -912696506 -906907211 -901420675 -894355622 -890492228 -880642914 -872489336 -868048236 -860247720 -859263979 -854386353 -851105291 -846882239 -839499693 -839115131 -820993429 -817661552 -787678980 -781915563 -778551766 -775734983 -773895313 -771423254 -764964714 -752228824 -724076067 -712734949 -712268694 -699724689 -697293532 -696700382 -685489370 -680087338 -649495129 -635021562 -634109729 -626346182 -622765821 -621958979 -613920601 -604066756 -601406679 -596282558 -551070425 -548163162 -542312522 -541333946 -527177803 -514808654 -505289689 -484360634 -481289953 -477058620 -468838784 -457670520 -448887030 -430343621 -430272360 -418316235 -416661251 -414863268 -402223289 -400530611 -373696833 -370145621 -358482235 -350710855 -337539245 -327724149 -316079367 -313885933 -300437321 -293746115 -287252979 -278255946 -260540269 -249750215 -246220473 -241179664 -232454467 -225212539 -221999618 -219486257 -215417160 -212715281 -205200165 -205193613 -189652828 -178514422 -173926657 -141828878 -126090362 -105950980 -104571205 -104486911 -93131933 -83300087 -56044700 -55709408 -33437107 -11877801 3637260 12058545 12535467 19160574 23459068 43025753 53643433 58434324 78248420 81324253 96691017 118596848 127314083 149776374 157361218 163327513 180252346 204740153 210919474 213205349 224598450 244793428 246789339 251220271 261461951 272730641 292311560 317492219 331291983 347578967 356675680 356964812 376286752 381996500 405419993 416346485 447604336 458357969 463092729 492298050 498926938 539975364 541978608 553199228 564680113 578014456 581618253 590231156 596323570 602068061 606100566 622739509 630781842 639011374 655405550 662555189 672014759 677409435 688483298 693614614 702200608 702578586 717737679 718953652 731282241 733493265 735453715 737257086 758461760 772842847 795982871 804645145 817082283 829412336 832678855 845877552 857203151 872498138 874806708 875834035 886726586 888397731 899023055 903072277 908792556 929572155 937058378 964893952 974618421 987975007 993839715
200 -993588792 -988638607 -986614741 -983148836 -965716267 -957603781 -947410601 -945997252 -926721348 -912752810 -900142514 -896417497 -892065714 -891597893 -886770696 -875916159 -866114006 -862741918 -862633966 -847737308 -839485991 -838807499 -827358793 -815882979 -808484594 -759114818 -758798797 -754543778 -753248889 -748126769 -745340768 -741343968 -732283638 -726997315 -718654151 -708302483 -695462254 -675719967 -664784280 -656844479 -654645098 -642769952 -619903333 -610035223 -586981323 -585593612 -583395297 -568583962 -568374506 -566026014 -560039837 -559149361 -548484018 -547538619 -540464784 -531167600 -530991697 -507745142 -485445829 -477710177 -471252753 -467588760 -451575896 -434225363 -432967787 -424769953 -393031247 -391500060 -384463446 -371404837 -368460167 -357113956 -337769493 -334312318 -330933475 -318546749 -309817730 -305170511 -302434884 -297238561 -275645314 -267162105 -261463791 -253243491 -250606632 -225363991 -222398521 -203160852 -200952122 -175969062 -173166423 -154108272 -119339467 -114173992 -79573095 -75375054 -55913219 -50402946 -49744237 -37184073 -21027585 -17320988 -13363206 -8973905 -7461115 1033709 19864386 20058574 22630505 71654313 76185235 80863252 86869161 87248265 88801300 98520252 105389109 110988577 111161436 133579383 161245112 169535235 195742575 210473232 214275889 214516645 214694320 233313735 247881764 249876870 250322350 253950905 255299734 277745094 290388531 312151891 327417747 327664505 330334685 338739993 350196704 367150386 371705123 397297766 402778630 414544853 439142856 446210970 455222134 464549592 476371472 477941598 483397362 486584037 493512083 510530436 580361317 584811947 593853312 599712671 602345769 622436424 624019812 641654458 651207800 652895160 656316686 682535957 690467561 693702010 712229444 714389249 730521222 737143647 741139663 744329336 748615264 761809865 764188641 790233574 822095869 823540076 827816119 834068862 843360502 844260114 845288166 856385434 863646274 876287927 880859797 881662048 909301417 913357900 945474464 949135023 955153213 966122096 987483283 993909684
200 -993746355 -944348351 -940501829 -938882273 -932791975 -932635103 -924593380 -924310809 -898743711 -892930841 -877488853 -874467243 -848607534 -825541316 -821323307 -813580638 -811105831 -803819203 -784077687 -767896261 -762157964 -751379020 -747695552 -707841044 -695146634 -687376969 -685936150 -669334281 -652204901 -652085983 -649629459 -647272622 -642188115 -631365875 -628858080 -619795430 -613841239 -607638535 -597655172 -588678710 -567461622 -557364569 -538313509 -535040842 -531684713 -505571691 -503527919 -496359815 -491842643 -491254353 -490032704 -488956608 -488573637 -458340663 -447737253 -442936944 -437422200 -402425920 -399802834 -389675183 -382374069 -362567030 -325282274 -312873321 -307042899 -306006191 -290666191 -274507206 -273869185 -270366404 -264917494 -261821166 -256296866 -254144885 -242763331 -233639159 -220730775 -219340602 -213385091 -199252502 -195284861 -193732084 -193665901 -184717456 -182035822 -171486402 -161275206 -141815873 -115656327 -101041746 -86047861 -84586450 -73073385 -72245201 -70346061 -69035366 -68975284 -41259211 -19795412 -5942682 3290991 9989976 13352974 19754258 28871924 33958193 52575511 80195005 86199796 99636833 100685730 103562586 116095475 120990932 127888826 130145696 131612911 165588851 180253553 185777321 199849013 204487783 235323360 239080021 239177733 243041675 248430466 258501659 265019205 275967769 293739146 299498004 341355522 342978052 346034657 358160809 358544044 380770199 403782828 408208983 411073017 412130853 412955721 419282325 427132833 436728114 449436741 460679944 480495050 510665820 539370111 539434906 540839030 544496675 551897790 555450603 561218135 572381228 586062675 588013717 595836037 604963191 606446952 606482554 618862312 628091220 629482285 647438454 656960494 690507779 693335043 714045807 742690670 757077562 770706271 774583985 779527252 780914760 784932342 820794708 838477622 847514868 855298086 859519010 866899275 885525816 888323659 917287214 921704204 952300014 952387030 955468685 969750742 974488246 976854803 978143385 980000860 980418612 986680266 991530511
200 -989490296 -987710671 -967432279 -955075829 -942141986 -933625639 -933477002 -930736544 -928378019 -918870653 -902446487 -889644627 -888512149 -855201797 -853957454 -841969116 -834070752 -820462777 -801773136 -789180249 -787537755 -784635525 -781892270 -760641272 -755091599 -752410168 -747847289 -739380576 -738516080 -721051371 -713695945 -691822251 -689764350 -688323334 -659377546 -654803464 -638664490 -632814177 -615456705 -611893216 -595281637 -586625705 -570908863 -561808562 -560631472 -558842560 -549613829 -544298677 -538991982 -535247226 -518735537 -503040040 -480676918 -471229468 -462517018 -458126381 -457503739 -450075321 -438302469 -434306066 -434247838 -431944039 -428509515 -422688132 -419912912 -413236962 -412990532 -407600402 -402178853 -394635714 -376440935 -357304386 -351240524 -331396668 -313652466 -304502387 -301785166 -296332829 -282134010 -277840402 -275322122 -214105508 -206844521 -190911201 -189211503 -184149893 -175314201 -170292145 -169753818 -167331492 -152818737 -143388637 -142468048 -111539144 -90660478 -80949270 -27526429 -4934762 -1647482 4376397 5579580 12455454 21514537 31689359 31849950 41787085 66671541 104684564 105176332 118028254 125112208 141289821 164493094 173368995 175245965 198019877 213499025 214488222 217016459 219481633 242038098 260106098 276703820 276934559 279414396 280981223 315033101 326316788 326678959 345867996 351161119 351906301 354994984 380497273 396760483 399757523 457400815 476483400 484539262 489583725 492583998 498695992 500321240 507347325 507374636 513199943 520778436 528776134 534884494 535654824 545739902 550816398 557809939 559603141 560207544 563115136 565333936 574055620 596693394 601960535 611217407 620053478 632673458 634773572 641282777 660762579 662993329 674352593 688308336 719806409 746565026 750141884 757079203 760810835 777072769 779991930 809005953 818735299 833072896 833237954 839850180 844286359 845775229 851308976 858694359 858912345 859379556 864564843 868709768 874299587 883014163 910984972 926506935 928848145 934002734 952120687 962591920 963546090 969931016 988973954
200 -946041420 -920235292 -909246029 -896185722 -879191552 -866620283 -849885655 -839744620 -836566639 -832872950 -806408834 -796243975 -788863747 -786991822 -783355927 -781887400 -773840667 -768882086 -762136274 -747164835 -709323288 -697049063 -695241427 -692748751 -670992397 -661879389 -660397561 -653663398 -649760087 -645695600 -643383539 -608367336 -590933844 -585664547 -573061556 -565388573 -562440213 -552493975 -548381932 -541971157 -521645607 -519868975 -519054645 -510678979 -508156648 -503586117 -501251818 -499778026 -496501198 -486825754 -480486881 -477188464 -474773475 -471622328 -443021683 -419253873 -400530652 -392129991 -390779253 -388054328 -384636903 -374938484 -358718352 -339823999 -332708390 -320322799 -317324583 -307477014 -306128386 -278051087 -265712177 -258271666 -257239009 -248987370 -245775084 -244304974 -233014289 -232228696 -227074648 -224372305 -217079131 -174882389 -153827216 -122147161 -107668167 -78907040 -75108055 -74028726 -62127376 -55763781 -49381784 -48189887 -42400323 -39334532 -34850183 -12965603 -5876846 16297198 21194043 21400588 24115657 46579554 74568906 84460108 91738407 124309082 131370044 136699256 139146906 142971908 188246972 189768242 190340662 205396922 210121849 218857267 248625730 274312763 275227955 286768898 287816545 310681263 333369874 338785490 348783645 356226761 361678213 390824407 392758930 397036371 397869305 407461622 412485063 415303289 416281971 416724693 422538470 430158387 442485591 445874667 447636947 473931392 476670697 494427361 495747606 545489591 553358153 553477600 582956350 601189550 621106642 624772781 634826989 637689919 638728184 641846352 648748843 650648313 652116660 656058079 663833198 696504476 703330740 703404434 704620353 706457180 722703618 723075418 725538205 733062090 745741447 751136424 753884055 766244477 767984217 783625206 788116748 799338226 830554676 841398124 849620686 858742625 863209716 875934788 898108719 898506033 900120642 907742789 921758860 924002813 932356275 934079177 952684934 954198287 968988190 972224973 974878800 977919472 979918774 985435258
200 -997523474 -973894773 -971077968 -970290050 -969170586 -963297865 -957363259 -948785959 -945160671 -933479600 -927606305 -900297931 -889360083 -888864232 -853177551 -848325834 -840252390 -822478243 -819514260 -809691411 -800911595 -787435331 -772800727 -743190204 -731703092 -727813024 -679168305 -673421317 -672170953 -661350765 -657662365 -642343906 -626867291 -619698560 -592128044 -589757089 -585531956 -571088440 -569098737 -566122834 -557351704 -525502998 -516567639 -493314976 -485546497 -485225416 -484445896 -476704672 -473219773 -471828066 -470555116 -466649581 -429806004 -384968953 -384005763 -382301919 -378660629 -375323926 -346768138 -326391099 -325511981 -318585580 -310813037 -307289081 -306334520 -303881727 -302687494 -285609079 -265176242 -258469333 -254685876 -247322406 -244470346 -239036294 -225373015 -225356970 -221384150 -202093290 -196562045 -173667827 -170747167 -157933214 -157405667 -145262596 -116177897 -105963004 -97031108 -85996730 -67113803 -61830052 -60139423 -58861250 -55907224 -50242916 -48999687 -46193378 -44688493 -41445439 -29714926 -23592809 -7322066 771534 61867724 80730590 81864276 84519987 88829193 91382927 106633436 110595047 114628649 114862296 121184885 144238711 166711029 206700888 210231419 213045663 218706257 228585778 237054460 247254772 249206818 284589068 293161592 294890435 301486634 303583460 308857496 328888427 330325724 340773095 340958651 357698399 360085794 380040008 407213847 409389977 453065267 454769060 455710022 458416515 461351222 473368134 478753742 482075944 493843468 500137774 506129957 561920871 567850192 568978817 573542008 579872162 581288195 585044030 594347999 601182217 606930660 613527595 614128201 616531983 623767919 637367542 638580992 641840319 653473300 680364911 683747137 687793657 732666361 750326698 752429973 781670271 785793097 785909313 788802753 794360819 803552311 806909246 830475471 832205370 849061450 849641375 864078321 914062752 919987451 931876337 938146212 945750129 959683059 971458805 971697791 971968651 976278185 977163492 979054245 982600462 991418827 997423392
200 -997133189 -983491479 -976874561 -958037222 -955641287 -946380651 -943921343 -931378942 -928754230 -924960711 -910492573 -879696097 -878355214 -870441301 -868766461 -866476179 -865253035 -848085133 -835428346 -828330840 -806642708 -803783796 -803364390 -789650031 -764044183 -759745188 -750299932 -730925745 -709723521 -709343891 -700311582 -697416641 -695214703 -659975803 -651792966 -649018799 -637340086 -633628717 -624393536 -620743389 -593873123 -582173608 -550135394 -547995331 -523458345 -521842055 -517924327 -516689917 -513726238 -509030591 -504510060 -502521112 -501419581 -500335609 -491460716 -490881953 -489646865 -474939045 -471582670 -467967230 -451040223 -426591076 -420613448 -413981513 -399069439 -397745192 -390348367 -372596544 -369579723 -359551996 -351058653 -348175770 -316641380 -309516169 -306902895 -272136476 -265005603 -255904850 -251342223 -249947462 -235225943 -230051472 -221975532 -221586518 -219349837 -214549087 -206875278 -178238724 -170754628 -145170809 -141519678 -131269076 -120582200 -102134918 -98408193 -95822543 -94831753 -93780690 -85338871 -62788015 -61930299 -41215505 -35321178 -27782787 -22230704 -4946141 -1917590 -31184 10459416 22874340 29791912 35679330 48835645 52526393 52684505 55945379 58979875 121313285 127716872 136728485 139041420 139851882 179334303 186777097 200069527 225964044 239078199 264778575 313179226 321522385 332043616 335166124 335979182 336103078 342986403 349860634 350081285 374419145 382235580 421252364 447243862 456096512 463926333 469063268 470537110 472135590 478212633 482810513 484491931 484741778 506043190 513313261 529330753 537856518 539053263 541459899 548143028 555729482 581333266 595688861 598372752 608489339 614487923 632508949 640628096 642482269 653018402 665068514 666552989 688464935 697402545 698225993 702649589 703394496 713926461 745126584 763922410 767405749 769175776 774416277 793494134 806692223 825872336 828600394 838231184 844366965 851738458 866324167 882782214 887794602 909161762 909846679 914821479 916898816 924061422 928915859 929240500 979062936 979774771 990762259
200 -999390735 -997621204 -986931088 -984979959 -962352192 -951695630 -950223522 -929135818 -913968171 -884284855 -869145585 -859051656 -846466463 -841859089 -840209960 -840143025 -828382007 -824042963 -818945389 -817859841 -809974019 -809479374 -805866218 -794194222 -772959493 -772576853 -765548483 -752388622 -750174401 -750172340 -734431149 -729839189 -729579646 -710746194 -706988851 -697888943 -697472788 -683074474 -678460210 -676477908 -660513419 -654919852 -649871171 -645108284 -634474887 -624289006 -603023952 -599758442 -589228495 -570352586 -556091385 -549965351 -543004693 -525430305 -510995333 -507328780 -473984696 -467713629 -450587445 -448376305 -447113945 -441341989 -426341186 -394954647 -391886024 -369516528 -369510550 -357669680 -350021395 -349160587 -322477220 -309815270 -301281185 -287086402 -278031422 -267627441 -255862210 -255466624 -243020452 -233994350 -232767168 -223285023 -219640981 -209468417 -206772608 -206298463 -171659208 -159576470 -157296733 -139563636 -112051398 -86294074 -81786893 -57568014 -47827856 -46318834 -21189717 -7265869 -1553580 20000968 23992534 61233384 65246323 89860493 105308693 114030211 123510958 138033659 161129653 164289830 170815548 182460650 205635525 206253249 210948507 213766535 213955957 216896046 217571310 232824630 243572505 247598879 256151797 262603855 268903714 275373143 276437264 279529846 298607686 299861459 301386669 314338292 320713278 326541568 338901960 348131670 354211696 367255769 385591995 405370296 407241084 413449091 419971454 433261630 448218365 467142309 467957461 481827761 484333875 494066393 495050667 517383363 525368304 529121813 529635141 530480042 534950423 550876930 566190373 575743993 581872245 593471717 616974536 625277035 642718291 655849792 661587107 664268410 665615893 671785507 672817478 675654677 683663473 702202958 716632024 721085308 730359262 744392867 750361651 762215761 767910227 776176689 780290479 781018054 803863818 817346619 829131393 831639662 848742089 879681999 880637917 920595478 922117373 922548424 925692161 963109161 969486321 974973470 991859006 993262374
200 -975653620 -968905110 -954110281 -943405089 -939191465 -936203199 -929291695 -920977329 -914541652 -884938960 -877256249 -874923000 -862993400 -852832065 -840747004 -829808828 -815785466 -804995558 -797212305 -778213759 -776901410 -771291388 -766399711 -754781677 -742521258 -727084885 -688976822 -680702934 -676877549 -668795754 -668411789 -665268395 -662984316 -662083192 -660492724 -659442280 -652557266 -650348468 -646996804 -645212634 -641614742 -613976363 -611265621 -585228857 -573346489 -567846880 -547712588 -539174594 -535749336 -534881905 -527896746 -508548256 -508296885 -507610208 -505444556 -459228244 -451230671 -438777912 -428867947 -422733270 -410609509 -410077379 -407310657 -400293927 -389831505 -386998651 -384192829 -379825173 -378905590 -371875786 -346748483 -344159495 -335136449 -331880108 -300804021 -285576858 -276343396 -263688313 -242557379 -195378619 -195039660 -192086934 -185483900 -151342224 -147024246 -114162487 -110881145 -92002606 -86060415 -84762786 -45420160 -40377368 -39363321 -29962331 -2011706 5467493 35203200 45547822 83893738 88542233 92045116 109346502 111297348 113529165 122792654 135765134 136773832 137108524 153949086 158608018 196575900 203983363 206199735 209731795 221650001 232130940 237682562 240408244 241913128 243962844 270264814 275711884 301702633 312101196 320795738 354612678 366001566 367499990 367766512 368138423 369062134 386278671 392205568 404333804 429069397 439299536 459458050 479426124 485413758 486681974 494315790 499280483 507433129 508237662 519465591 531706309 532493204 537454808 556022804 564998164 609697925 622440401 636775678 672228434 672847712 675870555 699054318 706258715 709419148 711658354 720434012 725540123 736222315 739099214 743848408 746662699 767204576 769044384 790171756 795283431 827316676 829294316 849280007 851635085 858631326 862958914 868523613 870185900 873365358 875938519 877686659 891228195 891983232 900591864 902845594 907352744 907765102 909070241 913259441 916896991 917974310 924634010 952724464 954752708 956749033 957747805 984484009 991096527 991293162 996221926
200 -997117825 -974438949 -972232900 -970877897 -959061443 -947671167 -930696338 -899758270 -894850116 -881177227 -879478050 -878523850 -873564868 -853284010 -852126191 -850418457 -838776683 -834660053 -829513465 -826846509 -819107768 -816141509 -812466737 -806223591 -805246789 -797805375 -789574290 -783606863 -777217669 -765163780 -755518489 -727651742 -727398868 -717363495 -716897706 -716825878 -708814159 -707647515 -705215240 -698627828 -689337694 -675001577 -648384337 -646985095 -646393098 -644389843 -634614894 -616525149 -593889679 -589029765 -573371012 -569722311 -559699617 -538008926 -531728752 -527852111 -497434709 -494276402 -474280297 -466918742 -463965059 -463935998 -443241353 -443155386 -427679185 -421530772 -415863327 -408757155 -405871178 -391107397 -389621457 -386589245 -384101224 -366980410 -363579073 -336289358 -328972860 -273770704 -271335841 -270273808 -259190088 -230748580 -216998306 -212788328 -208835336 -200440489 -200257181 -199576811 -196877563 -174138896 -164862481 -163732737 -145755458 -145694736 -145248220 -137041055 -131150808 -121934441 -109551286 -107224385 -88579266 -77592676 -50849665 -46071425 -24641008 -8534594 11137609 12617755 15766139 32237718 34560402 47512277 52028212 53574412 66245866 69797053 80270991 87451696 126099630 145932721 163475109 165028702 180492239 184911819 198019188 206507444 208408254 213723738 222634686 225859773 243815725 265712320 268528481 287911718 294519960 298492335 318412187 320875503 325429869 336017942 351515397 364723660 365177740 399170443 409001069 414716235 424785463 428066266 432986065 450322905 458479438 458954522 489910021 497803664 522289468 550382154 571172701 573917991 581219682 641249793 643908940 655365480 657816685 664301576 674978987 676104963 693458316 714637807 725074974 745150090 764781097 770122007 771451546 791400722 808023345 829057738 829656951 839206766 845473601 852544145 857307844 865317873 872858024 873174057 876895043 877395423 912009715 924535499 928296890 932948979 938951250 939945327 942920054 943401271 951628650 955981159 972103446 973739712 991380881 995568424
200 -994592739 -979672322 -968932123 -963982567 -925440833 -913091038 -911925450 -902945623 -880503561 -863618314 -854928760 -854691969 -854666970 -851115373 -842165494 -823444156 -821878521 -808955298 -807601163 -799264914 -797461975 -790869400 -750329989 -748431223 -744991507 -731927666 -729514972 -729083286 -722890631 -717761529 -675960966 -671094228 -669753877 -663706554 -660247830 -650510234 -650153423 -649940982 -649916752 -647811766 -641610173 -622832814 -613928370 -606447103 -592044289 -589580614 -589420601 -578469533 -564343257 -558634845 -531716727 -520920987 -520288737 -489012235 -471635185 -455370316 -444330747 -436739271 -424939404 -414968898 -414469025 -412441628 -408597387 -395027725 -393405838 -380346471 -366721255 -336887176 -309166802 -308172577 -289196008 -283294514 -242371857 -238580683 -236360542 -208647142 -206329840 -206146310 -204524505 -199006390 -192595927 -192537204 -189397621 -187864554 -185756724 -182846516 -180270436 -179118445 -179021884 -173478840 -162042749 -135470766 -132312287 -125928314 -118568534 -114864240 -114310634 -112569268 -111154435 -82788395 -76157302 -42835113 -32789461 -30391570 -26586507 -24468039 -16370093 -3624214 10978692 15681264 43776490 44677443 88935417 104978316 127035718 128158995 138760999 155812837 170265510 172251690 174904992 192139691 198084900 215719039 233904884 244239604 245424790 267663518 269793892 275193213 290609817 296483322 308921015 319709024 320228671 342200172 345377358 349586189 354045968 366141862 409049020 421187172 427745389 432880070 439396835 449217371 456284129 464031962 487041140 490315570 502274807 511765512 530106437 532956683 533063537 533339794 604802628 609370110 609662992 629130262 638856310 644826536 652549672 655337582 670989747 678290708 682934930 688932300 691161504 700830304 705235718 711091836 740361477 744628762 747972863 760847413 763233336 764446279 768045141 770552122 770898035 777346130 807395268 824853292 840635288 847450494 862885973 864957665 883629115 911541983 927958587 928377643 929136513 930678432 947712795 949327444 955838513 983902220 990018752 996605721
200 -997558314 -989940205 -976283560 -969179232 -963049692 -960711461 -958721626 -958034487 -946325262 -937117754 -935499324 -925655725 -925125164 -913727106 -899999154 -874900387 -868680558 -865903839 -861294266 -859100037 -837828904 -830374317 -826943692 -823144838 -804703265 -775971123 -768882994 -759088561 -752684009 -722992591 -713852749 -697338692 -682515495 -673499709 -669253925 -664254506 -644973833 -636997567 -635922293 -625869023 -620468428 -584776323 -581530174 -576467754 -570443077 -557171174 -546971751 -507188298 -488542385 -483072350 -482974879 -463416323 -457182857 -443330087 -435128483 -419511810 -406058812 -396577142 -389723588 -381650309 -378033485 -367742713 -362449761 -346010591 -326764989 -325061205 -309900437 -308970162 -307840999 -300696501 -292121286 -286534663 -284060472 -283883939 -259716911 -257680014 -251228287 -244388591 -236273805 -230739214 -221036723 -187248604 -169718736 -150612177 -138640211 -132246051 -129068241 -118333242 -110324068 -105715274 -104705842 -84422581 -71030592 -49055773 -32737578 -20090222 41149750 52417446 71164234 72947834 82409203 83194665 86396896 87747705 90722973 97489133 101109864 110053047 111415316 112458056 113365053 143908373 174241151 194009440 203110966 207278461 208154596 209186002 213621179 219870435 235853484 264100791 275221830 275308349 309701527 310196638 314070478 315541047 316639451 320255482 329577399 381431938 384474466 385884652 414291625 421650768 422575292 422894425 442667472 442680291 485629736 487922537 490627025 505144468 507744372 508255615 514424680 515897190 521188591 538620201 547181939 556151076 562708627 575752521 589949379 591030339 591441354 593688538 598467419 601740543 617763573 619633302 623384761 626502442 633357864 634586938 635032126 640626797 651756954 656535457 659744287 660910176 664497256 665503536 667703259 672253052 685668324 695869901 696294362 711716156 727325229 727842887 730601655 757287775 766124972 770993008 787635174 790557007 801845189 841984960 853050021 868450517 874916319 876915001 876944236 881708140 898148453 904521561 947976240 974588694
200 -998841455 -973365367 -973290783 -970950425 -968604996 -907391295 -879518605 -868913537 -866530394 -855628510 -841536420 -802150255 -799805600 -793747064 -771601056 -762672109 -755883692 -752983466 -738894254 -738540757 -717686608 -697018859 -688705108 -671863650 -658511775 -639893124 -617750298 -601781418 -593032617 -590758356 -589887426 -586076530 -581794699 -568977019 -567113861 -562944079 -557614372 -555357546 -549586528 -525460193 -516127652 -496312683 -477662655 -457560013 -456699485 -450234615 -440080932 -440013030 -432207205 -366763049 -361937397 -355835357 -350201980 -337202809 -329212789 -311979926 -300757974 -293514571 -284629275 -272450376 -269726666 -252034968 -238819326 -232228282 -224421178 -211747112 -211494098 -209575611 -190355562 -170482707 -169169911 -162209151 -126029046 -105016224 -91510699 -82753784 -70243864 -67823570 -55487202 -50063892 -25672417 -24022719 -13377926 -2907914 -532706 9992979 14064741 18472050 37175117 39780649 52252347 57536839 59292848 66475814 70986708 72527110 81167139 107644704 115912866 119622030 127372894 127481459 134235940 140448189 152513988 168760619 188753676 215984111 219758354 221065369 230826320 257115347 266196096 269606437 296220243 296362139 300895297 309180050 313639630 314567236 317540428 325184530 329957776 340952200 353657725 364035776 378604331 387753773 396483219 401644838 408914166 422436107 426320731 428693121 430581750 445419458 448393547 457962905 478851980 489337002 505197080 509849346 514820589 517620687 526068438 526264503 529238995 553152708 568909941 590411684 591935794 598872898 600745908 602932240 607961555 614736315 622385968 641567660 648343306 660830743 665450769 671938602 676625691 694012621 695522431 708403467 712018497 719587334 719645472 726414223 744775171 758378184 768279296 783391253 796741160 799626805 810722089 819002155 829433013 834557859 835075754 837734636 846059183 846450626 871982823 892845506 897315048 934027218 936235895 939101086 943123598 948930611 952413663 959533884 963813077 969959272 976336272 987422569 993384004 998139370
200 -998445505 -972723024 -959734401 -959679975 -946825370 -945303443 -898550253 -887843312 -872194051 -870292812 -864178468 -856449584 -845261505 -843099203 -819202329 -807483404 -793468164 -790702784 -785613724 -781080466 -773071853 -769527447 -714689067 -701318046 -690359355 -687881871 -683601243 -683410855 -680557202 -678483846 -647729912 -640471332 -638227281 -612588601 -603171829 -592987378 -592796362 -559641349 -551504570 -544930300 -536728253 -526957632 -509377724 -507683466 -496774742 -495162948 -476701656 -458417671 -453373471 -430056203 -426207588 -413182335 -412002337 -411669696 -392515238 -380644208 -375429841 -370882253 -367085538 -349973850 -345657809 -340310475 -333165990 -314983760 -297117355 -290927134 -278554151 -262392962 -249795119 -227415718 -210877696 -187690092 -161977556 -156340626 -153149438 -143304600 -142675362 -138554040 -125354851 -124601961 -121355213 -119513736 -117683661 -113729064 -84111411 -81667313 -65553454 -47467173 -45722521 -43162363 -42366649 -41838695 -39657707 -12479438 350182 2974802 6124700 32897042 38953351 39146648 43526230 44194024 46648215 53806934 62531310 65028437 66524444 87983665 93699474 108474339 124925791 134653721 141345272 150736672 161836386 163308377 165720218 171207608 175915642 178236535 181295724 194717747 194987949 211963158 219042920 221185494 222436306 230497297 245458101 252392933 256300151 258179677 261409785 311851579 316679854 328121276 343125479 369741452 391826533 391941391 397599007 412238340 414804389 418281440 425666107 443721925 461723545 464179353 503360631 504468090 518529211 519337895 523919092 529750743 566287123 574614343 577963072 580293586 589423174 590194851 592879347 593769099 615585651 630870794 635911661 642912131 644015544 660287435 667852955 668695063 677402893 683312327 695232658 700831696 704460099 712730068 713278769 738851736 750354153 766418187 769395855 771712924 782854903 782921450 789142281 792921891 795095012 843169308 871738094 901680377 932204030 934132636 938232564 940053853 945301702 945393705 947852394 963261653 974114980 984369739
200 -982510265 -950423268 -943528236 -928256956 -904365427 -871566690 -861859945 -854357098 -835279085 -817986375 -816320929 -808203130 -793653160 -747493831 -741735225 -740212367 -732493356 -719996751 -709263922 -703903218 -679254977 -677063661 -638591874 -632573218 -622102698 -610902036 -592292638 -586098403 -582254474 -563814278 -559875761 -556576855 -544667169 -519821538 -496483024 -482441344 -482076777 -471797892 -463893029 -446616251 -443685708 -438469351 -426464937 -425815590 -424138793 -417455388 -410844672 -405989269 -402807810 -398815832 -379361467 -377800069 -376530905 -367944071 -356102930 -353463653 -339694654 -339571975 -336267535 -329036956 -311702592 -310950080 -310918537 -302665835 -284441527 -276710481 -275731111 -258903431 -249560433 -241673894 -237943967 -235919546 -225572747 -223657992 -220869596 -195652651 -194411760 -187374466 -179351712 -170059059 -160619740 -147379165 -139601867 -137769903 -126529667 -125571205 -120644032 -109736426 -101345046 -80702614 -77266739 -76129885 -72376360 -67036888 -60289532 -59276919 -53599898 -46651214 -37103283 -24679438 -285124 5367883 9873647 49480933 69449094 73503082 95699937 105691713 138325165 154558236 163515424 166429750 167234896 171473571 172927966 175750112 177612482 191275692 202446749 223211277 232676588 233409185 245976693 268145903 290868671 297527088 323662961 332658299 333963337 346872968 374168166 379103771 385038146 407287652 408443828 412631212 431408315 431546594 445065879 445584261 459010851 469546512 479678240 480902797 525611831 530308421 540645000 545468077 550294870 569354930 570129304 570668003 604791180 605856667 610686778 616235713 620443353 622401935 623442812 641517191 644851822 654483066 658157828 660595603 677103109 677117673 686672831 706834492 713230114 721029738 736681837 742554631 747497979 760882895 763634921 810143077 816711193 817843491 820107666 822656910 827174815 836967072 841767154 849884620 856102739 867559608 875186170 881237956 884303051 890820546 896894198 899921927 903873417 920891031 931933393 942426722 944585220 986006808 987527177 998184382
200 -994976050 -993814864 -988384594 -987377724 -980369522 -977200252 -960050618 -958503523 -934981861 -924638330 -923831520 -921102573 -920266484 -918368698 -896321744 -887934002 -887310891 -883405771 -862024566 -853823730 -851461712 -844795540 -842275765 -841327804 -839064783 -836849334 -832828585 -829094102 -823564046 -817400497 -789428088 -788744414 -762278075 -743732100 -724641865 -718004874 -712203386 -703741109 -702237491 -688941876 -688742714 -674250797 -667622742 -652295122 -636198317 -627314179 -622752615 -592709309 -562010358 -560159162 -558901862 -551361539 -541133553 -531830695 -522545068 -521315826 -514306903 -510627756 -510521281 -489286270 -471041634 -469205594 -468940287 -459797296 -454861794 -442435810 -438448770 -438235794 -429966091 -425550635 -410720376 -405750527 -395247793 -378175033 -329074034 -328246064 -321268734 -320059055 -312882479 -299645191 -294410942 -289878601 -272908158 -270924354 -254061763 -246425662 -245280816 -231872554 -231864014 -226820496 -224654158 -213312350 -212785968 -194661020 -174515417 -157586482 -134327515 -115723233 -113301246 -75931756 -31921699 -21364349 -7875447 -7763363 4620616 10986859 16835402 27092322 66978784 85100840 98247896 118280138 120630317 123271614 127148126 132192986 154214633 182113489 183676479 201590951 208617986 250509717 257449404 268892808 293801664 302268070 326039575 332009593 354236797 403164429 408234124 426330681 426386630 429797712 498601017 509152624 510744301 540818211 545687014 555477010 559462632 563937375 571931011 576544879 580297835 580988627 582874761 593315130 594972113 603838552 615022996 622809516 645924683 646275439 650118736 658714923 666638851 668689438 678870025 687890728 692913835 701050319 708408602 710160703 717448415 718677419 720550176 740050820 741252894 752839277 762338781 772233251 780378229 785196078 803012746 807957975 809833331 812174403 813557975 815944440 817088301 817658615 821197294 823056919 835523108 837153621 854609877 861884395 869482257 872984152 885157859 900868010 912584760 914395702 929922461 931504271 949127092 954004501 955076441 996779578
200 -985933336 -980831347 -968673344 -948060536 -941093931 -921052403 -905971526 -894824394 -887995813 -887747143 -842613651 -832203623 -822249602 -810882457 -805226487 -792768376 -786745577 -785068244 -783953046 -774613455 -770423960 -768776619 -768519905 -766603712 -741051981 -708697990 -707427134 -707346265 -700011026 -698394882 -690000705 -680935664 -656382244 -619715403 -607745318 -605092494 -579197237 -554098037 -539628474 -538342093 -533405578 -514950811 -513569904 -511434791 -510180883 -501451133 -493147686 -478022423 -467115733 -465425939 -463674769 -400333960 -375977291 -371600222 -337398010 -330247841 -324767213 -305568185 -289860441 -268667410 -259592632 -252161075 -244102399 -243601881 -222894501 -222729448 -216376704 -212703891 -207956136 -200847543 -189590279 -188257747 -182263736 -177733385 -174900895 -171167043 -139819696 -127645692 -112459172 -107549417 -105380286 -101400642 -99430368 -81237613 -73770934 -70379841 -67635560 -61735638 -58380965 -47415987 -31956070 -30103977 -24252629 -15324072 -10095921 -5263824 9070439 20246636 49438514 49472913 57701418 69206688 75107916 79027566 79069705 104444249 107260567 107386260 111374292 133078520 138490925 161977281 162711120 166024898 173790546 183901110 191969734 197180686 197311158 199847602 208470940 215029925 223911955 227374448 230613990 239250695 240330936 240370010 240611869 242589592 263267705 269905879 273001434 286673309 286809827 303506745 308935317 354925606 356781015 358854859 402273641 410141879 410158793 415874344 422212391 426546345 432799002 438568266 456065154 464962245 484484517 510589591 510644260 547261917 580295486 583551668 584574048 585850148 594718285 601129065 602121231 606755373 607211363 616090768 622518145 625911795 645430262 648143372 652084183 655927390 661741705 667173552 671649436 677325225 683572607 714514972 724891907 729252705 749234241 749968536 768178115 777557888 789572153 806151812 817414037 844622450 855755791 893792978 912355402 914671934 916024078 921666554 921813470 925607511 926169368 927922198 939443334 947376716 951373633 995264685
200 -995364299 -991715868 -989963444 -969391781 -958967196 -956189085 -938786950 -929162456 -924700458 -889683335 -877013332 -870364522 -858365976 -851172602 -848188974 -840876441 -839167311 -834772777 -831351084 -830424258 -822018859 -818587573 -814842294 -812799426 -800747537 -799775943 -789220331 -787517534 -781899796 -781608579 -773492937 -769587796 -762033011 -754132849 -752350815 -752269952 -742271927 -718827853 -707603544 -707484440 -701033055 -696318319 -694989388 -688699754 -682489241 -628912945 -615695610 -609190544 -608257908 -600541141 -585492692 -578598589 -546634478 -535199941 -527556106 -500112128 -496226357 -496063055 -487323125 -468430661 -462798583 -450085714 -439642968 -431907805 -428239188 -426006174 -377771028 -365340921 -351350500 -344981054 -342822847 -340042222 -333437319 -312112971 -309641189 -308977732 -305718238 -298808639 -298719202 -269444176 -266069311 -252799673 -237906574 -224799419 -210797920 -170168858 -152292253 -136591002 -129422424 -128461648 -125065701 -118202170 -109650718 -98578171 -98500817 -86455966 -81974836 -40411983 -29490844 -28612724 -20253728 -9379836 -5234895 6531390 36109825 43942677 52086666 54348769 54886229 77954749 81813054 88962340 94519730 94530596 101167345 118076401 122320908 145953281 148023705 149733180 152264362 159977593 166258221 174904254 175042082 176920987 181548429 197969913 204923320 214314904 215405305 229715194 237210553 237275807 240303056 245177472 255126782 257443447 273302613 281621980 309564727 313970649 315517426 333926275 346734805 363332131 373166436 375075902 375894514 426311874 444011534 458083776 458140562 460730646 463167642 475927935 488002730 494322158 500283703 503256555 519369977 523296951 535522420 549578777 556560037 563664613 565320364 603190033 636987383 638601813 647126550 671662331 689369234 712187303 719264173 738794862 751324605 753912086 774420720 777763360 778760673 780404739 818557354 844610180 864609112 869902492 882206146 883324625 894890595 895829418 896645891 899097887 909233168 913300745 917882094 936035252 940525581 968200631 986867346 999397874
200 -986857488 -985791024 -982001282 -964017678 -939103013 -938356523 -936631850 -933815147 -919149230 -898572575 -897079842 -896228939 -871985670 -868183859 -843137866 -836906299 -830880304 -823550150 -817440105 -807553568 -799575678 -799146697 -788689312 -787523002 -767644349 -759880168 -756202684 -748000802 -746008036 -737758232 -708931475 -704095745 -684997073 -684787042 -655991623 -650040270 -633009301 -630720217 -608789630 -606560982 -603476498 -585303317 -579701599 -567805591 -565216412 -546608095 -545971059 -518305351 -493540934 -492738994 -468782920 -457960542 -425441079 -419250648 -411825805 -394236431 -394071798 -393338465 -392571237 -386357991 -361594945 -354371465 -305627616 -284968047 -284236067 -262742495 -255157166 -240544402 -240380607 -209696493 -209341718 -205496092 -201480432 -195453936 -188364288 -180222417 -176543998 -169839588 -161946114 -158264760 -156687707 -118891717 -114795601 -112523480 -88038974 -82258261 -82028579 -70852134 -50509191 -44992370 -41959555 -41907844 -32671314 -23520198 -7208301 -763560 5962231 10078195 11802957 14193768 18544629 24388375 36705914 55818314 57502017 62121268 77378328 82690887 86589342 99653432 107400549 111029529 119090310 130976422 159843067 160292895 168800419 176629060 189436820 197056856 198495024 204954207 213551578 222476333 223177218 226929373 231523670 252389648 255697971 289504820 317301536 327547729 328345707 333801126 336216220 344211759 346067504 362707832 369113673 414141301 414953487 419493342 422082802 434041871 444528663 464801147 468912378 521854242 539445734 543116305 544143849 547971936 557873690 566192111 566477787 577745466 590359204 600987904 601891525 606159648 608057444 643910051 645720709 646448365 651472956 666671386 674888434 698212630 708022677 710132228 721326074 732653719 738918332 744191548 758929790 774073924 787207608 789454218 798147121 804438322 807383827 814095977 820663562 821538898 830370608 838767926 844987117 852480347 856781506 861207451 875889588 881720935 909147936 919496040 936850960 942618824 956654477 958770201 964525993 998065007
200 -989348186 -962470692 -950729503 -935961646 -923535862 -922844023 -906743228 -883613857 -872238305 -849318831 -842356464 -825786189 -821784742 -820700570 -807297934 -787532283 -784756640 -761568295 -756538304 -747071095 -731445411 -723450288 -711761798 -711677483 -710705651 -701605644 -698212119 -693929927 -678225206 -628561680 -626022333 -602042988 -589117454 -585233819 -583895785 -570133659 -566897273 -566837384 -498521870 -490280882 -487849536 -482231429 -468931431 -468305283 -445469258 -437175215 -436218188 -432954732 -421048657 -415670567 -396059049 -394942288 -362929975 -359902614 -357278908 -341697980 -339054273 -310149237 -306709091 -302491877 -282649665 -274579871 -264658376 -254711554 -240015046 -228699110 -216385801 -211653261 -206832995 -205757426 -172294493 -164283429 -158330900 -155154620 -129576170 -119343164 -114004293 -100040437 -95347966 -82301288 -74138592 -52976936 -49915843 -36037644 -33021572 -25639778 -22656162 -18161615 -18083214 -3072194 14998992 16393566 27585438 29082599 35017333 35628169 39892629 55032875 56266909 67401481 75933432 77102676 87976426 97303510 112034985 120529249 127506640 131584944 133482632 166774379 168687837 172912901 187264954 213421232 239197976 247238104 252489417 252671570 255638972 256863750 267841043 271133800 278368964 290763727 307854084 308701391 320141569 322722015 325337774 350631486 367831174 370636291 381896556 410191161 421164127 435877684 445921802 448035872 450712594 462963601 463402587 476344625 477120780 477529164 479398579 482326295 494219349 498524207 522152127 523003750 524462182 534249845 562666906 564916569 569927939 577616127 590275274 599208900 609213661 609990662 611274472 620616408 622906038 625646199 635727122 637743104 651645543 660576203 689159694 691900867 698759369 700497209 709331944 725284206 731831139 747100531 758808526 759412954 759648546 763996155 765674625 791615760 821084409 830760438 845871943 847132215 849626813 861757281 900228630 916007139 919686554 926728161 928740836 948550703 954096121 964332289 972053569 988214149 994749763 999496563
200 -996738106 -993939245 -988866130 -981087914 -968028840 -959106965 -959066287 -954190912 -952925625 -951790730 -937496812 -914869754 -908381229 -898417491 -880737887 -878557601 -876736783 -875822245 -875613944 -859393747 -849843766 -848586049 -836128765 -818985165 -818719046 -801197730 -801142397 -795919878 -785719349 -778810539 -772095594 -771498274 -765070051 -726009852 -720655086 -710349259 -692962339 -681582441 -666308982 -656392813 -629395910 -611767733 -606801340 -597265160 -587270367 -578923656 -542289764 -540436611 -530246807 -525642584 -511780839 -498858624 -494125073 -471892617 -439864652 -425103659 -407821730 -384954328 -383839284 -380289235 -377670897 -373231000 -363558123 -362060742 -361144242 -351993643 -335392745 -321805013 -319962035 -305952269 -298381170 -272352885 -266747760 -250062644 -249459314 -248359166 -244580803 -243611880 -208717646 -208648439 -187714429 -176827007 -172011024 -168475528 -161660565 -149556693 -149553322 -145995331 -118083033 -114866505 -111613984 -106123535 -55766220 -55077911 -50823264 -19505136 -13614827 -9808020 14793923 14864904 22578601 22886915 33544017 36306472 42874925 59304713 75292935 82204893 82236147 83538248 104266863 110007842 119620821 131143674 174787082 202221134 202423105 212691091 217873928 229038707 255163981 258261595 280591913 281516717 296006703 315223300 319118202 319512951 322633774 354610927 360859669 363492362 387034033 396332238 405945010 408891056 420646577 431822193 444599475 452068671 460226671 460870885 464632598 480042267 482651200 483749508 491707035 502859217 504790822 506101114 513200810 517239432 530887056 539822601 555644406 564652950 565206560 578680302 587200999 607648558 614295462 615252035 617346927 630689648 634884818 649427535 651235152 659459817 662313565 670431784 674628700 699149895 708024578 722646932 765544597 776317135 780231419 795084386 805145794 819584008 821026062 835682181 836516986 845834395 854954369 855062551 857024755 860890171 869460646 877097118 891689479 895550441 912812578 924184479 928225471 943142078 982918783 983606499 985255015 991394448
200 -999890552 -998817496 -993246647 -952399099 -934113949 -919643844 -914508882 -890113431 -876340631 -866124167 -854857580 -838039019 -832601287 -830491731 -823770946 -809783966 -800250678 -779523500 -779177487 -743527081 -735357619 -715653265 -708379873 -701179553 -687798174 -676449780 -645965113 -645578726 -641149814 -635763779 -628861675 -627941580 -620252310 -607967114 -607405705 -599986182 -593676545 -589086859 -583471617 -577795836 -574981342 -574391989 -568053586 -562837096 -533318438 -487442294 -481025048 -459112572 -458938549 -456696457 -452446687 -450255309 -446467745 -420945264 -407430701 -387402613 -385927827 -384016550 -381670957 -354530337 -352888733 -329268774 -327030103 -323551274 -301202830 -298051720 -293555665 -270823153 -262482754 -238590187 -235126224 -231251135 -218422178 -213116278 -174873814 -173669721 -170500086 -163769106 -162079485 -151185075 -131000597 -128951958 -119250999 -115241697 -94511858 -65163159 -52676838 -40418458 -37613906 7939192 17827413 19157309 27076216 40659072 51112094 65914272 77182264 80514587 91138191 91930852 101566134 108277223 126837194 137742852 139838910 139883383 191814529 193155929 197393832 205728510 230312806 230621988 239981075 245234058 261994485 266974755 267293478 278221109 289840409 294603337 308532264 313959456 325701199 327872655 335479812 340614900 343019419 368716740 377237063 385561216 386352028 386937188 391092717 392438643 399164235 402695809 408890923 420145313 452779491 453413749 460432015 467174747 469002202 496993898 501983920 504327219 531909834 534398405 538244632 559313130 563366832 566923457 569909625 580227648 582012955 583079201 592359957 596278372 616985508 620802604 621425402 626514087 628834649 638936838 646845220 649657754 659490736 667307054 671349943 679872473 693948307 694379917 711174944 721522255 723607840 725249816 726723862 729214724 733093851 740812947 790409728 793870176 801502010 812898574 845138878 846198594 869865497 877338470 877481212 877900025 896702839 897592803 913317445 923870523 941194933 944655028 957157564 961765453 989534686 994279458
200 -999802676 -998074529 -997992055 -964003600 -953937172 -951749973 -926467380 -920521916 -902470124 -888422836 -886849142 -884062479 -874448500 -850303106 -847604739 -843288455 -817521388 -811492956 -788827214 -775673934 -764421033 -762016882 -722413515 -696873391 -692925051 -691841680 -664071121 -663428055 -657421575 -652439810 -643242538 -634448628 -629634524 -629351898 -608933264 -607586442 -575459053 -573147291 -571637445 -547974846 -539059554 -534042608 -532418517 -526142437 -524584253 -511559529 -489176445 -483952270 -481559528 -467973509 -456949754 -452317959 -449544577 -444078944 -439021083 -427507916 -410406977 -410134273 -394680213 -390318085 -373148710 -364275887 -360189695 -356816821 -334047642 -329095202 -317338992 -305076160 -302305892 -290795280 -290061573 -265786674 -257178156 -254420851 -250459609 -249506336 -242007149 -239385486 -213764027 -213421986 -211151876 -206344215 -193390355 -186010704 -166545053 -122974638 -120271244 -92676136 -76761534 -65588212 -64315857 -56158470 -35036233 -33416593 -28744200 -4809434 427194 3561488 11077585 21894797 22566878 47186945 49098443 51488006 51546636 53890227 66111649 99057710 99075681 123830442 141257365 144720872 157862511 190322121 208975356 273664966 289688152 295980445 307902280 309026716 319414043 319772240 327852909 329714467 330316376 335037978 341910029 367765064 374146609 392147866 407561832 407764842 409585237 422388568 423373717 425768501 436524210 447991516 448896020 449240233 465073078 474689385 478196891 480012419 495035805 507929466 516099373 520388327 529368101 536392836 543730122 554974839 563116039 567963275 569283077 580607240 582971688 584020494 589814575 594390474 612594380 614058759 631473408 669381874 683209155 690465757 690639568 691217626 691668646 696149493 704768963 704975502 725460513 734161918 748334641 752802267 774416790 776490527 780756725 795102515 799427988 800350766 803191361 834211180 848561108 852380936 868923074 877554214 880635939 907521328 911050788 928365206 936293400 938653668 957624209 964390900 970301608 978102593 986088433 999939873
200 -988189756 -944618500 -935262813 -931078106 -926468923 -920716841 -897098379 -896848828 -894141096 -892998281 -875427156 -873098974 -853149432 -848459003 -845093075 -793315471 -777490903 -769153980 -764790893 -752081328 -748037605 -747645886 -742657414 -730600901 -727456105 -716436027 -713096862 -686087885 -653142121 -646572773 -629987401 -628507591 -626561185 -626333818 -620672230 -606073159 -586187540 -585737920 -583363969 -577233783 -570391421 -555080612 -545561195 -542407377 -537436319 -525781892 -524473368 -515004865 -492487753 -491121737 -474242497 -456302748 -454486968 -454176411 -452144462 -445292663 -434559081 -431469973 -421831180 -421806424 -397113945 -395947122 -386753391 -375997809 -367473429 -340182848 -339349136 -336784954 -330549923 -330187762 -327979911 -327864901 -326752207 -324536108 -289014968 -288749220 -279240703 -266625158 -263917493 -262167925 -259296568 -255266415 -233974981 -233861276 -216710150 -212147414 -211217430 -211061872 -196791530 -186351464 -181259828 -173616170 -172190138 -162956848 -146328517 -141160938 -118345349 -111443953 -102288123 -95961051 -80573339 -77500517 -73995947 -61918632 -52215987 -48454937 -45351683 -44000136 -7078732 -1958467 267670 11696718 40512984 55465153 63923110 74460033 90786639 98227832 113867269 141380176 147520899 151744887 153810125 154220535 162409972 190126866 191476498 204545512 204730718 217910475 230219265 237029238 255955500 288734558 307686456 309428399 311147202 339139626 346158207 346692327 359317111 359574009 370551977 375549320 382960175 397831142 422275380 431604977 453240146 481127069 491039094 493807245 499916494 503756436 513685824 520949971 534360361 537589582 547608557 555311836 568088941 569099038 573992687 578913665 586874156 590103986 598901005 604119436 632695617 639558140 646665712 653586108 670578851 692652559 695122376 701315872 711308705 714843101 736925349 761582829 766047429 768232966 774175310 793404995 795259429 808583748 824658709 825907334 828846936 844378592 845234888 880354050 898697179 904433203 905077408 917962814 951392195 953898830 968981032 998902689
200 -989425636 -977631325 -957355558 -956892429 -953624126 -946303354 -945190263 -943593979 -940576052 -934390057 -929055679 -912241410 -903097586 -901018631 -890000827 -881008176 -859594878 -853764093 -847518216 -838593047 -832626211 -831644387 -827247969 -824716451 -824176505 -819844579 -811626360 -804300003 -783579583 -783335411 -750163522 -746613123 -745019140 -728331745 -726287172 -714812598 -702124614 -701249657 -689181914 -674161165 -673645902 -651808015 -648703827 -640754184 -639278818 -625822461 -625777484 -609729904 -583225169 -578702640 -553238534 -548940802 -540955463 -539035918 -525902254 -519997282 -496726670 -464152228 -438235378 -433070414 -429347864 -427981766 -422853217 -417010244 -403786812 -396697706 -395798709 -387149807 -375676462 -370013944 -362685842 -353449564 -341811573 -334178317 -321893916 -310569700 -309445824 -301525867 -301420416 -293325772 -269006316 -250615104 -239776336 -234364622 -207137841 -205099473 -203850256 -189921599 -176000120 -154206470 -154119382 -137432435 -96560878 -65508130 -65328443 -56833778 -53898384 -41402286 -27980632 -14900998 -6826074 -744256 13099534 14599180 33589806 35032833 39852766 51264964 85623919 100216794 100219582 101715363 118138380 138045055 138274966 141306756 145238871 174117573 265246156 283632802 315651489 326247041 327644547 330057023 355070584 360806018 363008914 369277219 370539262 379347062 382535459 392016078 401772730 412268750 412416029 415121584 429248757 436639208 441432509 446519209 448751494 449723519 456354226 466304002 471522548 476407941 477292941 485782680 500386108 533822055 535288960 567221187 567609159 568038984 568733063 570858929 572988014 574105921 580798478 584099647 593139513 607635690 607676438 609524984 611103777 615344572 617106288 621953948 626482686 632692714 645526803 653551053 660632709 661271687 669493435 674657077 676029966 684351917 684770326 688942992 721174008 761459867 770857678 774404057 786498102 789290612 796907778 801874529 802973194 809296109 814663829 820721675 825104325 832779868 896458503 906260172 908658620 947375019 951630872 991780231
200 -986184685 -982958171 -980800255 -962838858 -925915563 -869473217 -868582141 -855214012 -852365474 -845769583 -832393080 -822833032 -821607984 -816011692 -815910253 -815651302 -813566385 -812742854 -810593304 -808140075 -795539690 -786503434 -775318518 -766348908 -759885100 -755451933 -754123119 -734203965 -723221552 -699742453 -699469025 -692950570 -689491058 -687334542 -678017236 -647425809 -647044266 -646682189 -638120028 -633132680 -626648508 -626494235 -601356751 -571107856 -566128173 -548234521 -528087483 -500550678 -496580667 -478448476 -467335083 -450098458 -449816520 -433844313 -410515588 -403147576 -402003600 -399152037 -392790733 -356434927 -338167933 -330089962 -321454062 -315537593 -307867099 -292522840 -292485287 -288698679 -262777913 -261449717 -260506225 -250714995 -206541844 -206224173 -197591252 -196573305 -194363581 -183032559 -182383698 -180146493 -175695142 -147185259 -145645859 -134069996 -115797600 -101914817 -94676212 -78503531 -65729233 -62594209 -53477126 -32309260 -25930468 -24151985 -24125826 -17804890 -14807868 33336675 41027237 49700290 52320260 53034046 53661633 54935115 58060619 62084549 65020312 75933104 97422396 105140511 110916226 124278514 129592218 132033384 142208118 154177834 157282576 171992684 172439399 201456677 202250509 207173897 226998291 232319185 256424284 259399476 292967721 297221254 309707018 316911421 322108930 322583796 327341805 347612067 353768739 370081243 377528270 403962624 408663554 408731498 422833114 426789367 436882835 452850556 457119858 465834654 474318180 495427191 509330958 564326137 564741177 574976949 580077878 582653246 592195050 606625504 618478681 619325008 624204803 633117241 655878063 658573075 679290591 684362216 693224081 707382391 708491498 718787912 725318765 733566349 742838380 751603837 751878864 757805500 771085630 790040993 811373970 812414940 814697927 815768727 840067051 843015144 844288914 845012081 849022198 870464819 881087171 892089970 899965530 900896997 902130552 910667765 934042632 940007431 957648642 974934646 977894930 981862488 987643084 997406714
200 -992358401 -978107455 -961852887 -957180581 -956562830 -923919689 -907814049 -902909235 -902757154 -881516105 -874028171 -855749489 -835052938 -834974646 -822742087 -818935333 -807284938 -806720411 -804777696 -804614413 -799920711 -796022981 -790598184 -788553145 -787759212 -754942667 -736315113 -734591130 -728959437 -720305818 -705124501 -688514470 -685512252 -679580701 -677604057 -674484007 -659751793 -647996588 -639801423 -626722590 -606748923 -605813261 -592120852 -591747051 -590608381 -585766923 -560948339 -558124873 -539823279 -529858163 -528922087 -528441839 -521387154 -513697394 -507310647 -503555164 -503247585 -503072292 -502635876 -493746290 -487773146 -483326585 -481073697 -479518839 -476930115 -474974812 -469603982 -461818337 -453380129 -452400515 -434736907 -427136191 -404246881 -399657093 -388844448 -387522281 -382903504 -369708694 -361621360 -359795225 -356644796 -352225299 -350284674 -339210701 -333845103 -333037367 -308346037 -291068960 -277817835 -262914495 -260158307 -241687805 -240055620 -198088340 -191104431 -185534556 -152825890 -145781614 -142211083 -140445250 -131809371 -130601130 -121282979 -81697286 -70540186 -62246701 -60761547 -28439906 -21829703 -21166045 -15738238 -13668560 -7826702 -5426066 -2755395 3034950 7123126 15725586 16922665 33523271 53206856 84175690 88997564 105509294 105968801 115880056 122739775 172898305 175951062 179334173 187922932 200033734 200981974 217872333 222462785 225902983 256910826 264698613 271705847 306641126 307413071 314183565 327484388 368830517 370679422 377631584 380925352 388971176 401636278 418165929 423572088 428409960 442431551 443746973 460060585 471854028 472014040 475875167 477268621 506254029 524243186 526245444 527716903 539994817 544605617 552331268 556127059 561833241 562552548 584727132 589738204 593908303 616770133 635652551 653693735 662048478 679651604 688880480 693751510 727418574 762213556 762268826 779829703 784305321 787030275 789752852 794148297 822209983 824357720 833405919 899737336 907189434 917175133 926708897 931536409 943369041 961341909 971089402 973932603 996016945
200 -989396334 -983620478 -971842966 -955300795 -946845136 -939415269 -937972873 -914111782 -898891066 -897794513 -893993676 -891142521 -866637660 -863083641 -857041106 -846519737 -841462251 -840275603 -830548138 -829462991 -827669271 -821246408 -810739837 -759687813 -757074469 -745092114 -733646001 -725924916 -720317641 -715979055 -715457017 -700970479 -694363394 -692390530 -690053993 -674156984 -661176553 -654093117 -649179679 -648863051 -647422786 -644859916 -643003085 -621825636 -600511706 -592295475 -565428010 -564003090 -483434447 -483254669 -474875508 -472049083 -469450389 -436790787 -431395719 -427890554 -418257333 -417834454 -415547116 -414466549 -412713004 -401010519 -372518242 -372311388 -368914242 -347393315 -345507186 -335804404 -329250940 -327656228 -324287048 -322648774 -307053397 -284577422 -255418787 -249080445 -201753618 -190524784 -185046340 -183070407 -182736204 -171759051 -154635464 -141729000 -121525808 -110517000 -97701634 -82577611 -76746222 -58148448 -29393705 -27017542 -14848083 -580420 5882804 20987030 28069747 62755186 78675257 78856946 81278899 82596924 95789801 117125892 127515137 130415806 161265948 162566716 172213615 186829146 187883918 198599502 207224583 230135821 251438707 269943358 269949109 274901220 281973533 299619887 309291309 312937401 316893892 318667085 323288421 330051321 337206067 356273978 377945460 388228070 393307650 400003370 403646607 417159363 424975970 430174179 436849344 446200989 462877033 463604326 466241908 470288922 477773701 481144985 483353247 486906871 492228588 509356072 509485902 527804363 533729123 544129928 559658676 568521944 574266129 584889094 585012279 590827438 594647678 607073255 607919347 648124114 673979508 680024134 681088154 687824637 700520687 726880131 739087056 747822615 752604134 758534288 759209638 761317958 762371668 767915567 771310394 775655267 832553688 847400171 861976742 867470917 888298730 897768708 899200712 911877354 914563374 915981112 923474630 949632909 958904614 963189980 966473077 987823184 991699718 991936024 991957173 995287700 997720070 998467617
200 -995484978 -972588999 -961618873 -957349636 -953659639 -953025926 -950632945 -947075351 -940918873 -925487257 -900433517 -894560687 -887296640 -874522200 -874288738 -872642055 -869282034 -860308926 -851192354 -847733584 -829127103 -824362991 -805364793 -803661758 -767071995 -746963900 -744988761 -741538416 -740553436 -736268863 -727161832 -724772476 -723734118 -723482701 -699360364 -692472918 -689924733 -668371259 -635136266 -630443646 -597993127 -596295856 -592380635 -571490995 -566767695 -565701296 -558506480 -543137038 -542180172 -535085411 -534357602 -511068812 -507547382 -506393704 -496112079 -487618649 -476533284 -470952051 -453809463 -448959756 -446685237 -443690998 -443612102 -423916232 -409490086 -409012021 -390210411 -387628450 -383921541 -356011473 -329393200 -327743111 -324544205 -310315892 -251986752 -227685726 -227550706 -204375339 -187641253 -185662144 -180087684 -178173687 -177887764 -155484990 -152282603 -138256822 -136261342 -103096214 -96710478 -89876798 -72645396 -15509393 855107 31321164 56433272 57330362 57356932 98734661 102203566 111134689 128341865 136255352 167691234 170410944 176927468 187552215 191306295 196720942 222201346 239889453 247807682 253836763 260434807 261021688 263419530 265465831 267972343 268058905 273785384 282634745 292826398 297582673 300841233 306469463 328056099 358165109 359612337 377487726 380241428 382053049 396840366 400963758 401253381 416969236 427003001 435138313 441051819 472107528 481094820 487958211 493091091 493794384 494495220 511366212 520516801 561671654 572568552 576689988 583083243 584370431 587902524 588954918 599149514 603402040 606786280 608950024 623781661 628287711 644473472 652347273 657221531 659901343 671576163 684780114 687147228 688937825 696281924 696456088 720372181 736398477 747606377 749254247 768970713 772169792 781634733 784201191 786756396 802178398 803368075 811411912 813824445 826875151 828580178 857991794 884247553 885089005 892118696 893267719 893893968 899027687 905711804 910325477 917799822 919630416 945710910 959435357 959873870 961312068 982881969 986003226
200 -980902760 -968234605 -943037479 -936140553 -933102858 -927372619 -923891954 -914061864 -912646554 -905864127 -904504510 -902382870 -893298908 -885715943 -883577956 -855120866 -841602381 -837280453 -834373473 -833870405 -801228413 -775593180 -765835301 -763083062 -757209997 -724168205 -717392860 -710483006 -688026603 -684992331 -684078852 -680185732 -663462839 -651539246 -637864776 -631036536 -629453856 -628814299 -619229175 -597255234 -581718223 -575644336 -527861553 -524143902 -503709899 -499240273 -488549404 -472189668 -459109718 -453836963 -452063416 -442573628 -442133300 -430371994 -424786197 -423759131 -381117742 -376082655 -351373751 -335447894 -326657798 -325332986 -319081903 -312158226 -300969480 -275200366 -268771502 -264960490 -243242326 -238225125 -234144130 -212088869 -199545350 -193465228 -177715343 -173796249 -169173281 -167540515 -166279692 -161594013 -161169193 -155545463 -132033476 -121587939 -116146241 -102791369 -91881006 -74981015 -47789849 -39226958 -37614341 -23869963 -17418045 -17336192 -4251083 -1900941 10035712 18224069 38310384 63169109 63301177 68450936 70918388 73326531 86449244 90587258 102555429 119418799 121416840 134555407 168889375 185652007 187952948 191878390 200299921 201931995 209322251 219972305 224245327 228643580 234837320 246602550 247956671 265801315 327891038 337946039 339040367 340607718 343544679 343963391 347075079 347364744 350518693 350537155 353461043 354901222 368353854 371015603 402619498 404605638 406627962 417274055 417524827 422728951 431058277 444704606 455329723 456977813 464279920 493471603 493555885 524094945 525958271 541440746 555025256 555081980 556658851 558605459 559918671 564575175 578974924 584338922 592272325 595907594 618125005 626772273 629695713 655528918 717113802 717391403 720906100 736495516 755570742 765987901 766459430 780960467 803761815 810351457 816652737 828589574 842742846 843858896 858184459 861074759 878629352 885381199 892038650 894327194 919978211 940603858 942157252 947721966 958121868 963674155 970907316 979948885 981040329 990964316 998033376 998244766
200 -979608368 -957452505 -945218122 -944338585 -940725513 -925289887 -924193821 -918576558 -914420410 -898606376 -895080025 -889657692 -871339448 -851099485 -844434128 -844263396 -841272512 -839777666 -820943448 -820786956 -789908878 -789397207 -786319405 -773834318 -771838339 -763269172 -762983709 -759696348 -751142895 -742192134 -681114949 -671526707 -667669324 -658790086 -647730608 -644941568 -634688654 -624279504 -603189338 -587675072 -567132467 -551879915 -535890624 -535654271 -534034429 -519333949 -505775898 -504691953 -497638576 -475349369 -470751038 -468341441 -461335672 -454029997 -443246734 -440688057 -423804616 -413703967 -408041208 -406466547 -396102870 -371427067 -369908882 -368440191 -357298004 -353267820 -337504659 -336857098 -330152010 -320157113 -264321538 -250030916 -249233013 -219217807 -213857060 -211931499 -194484130 -185795994 -177148261 -176242923 -150101354 -123612979 -117213300 -114996246 -104977229 -104229524 -81387088 -76940190 -73006194 -71952377 -64573864 -34392730 -26279397 -21666989 17638450 18281357 35876974 66798055 70154246 84169383 86510970 89046868 118987923 132018069 171738842 188008064 193169533 225359778 237137933 258511685 269804587 270094152 274430009 276478413 284358701 286726844 287055701 292567157 297088724 298847541 321400322 327248146 331037953 340838338 354135899 375999285 385005636 393266812 408945574 411367297 411619188 413934186 423859523 424253242 428019233 431893029 445155119 451197001 494183955 503298657 509298504 520963449 527139033 528364667 532523330 532662238 540253505 566580612 573503113 598319998 603591867 604056736 609656294 611349063 623722514 640382738 644454321 646251985 647859174 649990136 652400040 666244693 669886395 672975213 674426429 679521589 685342706 701474601 705223849 710491585 717771402 721084850 733123088 744800488 751132302 754173056 756002875 761767149 774064615 778953367 791959597 793299316 794903389 797545697 799164127 800515613 825832335 838126936 846658348 856044643 858296051 861139949 881779948 881924981 911517135 964306842 971766102 977505713 991760185 999480332
200 -991586535 -984728134 -970569368 -945314361 -944662358 -943472444 -942487369 -942212241 -937601127 -925867015 -905493896 -904382767 -903318494 -880304729 -866993548 -866022487 -865110156 -834919380 -799305887 -797193112 -787329146 -784378850 -767942647 -762217917 -743379754 -741585414 -731502927 -731358632 -729629354 -711958175 -696327104 -692754984 -680954295 -651689464 -646974670 -623232738 -622107300 -621466285 -619759726 -605856475 -601747696 -586778610 -582578663 -578028939 -573987853 -573150446 -566172205 -564264890 -556286861 -545330106 -544172519 -541687478 -538950695 -536931101 -522281417 -520951393 -509861390 -485137943 -481231856 -480209273 -472349578 -457104369 -448227760 -426641768 -426038693 -413860809 -407132918 -403819735 -400435630 -393669885 -386357187 -384845869 -372879403 -370204763 -365461324 -364549085 -352733295 -345031352 -331738041 -318938502 -302466847 -301645520 -286604628 -274159718 -272531154 -269309823 -255742776 -239919489 -234671138 -219805305 -207763458 -202431289 -167335738 -166744438 -163938065 -146635548 -138571008 -138248797 -125830581 -124816087 -122729438 -105901589 -59865372 -51075793 -43026144 -40319664 -39973199 -39503495 -23511593 -18826123 -7511520 16983117 24770740 30640177 55937589 65623638 67743307 69876631 121157190 122226001 129764177 131349031 138153830 141136226 148171978 203838315 251800745 274572271 278887339 292051419 299559965 317386286 327207290 330309447 337153726 338307454 351814778 353118728 379963365 384298005 397214739 424996851 425137067 429267162 431005339 432327219 438732621 449063338 459795838 467356196 486998875 512097003 528913004 535890562 566033519 566101121 570376413 578393720 594409266 608620618 609345378 611876595 629373375 630156674 639144519 642510446 645188199 670316703 673571725 678389993 695118389 705615868 709320596 713246876 724370382 728334111 741583972 746583687 800909781 811606516 857920076 872825677 875100755 888785717 889619948 891497446 893017705 908333060 916413721 919320081 922145435 925685194 931321775 938034515 938674137 946694521 955155382 981962901 983718308 997964383
200 -997389273 -991661260 -979832052 -961727204 -945816833 -937531986 -917581972 -905708121 -885535287 -881688085 -877378826 -865645861 -854552252 -850247973 -826395876 -821202131 -800171161 -793506183 -788885206 -779431593 -771083192 -754456712 -751431081 -743788918 -721471036 -712877116 -700932192 -690008769 -681864923 -671741161 -667964705 -666492313 -664024661 -644507062 -591131418 -585711101 -570179425 -563566874 -538643579 -536928037 -530389893 -524732883 -523006538 -520229544 -519756967 -516762310 -509446876 -506280857 -489201212 -482949807 -478709240 -465335125 -461081356 -459773377 -451930740 -447255255 -446681146 -434458800 -431274902 -424598739 -399138451 -386823485 -380619868 -379245851 -373973162 -360195462 -341167497 -337904857 -337292564 -334984089 -331614632 -328165345 -323707191 -286341708 -267287518 -266785666 -256325571 -220592932 -206235712 -205689750 -200270177 -191955032 -163259604 -158721649 -144524535 -139936194 -118835161 -116491767 -114344573 -110556165 -86128113 -72702778 -70578858 -65936528 -56097513 -50233184 -29601594 -28441324 -22480345 -16910329 -6483007 6760237 16004509 32222349 32722514 34233941 49891513 69404376 77653344 96701178 97591698 109222428 109561358 111986824 116170861 121656112 125236641 156501191 157450658 166551718 176029109 180205534 187356934 190803467 194486007 194730313 198384982 202859907 221801599 224924661 225361653 232329678 266212955 272641368 273314004 300991799 304285010 317758246 333157107 344775147 350387496 372980211 377485390 378340380 394847180 399970416 422885343 428526634 436186476 447196795 479910584 484257489 486187117 501729021 506923594 512481516 516276166 517733108 537882105 555514514 565020569 578388578 581103189 584748765 587190608 609201526 628358414 650802441 654722361 679950632 689358549 691706031 698998127 717121350 723642912 726051658 728686208 731787967 731861660 751664405 761199780 765368895 767853875 773791103 801980010 803218731 823316837 823706019 827506303 830684100 844123601 850041681 855677156 875770629 887410074 896172485 899712313 908606178 916429114 926601660
200 -993096348 -974098627 -972515989 -950095913 -943719500 -941998555 -938885402 -928693698 -916870519 -897825315 -896000031 -870714626 -861885126 -846667663 -843897625 -841897689 -841363174 -828144748 -823027849 -796225475 -782410458 -773841373 -754099696 -748591325 -733175582 -726537769 -721223273 -718857557 -717513240 -717094082 -709956243 -704515834 -702507632 -701291594 -693534140 -683902060 -682638691 -673452626 -648335881 -634155993 -626146305 -612609527 -610213048 -596548506 -593777565 -584248355 -556715786 -552497042 -549541447 -521157654 -518285204 -516501025 -506921537 -500760048 -500055480 -499637411 -494659809 -487350714 -439495040 -430417527 -420470081 -404849274 -404832668 -400753027 -387432909 -385118251 -375226347 -369531224 -367524796 -366311639 -359244986 -358471752 -348776839 -345583836 -332914745 -319741709 -317015956 -298240021 -293051131 -270258409 -255637273 -242890825 -240686815 -240102034 -236210585 -233867822 -210810413 -208329372 -208164503 -161386035 -158197318 -134787302 -130350144 -115204584 -104864809 -58421680 -58139155 -55258912 -53527975 -43399894 -34345034 -33267041 -20276898 -15183406 -13030463 22909937 27858665 28919805 45686861 73926346 79105646 92061997 92127761 92927627 94896381 104611985 132078472 165036544 165901868 173850016 179124819 189844889 199940733 208559706 234335287 238505376 244016861 283461951 293811478 296116043 315362710 316528244 336092226 339143887 340207328 358176616 372758125 389505699 391193856 456394454 477770298 478102469 478664703 481298200 483670784 485227263 487513496 491744507 492070613 519221345 531194672 545394465 553994648 556372331 567782548 586148013 594091308 595591179 599764513 602292752 603413816 613195718 647071136 671312912 677393705 689937109 695436084 712381272 713442943 716098957 720292018 724254450 725434915 736941321 751464117 754752432 769336588 775336766 778450530 798083201 799038133 800815320 806515774 828588389 835991520 857412269 871495853 890083414 897638889 907352500 912181964 912504748 916814522 939924446 947003594 948596477 967759636 967952762 969028471 994742648
200 -997834260 -983996308 -982869010 -981673624 -979738451 -971391310 -970389117 -956771529 -938470821 -936766330 -923650256 -901320176 -894951355 -893456539 -892022696 -883697294 -861115626 -848620599 -844614110 -839605040 -836987512 -835930883 -835180990 -820350394 -817147242 -812602899 -805273107 -801625026 -797962399 -795289834 -786454832 -785724337 -772600139 -742473581 -720549734 -718876445 -708221457 -702380559 -687437672 -656639995 -655149358 -652867463 -646338736 -641164791 -632342255 -624274873 -619065108 -617529947 -606267367 -590887023 -579571864 -552736119 -540588533 -503439651 -499805002 -469280321 -460533449 -457244190 -436816480 -428423721 -411786814 -409571246 -407596975 -405784648 -386677037 -367341347 -357458552 -343737196 -343604770 -277762041 -277328640 -273205767 -270652415 -265844995 -262717312 -256439980 -243676870 -230683921 -225965365 -214420783 -211200416 -178065162 -171127616 -170466025 -159443909 -155025851 -146512801 -131673689 -115508503 -110572913 -103629277 -101830855 -91359458 -88346432 -86468576 -85301250 -84981558 -80937434 -77538586 -74880620 -68446449 -47481640 -25256711 -24050330 35597102 37049105 63374960 72017901 74240865 75446336 84605941 100964016 110824885 139519639 142792876 144252857 162798318 162828934 170416223 175814383 184643255 195738720 213204925 223155872 227621403 239923769 240305570 274192713 287038457 290919819 295344488 320688233 324066081 324234778 330956918 332534265 338031983 341414947 345646158 346648793 413849169 434312731 438195412 438356832 477316694 480834406 495673157 499199726 509051545 532918815 548102095 553879094 554106235 554628431 559130127 565113716 565868519 581325770 589820218 600800603 608613098 613025500 629321814 649399114 652434510 653765672 660992874 688017985 695431896 711084830 713118338 750599983 754069020 789474385 794625527 800449502 803202770 817385337 818669866 819637422 852426708 865626454 899411514 906212935 908071356 908644289 927311802 932654324 938757449 942242162 946404907 948941635 956355398 956821596 961737484 968302042 972817897 980627067 986500204 993532662
200 -983324243 -974077530 -952168192 -940414823 -937071685 -922063635 -919654245 -910806193 -897163613 -874318729 -852983338 -844902651 -834746258 -832654886 -831753933 -827068992 -826331667 -823225346 -816433557 -812193197 -796139944 -791501895 -781757250 -780496277 -758153701 -753169646 -737185390 -732914057 -714371224 -688450968 -678884229 -661429827 -659816461 -649071867 -633820798 -627171203 -616844530 -603813607 -596355358 -595320691 -593939762 -583717594 -572075519 -571781255 -562918169 -555785700 -550217736 -546434988 -540264489 -536927111 -535758286 -522992384 -521196096 -518056471 -513469781 -488722063 -486690996 -459872586 -450824652 -442387951 -430777599 -383731540 -368094639 -366277936 -354395666 -342543259 -332418453 -329298734 -317548592 -313140888 -298698402 -281282937 -279531372 -272068433 -263990020 -244462325 -237269332 -236875699 -232520503 -227648556 -226581016 -217858996 -204474546 -203055194 -182034684 -171240501 -162422717 -149133037 -147935141 -146608299 -135317880 -123130616 -94980297 -80610782 -73713478 -69345326 -55323825 -45277151 -4260246 6580976 26743172 42587288 47835762 98915927 109956899 112741579 119644350 120837937 129607800 132787131 135555291 150620878 165071956 177240874 190116017 204690565 208586016 215910280 228048194 230398265 231320525 264171165 264531755 264586337 284614992 298368234 300672458 311034598 313061135 314845550 316071841 316175074 320728649 326019981 330384434 342822650 362897163 363475612 363498115 372167574 384571539 400809704 402787133 414098776 419275903 420092269 424342057 442459338 505728659 506067512 511528899 517876970 523502971 530699137 532741163 544763968 547395629 563056807 578295846 583972376 588310058 600488159 602869793 603552737 607625430 607909838 614098606 614715957 625408813 642409859 653424903 655382168 695416030 712727004 714859177 739108068 743871222 745340348 764762249 773526543 774583183 776235755 784244015 809107389 814710258 821602660 831732796 844975504 863295391 878162343 893175498 912775728 935334194 964161143 972734084 979406864 980977448 988479141 997089190 999263280
200 -992986106 -992593021 -991209467 -989604152 -959489921 -946784172 -937424756 -917280972 -901128478 -890542488 -871089155 -864214828 -862984669 -850355686 -847531652 -824081697 -822932181 -820767347 -819942094 -805344390 -801537960 -794661488 -792121483 -790448549 -780238738 -763269759 -750630463 -725820718 -698250596 -696649108 -693946189 -690432773 -682273028 -679032926 -671150488 -661561140 -661083070 -653574692 -645892756 -637379832 -609047630 -595259522 -595055503 -590617143 -576751989 -560400075 -532726275 -522572094 -509557524 -499553250 -489683422 -485891940 -471389448 -460693099 -443838113 -443498064 -442274962 -439862932 -433967752 -429887315 -426481567 -425483846 -419733727 -418474087 -412681125 -409225965 -401547688 -393116524 -388629606 -382157311 -372151649 -365973337 -353789926 -352825187 -339510422 -337548150 -334930221 -334354097 -331599222 -329580036 -327107529 -317153983 -282152328 -261339214 -256038771 -255365041 -252238250 -245344123 -245284641 -242878447 -239407394 -221666533 -212298965 -206628285 -147428503 -122623593 -122098069 -114637146 -109084279 -94843484 -79991813 -78296209 -68757634 -66287029 -45852900 -8663804 -5569247 -2838260 2251943 9501643 21117996 31924343 36612960 40196560 64802128 66282990 79201147 91535881 101464722 104095293 108860728 117899089 129695514 135578880 142782251 145291958 162391710 162467387 164983063 173333373 209404306 214177559 221957423 240008077 241350201 247876731 286310248 286790798 287746101 301178727 309715803 322132967 323940426 375883256 390102895 391303018 392592332 416018926 419990276 450650207 479820931 486663803 487728544 489153606 490486064 503800756 507044622 515203698 522197736 523061529 538035629 568605509 576421606 577317435 591147780 615309082 628944324 645961361 666304937 681739580 693489745 699032262 718188273 718912010 763190250 767696138 782503967 788499463 791839332 803814595 821372812 826202017 830028207 831196229 839823862 842923180 855193871 874712879 875684155 877436655 879554949 885931841 888130905 906237372 907118560 924551577 939819098 953461585 961654074 995407460
200 -992890014 -982542640 -980687022 -967981119 -967739555 -965521388 -965396858 -962911752 -950116986 -942293592 -936908669 -909885485 -909785648 -909216085 -909038422 -907574630 -891945341 -891331410 -875499057 -871071446 -867011812 -858914958 -837867542 -836966707 -834563059 -831064021 -820982027 -756460804 -737668705 -722564415 -698808196 -696344137 -696261433 -692003193 -690664738 -685571069 -675975512 -672960981 -670971198 -666747711 -666498511 -663640017 -636608857 -619125294 -618327445 -616398859 -595800756 -581806308 -557264285 -547116451 -543215090 -520311965 -514625539 -507447999 -498430941 -473790766 -470194052 -463907442 -451428219 -448821447 -440427121 -415700872 -412510946 -409845397 -391956195 -380398975 -355054526 -347548430 -345422237 -342336769 -341341107 -336068474 -323560307 -312322619 -312175475 -308137616 -306021892 -305662232 -285193120 -241014421 -238500558 -227483207 -215693930 -215398617 -202982696 -202576576 -202333247 -188923983 -183261960 -182713892 -172581229 -167619047 -159541056 -159357009 -153385339 -141578254 -102577547 -82441554 -72707515 -72346563 -59844322 -59131271 -53332431 -48714505 -38460447 -37933201 -30361595 -28480068 -24946430 -8402004 484647 3399104 11484638 33647390 37185706 78456673 78507699 98717585 102952826 128200800 141006973 152706757 156107206 167752615 171254717 180084014 181419710 218534992 241108760 251300785 252759877 255531476 260945751 276199793 290434548 316329289 328460241 333344969 338399070 341959015 350539342 352205954 359578374 362976872 364451286 380559473 386304892 411716760 419355430 421042369 424849926 434028114 435661528 451534992 457082391 509381035 513832082 515890215 520281075 520726732 563088967 582035263 595507799 619733358 651186207 657858095 663838740 700231886 706747308 708248173 716852710 761164943 765540881 803079299 825844876 830345072 832153307 834288020 835498713 842227475 856369963 858671899 859315672 873653351 884508692 890660111 895935127 913309099 920481661 927263820 938341032 942178204 961872313 962151391 973725354 975153376 978961348 983333126 988950772 994001324
200 -991147967 -978867685 -963836299 -941404170 -941308743 -916465585 -911516177 -893731860 -890520242 -884762710 -870515770 -839492833 -819646976 -785444003 -777192978 -772839886 -772616850 -769242438 -761160986 -752332432 -725824569 -717198521 -716162110 -706559636 -706537104 -704756996 -700285844 -686030400 -678495996 -669374177 -666280915 -663321004 -631375036 -625003505 -613314780 -570273946 -552757860 -508634415 -506961246 -498123244 -497166995 -492737906 -492452580 -490589516 -487674971 -481868950 -472003217 -469795673 -465847167 -448295046 -446804744 -446722071 -438136277 -431329268 -392215588 -388576742 -372161497 -369359298 -361314390 -316273759 -306230885 -296029962 -292545427 -267177292 -255885448 -253391845 -246546330 -236284545 -219645194 -207553066 -205801083 -203556498 -194320290 -192783407 -192192365 -176424336 -172751699 -144585802 -141433152 -122518489 -113242036 -112612843 -92009338 -74783872 -58844572 -43855023 -36670498 -32561304 -26182792 -23996424 1919302 21088814 24170211 53449249 60008662 62678307 79563913 96842942 104657363 105242076 108794971 115109818 124744047 149099465 153606331 159943335 161181385 180576308 185747487 187420463 188569530 190239046 199048002 206179614 225913159 228408154 228609748 256674004 258233980 270458082 273045850 283145553 295427481 299165472 313735608 320651166 331760978 332585947 333535907 340172148 351412528 356282182 360026430 363842208 369351501 371964885 376509734 379250778 396470145 400238529 403444762 406128115 406866972 418243325 439721607 453014760 454408570 458117084 460110024 467481251 470495417 474112952 474858475 478892189 480052169 482062550 488097085 509169678 522695025 533709257 536389476 543694471 556798954 558357555 563835833 563844232 570297424 585911958 608923651 622697356 627260595 628310589 630615968 631740251 661594302 664074573 697823744 712333320 719698202 721253714 727800229 746062682 793662333 794620602 812937613 813005260 814978942 851855324 870445432 873452938 900246006 922432563 929097564 942619815 945598732 951924368 954162838 959299668 986249936 993032673
200 -993454414 -981646720 -970987102 -966685614 -946516665 -943607438 -940083378 -936558845 -930910223 -928958855 -916652325 -908774317 -901861370 -898558676 -886319388 -880084417 -876086706 -874180816 -871562744 -864739658 -861773646 -855196384 -848977203 -833414900 -829557311 -815218340 -807772638 -801682196 -798272970 -793974035 -762814057 -732779682 -732238248 -720075746 -679529435 -674725494 -674259511 -661277534 -659837673 -641773658 -629649321 -623112010 -621178468 -599539371 -597164687 -579953384 -566099851 -562244334 -554115725 -527252512 -523400463 -502601034 -502093807 -484492252 -481455272 -471885989 -452397069 -400485069 -394582984 -394494684 -378255204 -358281572 -356266653 -354480429 -350779559 -343111313 -331083907 -322039161 -302202833 -290014625 -274976143 -248395506 -231980102 -226271997 -225210112 -219557886 -210056992 -180655327 -174245709 -169742458 -154910646 -147767088 -144617859 -143857676 -127622828 -125764377 -121007252 -64101261 -50720252 -39481958 -24202421 4641102 11122842 16723373 20751600 41568873 48056832 53935666 57807103 58451369 59988933 69963996 75402807 88320247 106223016 107057934 113977220 116954581 122848560 125290838 132142635 140180685 143194444 148428839 164162962 178215486 183243898 195742659 218883032 230108115 233601427 233714826 245821524 248653803 260681545 278223753 282872626 287519566 288193318 288578428 310418990 320906668 321232252 345083705 347960183 350538245 355358163 359907127 367261270 388326127 407564267 416893582 422191491 431763645 433161735 434286468 460954800 461171012 487776040 494091191 496813435 535637065 543808113 549929304 564443395 567221830 574569462 577034834 578225580 594554039 601802071 611187726 617304070 626856507 635111261 636592773 644548768 646743508 648121633 654352351 662374867 673656749 678365105 685501209 714740396 715062157 719517535 724192227 725045964 733486104 742549782 746524870 753028933 758419175 764639475 802828392 825172268 825211948 833784816 834795105 838334259 839338843 846724765 848306181 886648848 887348724 902342072 915405420 931873270 973964769
200 -996209870 -980012832 -977987981 -967712332 -962251946 -960404049 -943994602 -942773698 -938753464 -930046937 -924246553 -904466466 -900704836 -880551191 -873945456 -861786614 -822245976 -821293283 -797238546 -795258871 -783039083 -781694955 -765693928 -765428105 -765199002 -758448187 -745784616 -745179860 -735098195 -720522589 -718423683 -703386105 -691925147 -687733882 -685846728 -679438229 -669027225 -666821860 -662919166 -657584258 -642255462 -625469777 -619872041 -617630232 -605297628 -600707703 -583679538 -573425329 -570073087 -565757178 -562702814 -560520559 -533897993 -519481372 -509012371 -502023688 -488410659 -462436184 -461852932 -452162591 -441391473 -437471558 -422846298 -414923765 -410315194 -408941461 -403493262 -387316897 -386597092 -383981322 -383836336 -381000553 -380451664 -367615609 -367344136 -363938548 -345673919 -337937689 -337403754 -331392472 -303254345 -270817609 -259678198 -243676546 -242604663 -242346668 -236097842 -205435229 -202761952 -199920382 -198441163 -192193479 -182495982 -181266101 -176891863 -176270719 -174260661 -145816957 -140409052 -121313404 -116110512 -113465881 -98948558 -84369912 -83040384 -76330442 -43054444 -30952356 -9811948 15828686 29043233 32678420 35082009 41112028 41945231 52765424 71499373 80734729 87042485 95110780 117658517 126117522 127631718 131121368 160797856 173962257 191953274 223203391 240198504 243949373 251473018 263306338 269625700 281053884 297467755 338544054 339299413 351620712 363193767 367396459 368427646 382821261 417512993 430584161 444793931 464945204 485691914 506933458 514980866 515580295 516814043 532475889 539046456 547820624 549228281 554463188 566552622 571322568 572786322 595241424 597722095 598735248 601818535 602297828 629506638 649352152 651500818 659007389 667586526 690295002 695006770 699005242 702136209 705439846 708598269 716489122 732286383 754952658 763083899 772223350 782679089 828999963 832945634 837553972 843611436 850019839 869223751 872315800 876236398 883193739 892624750 894132394 903985554 918751457 940374185 951408847 985012310 989163331 990911441 994130680
200 -989840305 -966445253 -960189439 -958236328 -949213830 -924271460 -920406656 -917028164 -901397680 -896117108 -886823899 -886485840 -878083082 -865764843 -864814875 -836278971 -835864425 -829679868 -826449956 -781189271 -769717444 -766248853 -741939034 -737943826 -737148711 -733593547 -727559457 -700953691 -695146349 -692362793 -685533543 -680692726 -670479419 -643956591 -633653839 -628711624 -602008819 -575992533 -568517162 -553720590 -544120042 -521941877 -516886996 -510202977 -498336982 -480528580 -473596986 -460237695 -456444164 -454689998 -451187172 -446458495 -432039682 -421113050 -419589604 -417347630 -412632792 -378577542 -368695314 -354672803 -328881622 -320750310 -317812598 -313629485 -309951565 -305813391 -294995550 -279453429 -265177816 -259004463 -248894898 -240368708 -234172720 -219097164 -217430884 -212600358 -201877319 -201252180 -199684197 -191901752 -184840166 -177573189 -135421723 -135190410 -135158859 -132477981 -120058256 -98409043 -94289771 -50097968 -47341873 -43111308 15610722 21869332 27783818 46112942 47216488 65499325 72948056 81474408 94781184 120218106 128757220 134462709 137160019 142200258 148565116 153164342 154384994 154480315 172429287 176940912 211233211 212893006 220968107 232409602 240583027 286326231 297978260 298743361 339031668 342085620 348554839 351532262 352361451 354194669 369316849 370098599 393512830 396682844 401541575 404001885 405454447 408490397 410555462 423499911 433385234 447625505 450726906 458797625 459317883 460650836 467940589 476806128 489292059 500283265 514423053 515205695 555302825 568129177 582501757 587307012 599528205 601657947 611833167 625521595 629531693 645758077 654008818 667575130 670101760 696851546 706874173 714005703 719127431 722213047 739285899 742919335 746272176 753921041 761403231 789948188 803864478 805029423 808867348 809266803 822066275 828958956 830025447 838196177 844706966 862427823 866191811 873948453 917590101 933231479 935368990 942818103 944223059 949302470 950495867 952483688 959316364 963824553 967847963 972394877 973525459 975317935 978397335 989871631
200 -988179019 -985750938 -972484426 -970315012 -965592907 -941393058 -920844069 -912064818 -892274947 -885788998 -884552810 -866356220 -854686977 -850130594 -835923504 -834185437 -816640647 -781327575 -779939615 -776193601 -766328528 -730593625 -700363141 -696854601 -681320740 -674811308 -665411706 -655627753 -649059088 -642074493 -631305145 -622189062 -619148293 -608311757 -577430053 -576376022 -567399612 -565060941 -562872065 -544928326 -535013481 -533392652 -519986125 -508590115 -501897566 -470601993 -463325307 -456863743 -454976708 -438863304 -415940830 -411999281 -399379699 -395251921 -391195846 -366716351 -357517525 -356534552 -352121090 -347034752 -323837753 -320249145 -318866494 -313199064 -313149813 -310053094 -304943234 -292287889 -285119362 -283492434 -282977141 -271527104 -243134548 -228639686 -212143321 -191252657 -173593592 -161000118 -156401540 -149274753 -144658038 -144425886 -135106425 -109634065 -84876842 -75548697 -74850181 -66046115 -53138218 -43936258 -37014031 -36269410 -28422113 -27546293 9729503 45299120 54839932 89603381 93024869 93633604 94603094 97061877 104628318 112079267 112336161 118597184 121176479 135517018 138687081 139572381 142122315 163496553 181406064 186078878 193320597 197321858 226760937 229194660 255697721 273955031 274317464 281804767 285885423 287715400 299960563 326026484 328165754 341863138 347457987 399988412 402873275 404031764 422560682 427040302 434005490 436768454 440145823 452560520 468583520 473611495 494003741 502825698 503803372 507175007 525666867 530195741 530441063 538389883 546281587 547884053 548133035 555994019 585361204 592213607 608035297 611858486 616018505 624551865 650271262 658727390 667436914 682567297 691440919 718613571 719369010 722187598 722661473 739459095 765487406 781926497 785525457 801486738 806125780 807425898 817939750 819505737 826704097 829122018 829520039 835836303 841193648 857118814 857523885 860976189 879643208 902166075 912911006 916605326 916915292 917847902 927308594 931451030 934951592 937269281 945910531 953621669 967250053 970364789 983838953 985096288
200 -985019383 -980022513 -978910117 -978715615 -970175560 -962075147 -960409014 -956974957 -950596423 -950499787 -938397895 -919365783 -895187525 -854818617 -845790108 -845039629 -829892697 -807290234 -801560002 -780059598 -771446762 -770203991 -752731560 -744873764 -741922344 -739559630 -730866651 -730042525 -717794196 -699343412 -693424921 -670443334 -668855966 -665106292 -662430364 -651814377 -651260649 -646911801 -642798346 -641478286 -639135620 -626206651 -623899580 -620224032 -612900639 -568923323 -567806019 -565409508 -524905887 -522992258 -521541266 -492827006 -490035941 -488802096 -484318157 -474092832 -473337166 -461420470 -452164474 -447879357 -441291221 -430260921 -425907673 -423545732 -419165072 -416630221 -414071979 -384546909 -383382032 -379931552 -367274353 -359272661 -351692891 -348660991 -331012606 -328218344 -327496038 -306132019 -298778911 -288270686 -275594843 -272014929 -266680451 -255797630 -255341259 -229644693 -215630314 -206228808 -194959689 -191437492 -188748381 -180420884 -175827397 -173557786 -168509428 -166996000 -166786380 -164265549 -163772811 -160557978 -149507305 -139275584 -127619104 -127595141 -123689592 -122306990 -118711709 -104092025 -92208554 -57655448 -53595784 -33807003 -24785638 -20480464 -18102863 3904178 6593289 11289598 14548311 42637556 44768607 78741848 91401700 92902696 101014146 115322045 128110114 128857017 130929017 132444608 137053336 140817961 148116870 154631863 155379817 156165207 168657755 195901055 198322520 199621852 203348841 205338483 210361133 223923503 233226573 242342873 328387999 336295224 350202673 353073384 359002286 360696595 364389426 368027892 379579784 382779066 382969725 419517977 444883709 448665182 457922381 461344657 463052789 466623246 498394980 505632132 509362185 527528172 536690677 549912351 559682002 601914833 616040621 617061505 623988442 626873918 659019573 679672728 679934377 680147788 682568052 685939254 720905809 728022886 733021399 736778806 763333540 794158710 796242545 810854130 819263016 827209479 838895958 859545188 965251708 972203160 972336119 972986675 984943924 987240379
200 -980801601 -974509930 -969253832 -948544986 -938003442 -934124930 -926510271 -923055421 -920346700 -919429406 -918131937 -915846311 -906943254 -898095084 -890523167 -869848565 -868613215 -863313301 -841367853 -830041009 -826910166 -819827234 -815841315 -813751379 -796354136 -795583585 -794701283 -788404805 -779505148 -777197784 -768299078 -768096701 -759723515 -758241863 -757275947 -750642395 -743343088 -730141661 -728463277 -699163613 -696624960 -686736474 -679892457 -678477455 -663294172 -662187524 -649519350 -644489153 -642545446 -630989252 -619317811 -598724613 -574331228 -564263780 -556832249 -546623293 -532746400 -525517370 -524104177 -520168838 -520029613 -494624835 -494195234 -488032828 -435286599 -422241067 -419100830 -405387044 -400878198 -395669416 -387896897 -383513316 -376974718 -376458481 -365479632 -356410926 -338678081 -337828060 -330531932 -319842744 -295898805 -287875030 -285234909 -264343537 -259094376 -229253749 -189370173 -184879176 -181056495 -164680909 -147707295 -145832976 -136076485 -133382116 -127632636 -125423360 -121755096 -106502551 -81539226 -73171410 -72757397 -67518368 -60026929 -52805085 -43322704 -15176013 -13946225 -1876598 43334653 47188953 57843183 67004864 70577954 70915681 91833082 116108459 126997676 137801459 160791981 162518864 182784250 206021535 216240262 226263001 238178782 241335388 252776273 257189698 267497593 278356629 282175549 292383524 294764536 298776317 299166208 300013695 301306594 321142739 323629381 333546254 342600845 350320966 362947461 371163206 382042243 391068602 413941002 441499150 444182018 452505209 466846413 504338034 505335105 524509570 543961440 554162041 566057886 567234669 578040437 584752811 587616289 594302560 599143082 622623367 624272044 654295639 667268986 685396594 695800665 705026486 706066189 712053942 719581964 730471689 739629310 741499244 750429434 760975467 777590130 788206402 788969650 798752998 805436322 819853777 824408287 852886886 888703976 893379475 898845992 901843910 917701481 922910968 933377133 941699632 946297280 946645603 957543247 964908920 983927551 985122421
200 -984612726 -972335551 -960266558 -952040999 -948221646 -945715070 -945367257 -942525864 -934972512 -927693352 -920939461 -917377931 -911694260 -887916059 -885863341 -856613018 -851844317 -831099096 -819733317 -819043969 -814209847 -809932169 -784880252 -765233134 -760835551 -760246496 -752399586 -749745312 -742642525 -733829306 -722729616 -716069040 -711444721 -693983246 -693284412 -686615332 -683126683 -644491572 -643876935 -626339180 -611225314 -609139485 -568657445 -559558495 -557832979 -553937458 -525120759 -481785334 -472437111 -458265322 -447860148 -447491024 -442895489 -417981165 -411090067 -405425089 -404929684 -399753527 -385972163 -364299352 -359780456 -358365752 -336151792 -323252751 -322201169 -319310782 -318066672 -280468688 -275667759 -252833109 -250408395 -232931690 -228511791 -227284762 -218424588 -203700336 -200008244 -195130643 -182091351 -132096786 -130041537 -121820558 -117326071 -116608153 -113812836 -102385422 -92170056 -89622060 -68420350 -65474623 -58799056 -51627128 -37156544 -33330402 -31465291 -29510006 -25442571 -7401497 -5158790 -4603604 -2803853 9662608 24680010 35429647 49104167 56531929 63926382 73843215 80992275 86044976 95623109 96110377 101753981 121913487 123586338 125988555 126010165 129871826 132992038 167265201 192482863 193148001 197318828 198637221 222864263 247761773 251262730 252390215 256112330 269888317 278323508 293428101 297202410 316627138 333752768 338565499 371011734 371525254 375652556 400423751 407154095 416372992 460102738 472417134 485273727 490436146 493621012 497783981 516106953 520366871 544456860 569971053 581433197 584276421 585754661 592260106 597292828 600520992 610327014 611002480 619243764 624262035 636294055 642174400 646958907 651627394 658774743 660393253 660887493 666399687 702406117 702853884 706844337 710862340 761069221 791960519 802359755 809429111 812642036 813091693 831323695 842130888 848499835 850628834 869610319 875797533 880221072 881647611 882309316 892353996 894243518 900194201 909462277 920843908 924554111 928830919 937918917 967219993 974615928 982056872
200 -991975901 -976555139 -966366022 -963550457 -946576237 -943918420 -930047965 -929141636 -914988444 -914786732 -907840657 -905437234 -896504129 -873247268 -852377637 -850673846 -842166961 -838438719 -826141403 -813859701 -780746436 -780581672 -779896194 -771070165 -751812747 -728248575 -721948899 -712043242 -704216614 -700485467 -698252077 -685877353 -671221164 -647659187 -644643509 -641916584 -630444232 -589863032 -583665121 -558228601 -552469830 -543297079 -502929401 -499192053 -499097462 -493839979 -457375329 -455148156 -444339403 -419666288 -392634070 -389480590 -382488003 -371689887 -361750963 -361696623 -346067348 -339858553 -338465673 -303576613 -297154423 -294646914 -286827872 -285732250 -277710447 -255362343 -240575800 -236645617 -234696808 -227241553 -225548742 -210827956 -208167210 -204755529 -197150704 -194424382 -184229483 -173326756 -166279227 -159648445 -159288311 -156527670 -149119882 -143534024 -127537915 -122289368 -112561378 -106440350 -104070749 -93630883 -85446845 -85375581 -59138113 -50832359 -49239493 -21762956 -15796376 -14566878 -10516519 205346 21344821 25322144 52422768 53189939 54260383 65306086 81136630 84052593 110860268 140977284 150356311 158590328 159206891 170974875 181877988 186053737 191039964 200058726 233130114 256012633 279315850 289491052 320808454 332698437 348239060 351348690 359254613 376033444 378365484 394753387 395984693 401452796 403797689 413451332 416680921 421139703 423397470 428840339 435656862 440137041 442349175 443664183 469900009 471235477 483489456 487391068 494206522 513447982 515992768 529188138 532202620 537391139 549730216 549953776 557943640 580128376 587305691 587415636 595378692 595732855 605044726 615857148 626680855 641775700 647133723 656063624 663005720 673970297 683859817 689485189 690572972 693452979 713499845 726437143 745162946 748250830 749803555 755110833 766121120 781978331 788477534 804028512 804780908 807484741 821725232 825283648 826251176 849624061 852714035 853766331 890665240 903490470 906430389 925094321 933721635 951169463 965327832 966880678 975410910 989996381
200 -994725357 -966184526 -964946253 -957752090 -956383996 -948516312 -942322544 -940581808 -934098758 -925938947 -921215980 -917041723 -912936899 -905219563 -896205156 -886479437 -865119949 -850952800 -843534359 -831487770 -780696169 -762824045 -762689661 -753099057 -748333659 -717019830 -705015340 -702242616 -670399272 -669921675 -660242798 -651891885 -641490963 -635502470 -623437341 -615266736 -580432209 -574700678 -571348467 -563504347 -554763093 -554109171 -551925173 -540329777 -525580283 -509411006 -504547688 -482699604 -476648940 -475928561 -473724725 -469231263 -444507311 -430403813 -427556757 -418794023 -396491975 -390803890 -389894600 -388258391 -387199823 -372043095 -371601857 -371225482 -348001442 -341893357 -341719181 -312857362 -297559613 -292884585 -288645935 -286869814 -274823879 -245917178 -242370781 -233075688 -226133023 -191875417 -176638295 -166123842 -152604497 -151764331 -149708607 -138822854 -124876426 -102576422 -98495825 -95950560 -86488180 -84048870 -83180209 -71270028 -51474990 -49336868 -36964328 -20646318 -5587316 8900874 10816742 11541720 13994270 20407666 29643744 40200971 45963821 50971509 83771945 104894020 127944903 129234137 144735377 150804228 170744707 182349711 191869458 193934622 207209068 215428703 218000858 221663153 249907996 253885112 256899364 270696709 273515747 284246231 325329573 334305407 345399494 358659042 362415203 389091758 403650800 404347894 422331131 430087348 437049272 470708638 473428611 473895822 477112178 499810151 503813810 513238428 516435151 517971107 520182040 529649033 534743887 542065482 550908626 579192143 581035733 584433825 585519524 587094314 608289420 627656141 631347227 634305233 643114249 644631868 648720975 652575781 657534158 681108612 682572758 683501218 686780704 687625085 690694514 693696201 703383023 705270173 722037366 736130481 743426158 747204314 754559767 763653205 778718913 798847648 810370304 820217515 822673090 830889986 831025550 853211078 862274111 866517058 882311129 884460957 897923782 913396699 925381085 926213547 930206513 952492294 962050791 962350653
200 -994377705 -980412854 -976979980 -974953750 -964156361 -955784347 -954146601 -941497245 -929971700 -920610450 -914785449 -900710608 -892444836 -883639863 -881512243 -865574791 -864694349 -829889895 -823733810 -820674772 -819711662 -793049360 -785709596 -768168357 -760126963 -757805032 -748469975 -737439633 -718011562 -708189536 -685440307 -669158675 -668780969 -661604349 -652858576 -637817540 -633543126 -618716121 -607158385 -590266727 -581975531 -574305239 -569291833 -549744810 -549134648 -546642434 -543001442 -538086743 -517931460 -512058965 -511456343 -478613615 -453833583 -446906390 -442822782 -417627036 -415134214 -411469502 -385623125 -385126720 -368628330 -354539962 -341784344 -337972238 -324183827 -320097620 -311065466 -300315594 -281206732 -272431051 -268086943 -259130770 -230997976 -225067577 -223577712 -204051459 -195463883 -174889776 -171085735 -163648142 -159632557 -151879557 -137455191 -127694970 -124642020 -117460695 -100881668 -99470877 -97383644 -79662513 -73654589 -68606442 -29216091 -28836251 -24160591 -21435505 6985751 9060358 15748473 20003830 33621048 47002186 73490239 79780468 81604027 85832306 92402601 93096221 95977903 105107021 108629089 110822995 114848136 116389258 119123279 120483185 120743206 121610524 125200712 133140624 135917983 138268725 149456745 157082689 180166640 181206691 191219385 196383408 221102479 228658703 229550261 253682044 265060540 267723730 281243322 283249596 297821974 298998732 299054939 316766840 319777875 329222928 336468268 379491385 390356295 390359294 401022450 414427508 422251164 459993292 486816985 524238539 525350851 525782198 532381425 542495693 551764751 558332108 582741846 599696029 604111266 606608221 610293221 634196810 634569981 634660378 644930770 646487212 657088971 683452976 713792922 727554661 729591681 786606473 821486318 829595989 830698590 831971566 838341012 851933266 868190692 870076814 884013020 886880325 895015377 897774798 913850105 921513945 934267022 935173752 943203115 946414520 965684876 968643073 969698738 971722236 975594103 979938899 989527036 991207213
200 -995458697 -993070168 -990730381 -962015691 -954582679 -942834359 -940924529 -922928585 -896565911 -894821366 -891747484 -878907111 -872009670 -863749092 -842273905 -829342528 -826194112 -819957388 -818873365 -802482697 -802362810 -795286499 -785647916 -783099908 -781202184 -773294055 -770055306 -761538868 -755129684 -754434009 -752249865 -743431209 -737844929 -734774837 -725503967 -711127305 -699713086 -695139779 -656930061 -650995044 -648714766 -630237668 -629324162 -611654801 -599554598 -566443785 -554356170 -536654848 -517062808 -502715038 -497985051 -451872957 -445658990 -433531970 -412057135 -406969240 -380358820 -362692451 -339756588 -338793856 -318614638 -312603218 -307634526 -275717988 -273040565 -271575460 -255813967 -239597975 -218589393 -203200600 -200541238 -190849535 -190321489 -188709636 -175320056 -173137123 -171337799 -163961221 -124720396 -106639388 -91856014 -91631982 -79654286 -73573989 -69243852 -67861747 -48125228 -42572387 -40270950 -32869071 -29870403 -5167170 -3160711 -3160115 3113984 16125591 21189232 28528962 30141252 38794601 38855121 40514402 60879910 74605243 90495601 108545718 112514069 128056713 128974814 139046379 154266918 158574700 178709803 187011628 201918987 224866263 251069492 279301784 297915827 307051343 323472154 332026412 345001609 348864270 363650265 365173893 365512187 368665469 379014433 379128169 392293468 395274001 403910370 411289040 413248924 414999051 416386457 437135933 456117108 476373915 479848802 488732564 507776653 509013712 512367454 515383258 545351244 550895708 557603088 560456753 561624743 562194446 567216329 569915660 586815141 591562316 603544366 607303778 617630816 625813209 628574622 633526989 647574040 648997226 650650638 673311795 697080636 707796325 711459108 721134509 733818163 742443555 756803892 757479738 758922242 768211667 778435886 788533274 798365163 806704960 808339114 809588179 812843737 849593186 851684747 854067958 903410831 907505953 912051010 920720905 923605295 933096795 934425525 935450423 947912418 961113389 968470253 978208330 987216690 987612628
200 -987968965 -971767757 -967938167 -966748789 -950729692 -922883327 -913466288 -912857891 -909819524 -907376851 -879131916 -874009679 -859235135 -840076573 -833362150 -831389976 -808508330 -796297830 -795422518 -792336350 -788815176 -777436838 -775582367 -761540400 -748725062 -748502670 -744448356 -740463901 -738828738 -724714505 -712347716 -708314929 -690822142 -675178005 -669279812 -668407056 -659497241 -616426198 -611602867 -601237629 -579233283 -570603799 -566076455 -552145581 -536209280 -532203662 -528280442 -521729383 -513163298 -507688684 -506228993 -496240419 -493938061 -458675430 -456767939 -445547622 -433276957 -427447141 -401710999 -397291718 -392059235 -386068511 -370359567 -368734497 -364634237 -356666441 -337519193 -324634370 -308134549 -273779355 -266552737 -265531515 -232706327 -225616439 -214092236 -209251359 -189352865 -169967004 -162574825 -154588216 -146262897 -137989330 -132308847 -101984217 -99445837 -89252044 -84781958 -70925336 -67929335 -60158609 -52152564 -50745347 -47793943 -44781117 -33023574 -14094933 -3009422 20436771 47144872 47938442 65318419 65834957 66245527 70794358 74144393 75517684 79836701 87007517 110861925 116200875 124373090 127516246 138237303 146795878 152852607 169363377 179697210 181554256 196401339 204765103 207746710 211789668 255803610 257609405 263226675 275542337 300206295 302256403 316209347 324893753 330550681 341449912 370109987 385705795 389187079 412490572 417766127 428773780 440049148 447110278 455900085 478565099 484270397 501325817 503929631 519701294 531820848 533181696 544047076 558456435 567072852 602498712 620392168 624835235 645544267 661728204 667287687 676314098 691440950 707774410 709847258 739530567 742815822 745281872 746824558 766110726 770624737 772510045 781865597 786697339 792895612 799645307 805078799 809514021 810220864 811304978 824416613 827330771 828479187 845398697 845663925 860379800 860875224 878535839 882160234 883068026 889124932 891736506 893512927 895956064 913217459 920913268 937933874 954730804 959344000 960741869 965744544 967923738 976840463 991275888
200 -970549420 -955904502 -955231375 -947565226 -946272889 -944807799 -934254616 -928679197 -902938078 -901067420 -898826349 -893621345 -886157762 -884736342 -882338605 -857543670 -856890189 -847078360 -843718622 -838643694 -826122961 -819978980 -799065937 -794367941 -787596026 -759301524 -750221788 -748787109 -732989058 -723624343 -719992581 -692141784 -688550841 -678857747 -667448757 -658845054 -618337211 -611825200 -609997444 -606678382 -604598068 -598405016 -596065576 -589214195 -580667117 -579093735 -575189532 -563359813 -557334324 -540562098 -528718514 -525537927 -499145433 -491361304 -487481803 -481743931 -449806062 -448999676 -446451182 -433930638 -417162159 -412063688 -409189739 -404760503 -383853629 -372040961 -369865026 -365072283 -364061870 -361253330 -354445692 -345550307 -340558839 -311981226 -291236330 -269002962 -266082394 -253160504 -246945441 -235119842 -228982715 -226412569 -212827873 -192938949 -186473601 -182095892 -177565098 -176623361 -174417191 -163784816 -157299677 -152833922 -140956930 -130979543 -122953308 -103675813 -101747377 -87987194 -51011255 -39895940 -32394790 -29695563 -12745242 8448646 14896106 20125935 25424641 27319647 29832638 38794167 40037338 40852097 44373063 51449446 58235762 67375288 79019236 87820843 143166151 151530829 152576385 178995332 180472718 190805019 201453332 229572301 239646434 248889186 256104694 263305321 277271687 278541177 298998866 307498166 333176087 350088672 365688617 366882269 387691948 392595556 423904327 456218595 460533269 479116163 484155480 491794356 494212426 494555253 538259813 554802768 592083038 592399655 605643924 612635694 627945573 630524322 639738925 643922924 653062108 655181270 656965567 661237411 668142018 687252582 687838005 693287757 702924603 708873987 708942803 724233073 724256566 731762621 743272372 786422879 791617134 792015432 793563399 802045579 802674526 820981392 828011522 838701497 846508343 856553948 867997937 884992529 908074319 908965029 909513119 910390454 910617050 910821389 913861457 929884966 930956726 934967715 950885527 960162868 960416411 987533111
200 -992028743 -982455249 -975961210 -965414834 -954910588 -940840773 -940172650 -938627088 -930949084 -912853937 -907619106 -897544793 -892076284 -865503080 -863797974 -855957553 -853151737 -827031611 -818332414 -816027006 -814705484 -813237456 -811712575 -798061416 -787975508 -751767992 -749545297 -749297562 -710953484 -709242436 -705190325 -689783685 -680026284 -679431585 -667735554 -655972340 -650639613 -640882244 -640008875 -632819503 -624608167 -617211521 -606841874 -600388641 -588171721 -586304158 -585042170 -572308966 -546179755 -522470527 -476837610 -468490699 -455730899 -437948040 -436613786 -434061730 -432247573 -418751857 -405214672 -403088980 -391656494 -385076405 -376105641 -370930190 -368346705 -332015886 -328904598 -326899555 -320771628 -299581871 -288612731 -281235516 -275742202 -270507856 -268477913 -262351831 -252949851 -243441589 -225087582 -224412826 -224242822 -222567424 -201551165 -188048468 -187513146 -145373221 -106925307 -99730398 -88654600 -83245930 -81663267 -77171581 -69648386 -64479100 -63129776 -57486574 -55128292 -54380164 -39434974 -25629578 -14075249 -7685642 3713523 8230283 22818210 30020921 32462553 35955350 38150741 50515171 50793797 66045065 74184641 86109728 91955552 95489714 98213435 103915201 104622010 132636241 133745543 143332257 161076098 168984008 170210529 173068974 183943813 209742807 211105063 231948836 236614836 239167090 240017201 267755471 281166483 292078826 295583767 296399538 297415296 314432963 314665728 318522725 320980277 325350167 328126335 332539054 333209875 356347921 378081691 382250783 396294362 398229762 403162662 422755284 429532422 445865397 453501919 456636289 464551555 474877220 477187319 497929362 528095822 545390344 605095714 615953830 624169735 652002136 666827922 688429226 688642416 707513071 708933545 710811567 718236683 718313711 733994359 734105969 742988156 757585203 759521910 786272614 790719627 805270909 810754980 831151015 832336456 841751329 850773338 878654421 905758981 906821078 906946314 920354420 928692921 935331371 964460095 966682416 972812967 983899617
200 -992949343 -972339475 -947955599 -940489254 -932845077 -930218374 -918350207 -910514307 -903250196 -866803192 -862468771 -836702243 -829554806 -825249214 -822641657 -799316563 -783513084 -781686501 -781282357 -778454773 -777705803 -768897902 -756669157 -753320262 -706329946 -686560301 -678614536 -673525202 -672235212 -665818315 -645874835 -636449561 -635904682 -627007866 -605152027 -599766061 -593428280 -579150912 -564992333 -560694157 -541178056 -534473238 -523557000 -516925269 -515667173 -514064058 -514042520 -506207586 -499833141 -499550306 -498031445 -483781374 -465848800 -461141061 -460106230 -448739375 -447036352 -446007644 -438344439 -430632477 -423038798 -412125966 -394714274 -383511685 -380984797 -380854238 -374168264 -370002880 -366682629 -359049897 -345731086 -339368762 -334957588 -314511086 -304321659 -288234462 -285478149 -282970714 -250854203 -248375530 -232892187 -227668602 -196358302 -195524672 -189600640 -186004193 -181269836 -180114955 -179960230 -174256178 -173842345 -171751154 -169567150 -165448338 -152716188 -138554652 -129485645 -125471061 -105751246 -100187540 -90038953 -44472611 -36044401 -23739708 -2559362 4676905 7861898 14448940 26805695 33443457 54410231 57664153 61542726 63615736 84823668 94654877 96530523 105216192 139290619 144956050 155682820 160844850 162609651 163544341 202679231 204255691 214293475 257834960 258782572 276013939 280231638 291491882 292582809 295641918 329803382 344421609 354454690 355461422 359127510 359833346 361273447 364926254 368240611 407859314 410132717 414635568 416905490 423010033 429400750 442652473 453979545 455403701 463878290 468591785 490292371 490766259 494412513 524004565 541212802 557348098 561167186 561654955 564291235 594299424 613323070 630665257 636059268 637712273 640614244 660039968 671160139 678913411 703555470 712623258 715702101 718787190 732483947 751314907 751458042 768073003 775406817 786308405 787661858 805101642 817032057 830435509 831582802 834083063 835193711 845083528 850414828 853948286 884764485 904221600 905436841 911810036 928542747 942700429 969719118 970001100
200 -991705836 -985644399 -975582504 -956259032 -951183935 -934588324 -922739524 -916155807 -901977215 -893261235 -892667185 -891637730 -872829627 -871324971 -870410876 -869140301 -865358108 -856075998 -849218314 -847677462 -844035274 -833671821 -812468104 -806420680 -805137771 -795090890 -794388984 -779423211 -771091640 -761729930 -758384673 -751510485 -748814754 -740328296 -736493581 -731384093 -720931656 -720922376 -710590556 -702849566 -696206783 -649315551 -640206596 -631548663 -625108218 -614909196 -614549965 -602484831 -589159830 -580024246 -579873895 -564856083 -541602060 -540600195 -530535924 -516506688 -505815219 -497988701 -478263918 -476917224 -474378867 -465072458 -456780300 -452968728 -447786567 -447114936 -420814965 -420120795 -418180036 -416681068 -392648125 -378694548 -368147250 -328003862 -316146945 -301343722 -296766785 -292723428 -285586156 -281303320 -279391551 -269445284 -267002393 -266899241 -258308207 -254371741 -252485722 -243540428 -239232589 -238874064 -235916607 -235660150 -231019965 -203336118 -188173065 -185156646 -177894235 -174465818 -159340601 -142002793 -117680755 -110423669 -82555934 -77032170 -72317081 -34945065 -22989096 -22427539 -16454160 -14345354 -10498068 -9975752 -6385452 1437435 14104641 15651559 20260412 22942470 30484151 31047506 47578409 52047072 65312153 74048669 77887045 92976195 103682124 106584656 110736671 118671692 138223635 139100371 160718958 196465711 208197221 213390912 213878108 219350753 228928781 243726375 249602473 264393381 270959123 280721082 291031151 294578512 299360703 304984570 309777694 345381358 346341014 346812592 358815951 361226752 361684366 372767530 382154492 395422315 408473675 431846859 441576899 459708852 466518294 493851383 514660908 570746573 577939543 581257567 606207449 607981261 631243648 635614029 652392071 662998600 684409946 692295955 759101002 792704550 795050359 822514328 826285780 829132326 838709760 847531559 849148623 853205351 892526489 895356049 898773250 908410891 934654474 954821482 958616632 967370269 967744930 981653146 988824823 994384620 996142363 996978749
200 -992026745 -990735649 -985191275 -978403704 -954661118 -947961220 -936996722 -933931476 -909952911 -903912360 -903667282 -897861824 -888647555 -868690925 -868079508 -864864458 -861898406 -857466472 -854931036 -835359145 -818225189 -799818211 -795305164 -786357114 -768819732 -762435697 -752801802 -721294785 -715724313 -712463113 -681835628 -663784829 -662718856 -658546031 -649826109 -640924783 -639263541 -633331595 -625432479 -603029010 -580814482 -574737290 -565099680 -553778264 -548478125 -533376486 -525858850 -492524212 -471538385 -465769622 -461350064 -455253502 -436368777 -435153046 -428266530 -421402133 -393860094 -390993294 -390867305 -386658552 -374692744 -360152275 -328305755 -325012596 -324906807 -315732544 -314901286 -305119825 -299577209 -284256518 -282321069 -279975341 -267033290 -242495717 -240991768 -237058941 -217136378 -213180370 -211936867 -204306571 -201584038 -194095466 -179492400 -170115625 -169558809 -168167857 -165288389 -142164626 -131977989 -126958564 -96336421 -88855674 -64089833 -54328563 -49751601 -24416350 -14307163 -6042631 -5077596 2779436 18150067 19972283 30872963 35935730 74702703 91183385 91373143 96107720 104017800 121783709 126258968 130653108 136138196 149906704 185699406 204745072 208399130 223103035 235011430 238835217 246553196 252617459 268361912 271239367 278676921 278836832 294168505 300551195 310131348 338754427 350187016 365529273 365688237 365830058 388644795 392414534 397037890 399485330 410209559 419954598 423896298 439175478 440126549 444845730 451648932 459802222 462089637 463911850 499078235 533912627 536087230 554437104 566626512 568490163 575875653 576731392 592982028 597574027 619010410 630249102 649220995 654469135 657198308 657527911 677462719 689697678 693009423 731844990 736047039 761284652 763782136 770175140 774693222 781424158 783320257 783846523 786245202 787522477 792037720 792820313 795720838 801817579 817890515 820206928 826678640 834601498 836644987 839685494 860560466 877672678 893905064 896699043 917340771 920722813 924218839 977026458 983004902 987860318 989694973 990322874
200 -986259293 -985844874 -966198416 -964942832 -933503194 -930287093 -912674289 -912349813 -910017219 -908081059 -905350445 -904430077 -887523043 -883453521 -867415649 -852902404 -852494760 -847141407 -814866143 -811369696 -796225947 -791069552 -754838299 -747263150 -728071779 -706710614 -696961669 -688530270 -682299534 -671071835 -661314750 -655900075 -648020219 -645969105 -639602375 -632052447 -622920112 -577675382 -576907808 -567028816 -561344777 -554035408 -533006198 -532677751 -516533634 -516102974 -509996117 -504214790 -473167650 -470566620 -464031752 -462442524 -461565339 -456270442 -435353735 -423604141 -390308281 -384360738 -384185244 -375747941 -372943790 -347998649 -341728033 -340230513 -331406768 -329601105 -321214092 -280462346 -267300511 -265968466 -239947611 -226583959 -218226471 -217942005 -200327162 -170158294 -165371047 -151896674 -151433226 -148712469 -144335623 -139166293 -131682592 -130070192 -127757747 -124673612 -120943542 -112300675 -100626476 -70056110 -43296296 -39063511 -36688975 -33153931 -29011715 -12663550 -9982599 -7066858 -2522177 7281268 8526679 9427069 11294410 16047996 24780750 33685457 47564277 90038480 92677187 104447809 128470274 140588339 151640456 164836869 170398256 173921775 177413832 194550194 200393886 221013988 221873181 233613278 234785168 237460730 248332223 286511429 289330815 291971602 304228114 313783869 323304656 323937020 325666445 329309347 331359227 343435218 347041473 354568069 367531726 383801411 393777085 407353834 418836199 419125095 429192505 430158304 440108416 441519153 446143555 499865429 515233445 536985480 545219975 566742589 587372220 588169151 594475075 602830965 606697378 613627892 616172080 637082919 639525400 644669826 663806213 668569504 670630471 670716341 672994243 675290058 676280480 706840663 712794369 727572354 729447636 751927357 775923986 786716963 799468324 808407229 811888657 836796574 842194446 850939436 854080364 863830499 873317033 875204506 883529474 888322999 893118942 901515564 910245549 912075184 916157582 930206157 962038152 991986581 992574766 995800121
200 -980882914 -978033681 -975442834 -951991175 -951092113 -923586169 -913056939 -911361917 -906112082 -906098176 -894208655 -889624421 -883460927 -880557267 -870909857 -862819084 -860871091 -842423937 -840771355 -834313493 -820114904 -815098509 -814513625 -807265365 -806854583 -790551423 -789947976 -783179851 -775577513 -766394090 -759948011 -752304832 -747289903 -731304294 -729228759 -726512852 -725325780 -723208643 -714426425 -703720946 -695707743 -695408289 -686912095 -685016895 -661104311 -656235896 -655980669 -628143670 -626293240 -623943764 -613542756 -599436107 -597226066 -586404852 -582541795 -556717806 -547439847 -547328594 -541132961 -536175319 -519157855 -517128449 -504274560 -503092767 -502010907 -498383865 -497709950 -478473962 -465948001 -463407472 -452561668 -452142475 -450203964 -430622476 -427939677 -421278685 -417195434 -412620891 -405913042 -403833336 -347349527 -339354925 -299605108 -291109097 -257208873 -173326153 -161690185 -159208896 -146599250 -135142078 -127634445 -108384520 -93730062 -82741690 -81216575 -74516679 -73155567 -69559664 -63871489 -48301632 -43238400 -38898905 -26130034 -21703783 -14461995 -6534731 -4179617 5685098 15277467 19123583 24316195 31865059 55771159 67771408 87082652 94953495 103377673 104104733 105308713 115640214 123422827 135761258 138043221 141512085 146603747 160335827 166040908 170345493 201278201 208612655 217187751 240174091 246011692 264883219 277999190 285329869 286560650 292732324 299411440 313353869 316701932 317056288 321965508 322468397 323970894 345337524 352907640 354299555 385362887 388490937 393566306 414818450 452912094 453860814 459160107 491363402 497626371 498210789 529124346 529618837 543186987 557170117 582587387 588604045 602897622 606352308 622248497 634181898 681457371 685083398 690036058 707175528 707916723 712275805 712950342 725062534 739589148 747835169 753690091 758029710 770853908 794104311 801800178 815683346 826830653 828082966 875852785 890562424 894748183 908729528 946957626 949571288 953095041 959551022 964317903 966920976 976043229 979247043 984608598 986376986
200 -982453830 -969381116 -968554692 -960135527 -958979482 -952800167 -949006118 -929953963 -924683205 -904364064 -882229778 -855875080 -854861593 -846995691 -845637939 -811141109 -793732726 -789804827 -787924943 -781318747 -772558808 -767113400 -759615956 -753678164 -732428059 -729494605 -688955537 -681946052 -678238175 -675043956 -667381460 -663765973 -651951611 -635202890 -620044444 -620006262 -614002439 -590516993 -590076290 -574397001 -573934186 -571614214 -571216804 -564009762 -558109913 -539784354 -527935730 -522034663 -518293155 -511642258 -511152698 -511027526 -503931320 -501757065 -491734121 -488321551 -482535649 -470986473 -445834836 -445403619 -444981330 -430028838 -405998967 -401663248 -394145679 -391382233 -385007674 -383861063 -368968749 -366052575 -361329262 -353183948 -344058462 -334334492 -331659730 -291641390 -287081984 -282154148 -281605603 -268747149 -261931474 -253012814 -232265567 -227250601 -224943523 -220467360 -202324075 -190453944 -188568528 -188044898 -158179077 -139110605 -137818048 -127730203 -127604436 -124473014 -116251739 -111876646 -107483540 -87453091 -87447431 -78226239 -70131969 -66834136 -66628884 -66037614 -44692038 -3832502 2466353 4634483 18945429 30540291 31362959 69282882 81311384 94369400 94563894 102521722 123291182 126550282 136106024 157413972 174947682 180337252 192707589 193565834 195973888 197874290 206248699 211835768 212440771 213257271 213362123 241778769 242228736 249481761 264950088 268699517 274031550 278780752 281692266 281884059 287202090 294627522 314796179 326557520 336367472 361309399 364850927 377133373 379602436 400147031 402504129 409552171 431745143 476849791 481444655 491435597 493089798 498332122 510920989 512301434 512722490 542800703 573310488 580273266 589156420 589207053 619890667 630445968 632419183 646271856 653540161 662426451 664179020 667324080 667858351 669644187 690903083 695202623 704088814 711376580 756251798 759323579 769656435 780640160 804366785 811925185 886251073 900142327 905435921 914866810 915919402 943854945 946187331 972935475 974224252 991048525 995732982 997387709
200 -997236140 -979143726 -947143822 -945498927 -936829951 -935174390 -928910423 -928230940 -927758798 -917714618 -915517052 -912409976 -898915210 -878831206 -876020639 -871213838 -864174774 -850140960 -829265054 -825187962 -799765201 -795843719 -785078732 -775832468 -766603141 -749256430 -740947843 -737541459 -729597715 -725820441 -722167983 -720974094 -714756595 -703527517 -696411433 -685612953 -668063319 -663542216 -648272580 -645141722 -644741777 -642384705 -639847587 -638215965 -632170066 -620346634 -615676227 -592741913 -590947353 -577794226 -565577226 -556407565 -537319874 -536361289 -523449542 -515063072 -510527564 -504841626 -502421474 -495704913 -482452737 -459968011 -457306012 -455260287 -450446892 -446039725 -435006531 -433878330 -423640763 -420851824 -408452694 -406541224 -406008038 -397511364 -397338531 -396057945 -391131178 -381529653 -336901741 -323289484 -315774619 -309555980 -305760557 -270501761 -239677429 -221673714 -213270484 -202476189 -185764990 -183617079 -182573862 -175585688 -162843978 -146658543 -143736854 -140215111 -132281697 -129600942 -117244700 -92346144 -65366864 -64787291 -60856615 -47275387 -45837229 -37910672 -33741156 -1852865 2687664 3415713 5372129 27606979 31340464 33806669 34071248 36229242 46416058 95631299 105999836 142988808 143637101 143646378 148008590 176348575 181110919 195571508 197118695 207527094 213147469 219004033 230616574 253917853 263589199 267517627 270893501 273082640 288176780 290576455 301679158 322182831 329337686 373417026 375642186 385680770 395444022 408152707 412134253 422932168 428603462 448133629 453531130 488554723 491831013 524471267 527620160 540192481 551943726 552866466 590172010 592050938 600412917 604168159 607181207 614652522 617257840 625714388 635946812 652036195 675510933 709580535 714149231 722413211 729471558 734561651 760438594 772935236 784882302 785064339 786666800 789396595 817266858 830152549 830273715 833126822 833569356 834922150 836546526 841706963 860626904 871373281 876688385 879326645 905034274 909781379 911446485 927399896 944302269 964968842 971321684 980345078
200 -988460958 -981957443 -981774433 -968169683 -966258385 -960882252 -954750152 -903209354 -902467711 -897785155 -876747949 -868911927 -861458805 -858589769 -855835969 -847052232 -846373610 -845555684 -842372183 -839948692 -810637988 -788501773 -780059340 -778019588 -774256599 -766374317 -750833954 -740723488 -725836461 -696341295 -695870690 -692102493 -690542797 -677985437 -670460741 -660565812 -635074045 -630564558 -617384347 -615067420 -595498178 -591710707 -580538678 -573127549 -550016566 -534266567 -525135777 -521715226 -504962707 -502662035 -497575202 -493528379 -485073748 -484175594 -425849736 -414359553 -401361537 -400560646 -392232825 -374737852 -374265980 -371211035 -359440616 -343124879 -329650635 -324192594 -312802825 -308258121 -296125604 -292887908 -263667489 -258550559 -246136365 -238719264 -228928686 -200609547 -193638237 -180507938 -158095522 -156488735 -139370342 -135549070 -135287003 -88708732 -80282176 -74762093 -71597168 -68320031 -65584745 -64909702 -57026552 -44249257 -40937952 -32800292 -12808369 -2558725 15751920 30562039 38021175 43311220 61654408 71693349 76800992 79702852 89157139 93573405 98377219 107896231 108150673 121179676 124198500 130259976 141429996 162056110 169457706 200638655 202531582 203352664 216516934 245668682 247818145 249038189 255792480 260961157 263289278 273111496 284185176 299948558 311985035 324997467 329744681 337234469 338664479 344902744 361849774 395033792 406717460 407778133 432360006 437381203 441763862 455799419 459524304 460586078 468068794 470801443 487455422 493670857 495975675 510207952 530894273 530897615 556419567 582950369 584400860 592197834 599837173 600381335 610027798 613938335 618881323 628997943 645394681 649248475 652335977 655575521 684311261 690399878 703115926 704324687 706772662 720442537 722773973 724510950 727475275 728190103 729291833 743734809 748521500 750607364 760364257 789234380 799353363 805866053 821918873 828664354 831733370 863652722 884583899 886675747 899815308 907840301 915469223 916843465 927159882 943804273 954644494 957427654 959520669 981569962
200 -999745024 -985105145 -971926309 -971050715 -967170510 -965092476 -959772443 -944716769 -918901511 -911128431 -907955988 -890767134 -887875292 -865606508 -863025316 -862217799 -842004201 -832654243 -831725117 -827089976 -826773242 -820123067 -811172138 -800732174 -800587093 -773800110 -762307323 -760514720 -723296751 -706142387 -704575414 -686480421 -681162674 -676996430 -665687374 -661137316 -644765444 -635774472 -621935840 -614926333 -610062328 -594357559 -584265362 -576455949 -572185896 -571554944 -571481489 -569096438 -565317351 -527552147 -515212477 -513089870 -482701601 -480905496 -465919393 -446643510 -440773714 -432882279 -432316560 -406850464 -398273598 -374486457 -373847029 -358544714 -333782278 -325197626 -316390577 -316020725 -313166776 -305028243 -301729241 -274541959 -262340386 -257416081 -255940474 -246974396 -244327242 -222350394 -212376408 -204640349 -177289635 -152820558 -139312332 -128044330 -121835161 -107402693 -106945025 -100304171 -93791234 -85191974 -37298514 -14937668 14167321 17640136 18406945 24625648 39961205 45708932 62090936 68855991 79053237 92280498 103262474 122960923 139584452 145471275 154876159 158254021 172704775 179118322 184048311 191565549 198779408 211865777 227373462 230029590 248631730 248974652 249137259 249185321 288293535 297674856 308607626 314699421 319954081 320646276 350736030 354352296 375132542 377877869 378941428 382995669 384227172 395465213 401785444 420106592 423670442 424171731 452470006 496568020 512792507 517038663 541741264 544879961 544915358 552873241 569356301 569763164 581288469 585716073 592169869 592275682 592949226 594401042 605183484 624593936 627408028 630573660 633118498 633481775 652071496 658193101 659061923 664919679 667550390 671771247 673686166 675104261 677036541 704631806 705280359 705659972 709796211 712915556 736603421 753251098 755331957 756486971 761249956 761327742 771840670 775847983 790013958 791077241 795239379 869594693 870321777 883344220 893928980 917752150 937540978 938504638 942060474 948142699 949306996 977347358 977488265 978620559 978660980 998506911
200 -990139312 -973903709 -936377495 -918299886 -906649195 -900794474 -900149167 -890391675 -886596776 -877726139 -876676524 -843380273 -841881213 -833201471 -829898373 -824555529 -818361850 -804073898 -794529320 -787374491 -786913948 -770099493 -750425988 -735133734 -734876841 -708745849 -698306732 -696538983 -680069367 -666557845 -656028436 -655041389 -652350611 -641968239 -627828052 -625382573 -620624267 -617779850 -609847979 -589921843 -588892624 -578135409 -564856284 -560265287 -552178436 -548733889 -544843880 -540154222 -537590583 -532923000 -526376675 -488964092 -483741037 -465964230 -427390972 -425573526 -425391917 -423995573 -419386311 -403892847 -402261635 -374789968 -372049184 -362764769 -336579910 -330349718 -304770353 -302651002 -276540209 -263093170 -245039756 -238976133 -234138257 -216596322 -212712827 -212367012 -191884321 -185203705 -183562209 -164663813 -148788137 -132829755 -131102757 -125909857 -118012579 -112958241 -104633104 -99455885 -95572984 -92583726 -91052607 -90072189 -81782680 -80711486 -71939943 -68350174 -57565881 -32095768 -25660419 -22394490 -15761948 8417652 11321210 17165455 19082972 19903250 49577622 73117275 79787925 89817339 92174463 118014183 128181729 138788587 138986852 150476803 159246669 161148646 162069425 171378402 183732327 193027152 205642246 214297794 219783982 227803192 245074289 255065506 256717493 260484089 261276385 268614692 274221392 281256511 285889910 296987659 346268133 348360228 363710338 411336946 428493494 444309662 453064604 459026474 473098917 485444968 504979781 508043794 509952220 510839499 512142337 521135456 523980634 528175159 536347473 538128350 539143960 547488625 551322533 551820114 559481950 588674971 600371438 629476820 657954914 659436683 659773579 678093111 686476212 709342342 726990033 728059882 732740207 763138991 768614571 769510724 790620455 801367846 815104646 820999166 822807762 835788710 836499753 838823474 853826297 858529057 868737424 879815933 903100520 914731810 933535296 934722592 938666078 948379839 972209014 977889812 980006598 982568598 986792190 990556930
200 -996896448 -985408234 -972686522 -969663014 -967253060 -946150423 -933078538 -919908759 -898814757 -879051818 -878363835 -872628751 -864566837 -864512531 -854992217 -845621151 -844798991 -821035952 -818832942 -817022692 -810217576 -806282800 -801708988 -800874903 -800796789 -798393252 -797909220 -781598436 -778761592 -776400085 -774963175 -769794247 -749269467 -738492997 -728684310 -727549612 -725395983 -720660847 -702902489 -684126515 -676137215 -660253392 -652762553 -628491123 -610704243 -605244089 -600088258 -597300809 -584896182 -535617511 -531662315 -530154190 -528152002 -527991407 -525706447 -506840040 -501918714 -494181612 -477794476 -475107707 -470896155 -463547865 -430741409 -422754351 -404537282 -356894103 -354810266 -354319328 -339979610 -331962743 -329675222 -321824068 -312459699 -305000214 -257170670 -233712812 -219959161 -199086382 -184746053 -166964843 -128422230 -125425705 -120945178 -112138906 -66981581 -64696054 -61009293 -54032521 -33495046 -32524992 -25791009 -3794831 2990947 23506453 39855541 49281077 75542225 76626385 84384888 110013944 118503258 124707226 146947531 147588322 150190375 150823761 169232272 169415009 172354854 176760092 186093773 188684929 196140935 206564412 208695175 213065856 222746828 226409603 238096426 261763891 264762672 268373348 276516167 280654361 287088976 298677087 312865361 318387648 321745987 322324737 330393137 335154967 348286838 351406949 367928553 397276270 403650150 405765024 408524738 414801128 427909656 428963608 430302656 431769400 433866996 434787083 453199603 493466510 503825566 510466682 518426801 522580913 560627155 567428087 570390096 578944329 584579855 592689462 596273668 612267231 618992488 641902600 653896688 656332408 676850701 676956595 685932879 715059564 734456554 739677312 739959488 740164421 740803124 743647498 745591121 754798732 773581207 773769243 777661339 785545605 795746096 797953137 801011627 808338593 810881273 817438502 832579084 836068467 852612524 857244302 864433690 887145993 913865119 917374852 940295355 954924316 960377450 969641900 972797781 981770175
200 -997197198 -993132397 -991759693 -990810913 -989862481 -983958205 -952087476 -928534123 -914535972 -911632666 -909952577 -905524769 -905513103 -902426175 -901237614 -876186121 -871766318 -823286593 -822979031 -815826319 -815698674 -798499230 -736505673 -724861330 -718306343 -703270946 -701191741 -697788941 -692519992 -688627034 -672558523 -665589364 -664224051 -661935408 -661701503 -650717277 -631893837 -615958911 -607392833 -598185716 -591294247 -577673875 -569498085 -567961969 -564861637 -563561933 -536443363 -536218849 -535697083 -535155949 -534216932 -532407969 -523544054 -515510832 -498279277 -495884780 -493778734 -492144990 -487107853 -477761851 -477514777 -467537107 -459670974 -453975226 -453076377 -425773149 -414451979 -396481252 -392281346 -382556006 -358904505 -358201959 -353296932 -348438837 -286544712 -285968763 -276328029 -264384393 -239657596 -238683749 -236320317 -213364873 -191590453 -188043126 -185656699 -184489595 -181404497 -177375397 -171243583 -161703163 -158040253 -139509401 -137221739 -130296631 -128917216 -103516830 -55923177 -47399942 -32475099 -29032046 -13294079 8244934 9221429 15932374 16970920 31821688 35752656 46034007 54214882 86413259 116146722 134518550 153645371 166418819 168752898 172593483 192744661 196563734 206002556 236104733 247434477 272884350 275476572 279845431 313427052 321640344 322245077 351856574 360726988 377862049 380486448 397010655 400581739 409188806 424570773 428004452 428955088 430020182 442872085 443054605 450168252 451302092 462661024 470728960 471020448 472886999 485252728 486146789 496647188 515836542 532706763 547681638 553522568 580062190 593558870 595464573 608886646 609215177 632118115 635479685 643240441 644711862 666121031 670396802 677728459 678404067 679638304 679714450 683452577 691329167 694803461 702287815 710914967 723357298 730102253 732092243 763660214 764308418 764372630 767570550 785878955 785958264 789509649 795777449 816260088 817012868 828350612 864252576 885795013 888122627 890321162 898327140 931691484 939689645 946884984 961921555 968869379 969890470 997891336 997959584
200 -994291759 -974053284 -969599718 -961253167 -957039609 -954312537 -926586716 -920031131 -893831150 -884516587 -856074085 -851011108 -848888184 -829555255 -825643332 -813991395 -812628215 -801271785 -785931605 -785462087 -775963063 -749319983 -749255279 -748073361 -743623501 -740185508 -719750275 -713174356 -705586527 -701693412 -677531654 -673997235 -658906324 -657844138 -639909538 -639301851 -629345307 -616596986 -613827598 -599842838 -578457416 -576673673 -559647730 -557666334 -557658326 -552714623 -543302190 -540548531 -529355375 -529296719 -500679594 -492373403 -468595778 -463718235 -443005501 -432634146 -431311942 -426425535 -391031732 -370921692 -364359531 -362725477 -342238691 -340970301 -339950792 -337675412 -328639266 -325610389 -305753226 -304055794 -298333793 -279787746 -258410272 -245685655 -244931229 -242325132 -218684426 -218436751 -210804723 -207706582 -205346624 -181051492 -163875658 -159354329 -154809203 -136113456 -135859120 -119634099 -118745540 -102655738 -92505066 -87390270 -69777783 -59497653 -55669654 -54145961 -53344547 -20941690 -20283150 -18783585 -4112393 12774445 13762599 19714079 44477344 55871959 55955318 59387977 66868837 84212748 104877400 106639029 124485969 142804082 145925675 159704383 159970337 164472349 180868395 190387577 195490225 200907728 213809711 228381051 241045395 253703904 269848633 270434703 273127445 280179501 284002039 292321466 306436231 306894155 314163754 322413530 350765928 385224286 414005881 415405120 433413011 433441983 433984451 436136994 439564921 456591407 492726737 526074925 530099127 530357585 537087438 540867343 543584385 547518154 556756049 561458399 588396384 591311028 596183345 610022967 610911126 629849548 630133758 634594628 643977753 662374531 671029640 674849653 697052158 715174530 722960607 733345124 737064515 739706418 740965288 747840700 750272923 753642228 754738129 762366480 763352885 768762226 770100344 797794269 802393880 821271726 828240155 854489880 860702736 866700555 871943769 875735016 876000297 899131612 908965158 920270235 947959372 957233315 977023192 994511012
200 -988726482 -976919277 -974775757 -958942518 -934644030 -929877125 -915284054 -910195525 -901318909 -899116357 -893200647 -884660388 -872887865 -868561025 -831018491 -825484374 -807322656 -806931696 -800665247 -798829967 -784676950 -755613278 -748681495 -743382433 -724801844 -706641830 -702258730 -688747896 -677840196 -666622126 -639965643 -626331086 -616340691 -613271081 -609277677 -609273605 -606118031 -604008821 -596727205 -568119998 -555163419 -548614560 -546048008 -513922753 -511130780 -505429856 -481909926 -481251788 -481134229 -480745752 -475485715 -452592108 -442481457 -440136997 -437897715 -437885960 -430168229 -429665278 -407023000 -388953639 -378717972 -354565198 -344170452 -343525850 -339021365 -323079359 -317244442 -316397246 -316259925 -308831787 -297943513 -295712859 -283931851 -265984717 -258368056 -233754799 -223524470 -220732032 -216509742 -203267955 -190269905 -188156873 -179318763 -157040833 -154335002 -153274294 -150864499 -143177347 -126489332 -94537814 -82950282 -67484594 -64701399 -60748781 -59861831 -40196272 -36462785 -34413696 -32958090 -17834291 -11381951 -140628 5513382 10303423 31736570 42605793 51469073 56856303 66078288 77135316 79854565 80090698 103704237 114282483 138991961 140395833 184747058 188566421 189081228 230235937 247515324 251989835 287272342 308332998 312913940 316263876 317534955 319720597 321517462 328673701 335728606 345406982 403337947 421747017 427373670 434743736 436447332 446381350 459877821 463643820 468889478 480029734 484482151 492573147 496263141 509934862 512904757 528666442 545657453 558550563 558955977 563889397 573732943 598176363 598660218 605441724 609530172 626031057 630282850 634355009 646663866 651912950 655686977 663847665 666808464 670289986 671044537 676493632 677834524 707390475 714967629 716786292 752509589 752549641 784279771 784423983 799063814 800463652 810804239 817103293 821698455 825631625 837047419 855950050 859047828 863144776 877042949 887805696 901547374 917917305 923256268 941543177 942129324 960422567 967666873 972763924 977071958 982500502 986011227 998779718
200 -985907464 -985230447 -983297216 -980619716 -972832905 -968702067 -965154063 -964633050 -938277569 -934283495 -932744948 -927947963 -920477766 -912825341 -896991954 -896314638 -869825296 -869168073 -868633603 -862097366 -845275343 -831097441 -823158586 -820738957 -792860226 -791518351 -789771750 -786565161 -776469108 -771327494 -769243591 -733764607 -732945272 -730182424 -718636626 -705711107 -702793801 -701859604 -696445388 -695511845 -688786753 -685264357 -683915008 -674296187 -659809834 -636368860 -627284759 -622111604 -617249712 -597260476 -595614793 -579136112 -572265235 -542660776 -538741351 -528425776 -526654605 -510917293 -509459679 -507613627 -502454344 -498200789 -490639667 -481715403 -478474557 -475116082 -449065005 -448424908 -444349814 -430430094 -426024570 -423927943 -408243237 -405719570 -404076836 -392036942 -391859102 -389559725 -378404851 -366735189 -357755721 -348577929 -343598439 -337918508 -336527661 -324434386 -320257467 -319885784 -305020146 -272310795 -264512800 -259826596 -256905697 -242740791 -202408126 -199067790 -198897863 -192152094 -190549626 -179573790 -177591508 -149950876 -148730967 -147385296 -120979409 -119889783 -92972315 -84402493 -72972517 -68541698 -63594769 -24808658 -22305452 -21443371 -12367189 -2893238 47036747 53942351 148392835 165686336 176286495 178101576 180303921 180794897 182617825 188653135 194320405 203311023 218923667 226279113 230778454 244840680 251437253 264454176 265311049 268306991 302716421 315456564 326376462 341616592 360610022 370966789 376600895 383138827 391947345 394271293 417061170 419066176 419803124 421001759 452250530 470635559 474265018 482291040 500689511 523792100 560638647 576587504 579307280 587619820 591168826 594132063 604462283 609127673 611914149 613499626 618820454 620323850 625094464 625545614 638664953 648532791 654172911 661443392 663582621 675026086 684774362 686942713 689224095 703130681 734402223 736793974 759019865 759121654 790566572 799795648 821325047 831996463 850931942 850989804 854481962 872715882 908608802 913713319 925051327 926577757 968521200 973806596 989397657 993733295
200 -985024539 -979739586 -978316896 -967717680 -948340379 -941589893 -940579247 -933493082 -927935614 -916672684 -915649072 -888780246 -875044668 -858796281 -858659177 -857090904 -850717533 -850020876 -847164620 -844047813 -829056798 -811008403 -799514759 -789241239 -788498465 -781450148 -765265269 -752658300 -748576393 -745985509 -745250670 -740506243 -731882166 -721288544 -713191271 -705659373 -703683655 -675824899 -665860422 -661357216 -654967001 -654275971 -651371273 -649624551 -638105777 -603418785 -595983521 -582065010 -544174502 -520526170 -519537806 -515371256 -511117702 -505823638 -483204465 -479073387 -474137240 -467493854 -391265596 -383453397 -370751447 -369362758 -349213484 -347294971 -343123791 -340018807 -329808831 -326518957 -322892742 -322889441 -316751379 -308771059 -306420976 -295530237 -284307833 -280783264 -272203970 -270588129 -239293504 -226423725 -182348416 -172823054 -170964657 -141561150 -138433972 -134805029 -129344606 -125331903 -114064864 -108743766 -102729384 -102654171 -101161869 -100699452 -88996225 -81491285 -78920814 -78549022 -75480663 -61591470 -46282485 -41807673 -38634989 -37401000 -31657493 -22331145 -6716509 -2396352 2758630 4307774 5844152 11242011 13424430 44230916 50687773 51477974 54534455 59366540 65521441 66230862 66773282 72495715 79506542 91625525 123337658 138047516 138816104 141035925 149798765 153415335 185862903 205226607 209905711 210558975 214134452 241974580 263641597 265103638 279004421 299751989 322964042 333565350 341172977 343088517 350017196 357856689 373578530 415890386 417222602 445141038 446781791 458453430 463744780 478459580 482624114 483569130 504848572 504981330 506087419 510402632 519610270 531645366 546872610 560470015 575623982 576683458 578706861 582336354 582812364 583810181 592714384 601374862 613339855 613558656 621393081 664540515 664912894 665083540 679816636 690744929 696946398 705607589 712039519 733499353 735175510 772696819 773390208 793618162 812087501 825576437 842148502 847527458 865742564 880021252 891377977 897664724 905222286 959633978 970537446 985770354
200 -990429631 -980394120 -978051265 -974396965 -967148142 -959276376 -956801928 -954458544 -945381674 -926172700 -910063508 -902843852 -893244592 -881200724 -875277404 -856545405 -855558136 -846320898 -839092709 -837766142 -835309526 -833597424 -824234596 -820245638 -811676835 -808321361 -796198045 -795502359 -795456587 -786467534 -785853714 -777328390 -776433034 -774928382 -744751950 -744502764 -739620366 -729051631 -721977746 -701707884 -700156421 -692409255 -690516199 -667983538 -653413881 -649250830 -610826807 -607585078 -599031225 -577272287 -566294716 -545117644 -539010849 -486660773 -484176902 -483544649 -481368030 -475264736 -473823538 -471543121 -463574862 -424737677 -415588188 -405774032 -386325401 -352015561 -346183347 -342243969 -341540573 -341357953 -331017757 -320534295 -309022458 -288064406 -285102809 -272705826 -267165196 -264835419 -241049923 -214259773 -213579471 -169526434 -152587041 -147045234 -127299931 -125625351 -117974556 -117670659 -101339707 -96711526 -91879078 -82019647 -77438005 -75187756 -66308152 -62656329 -61828978 -53079910 -44304588 -41454761 -39706791 -35000160 -30636123 -12349624 -7749801 8383819 21595975 22542130 23588449 25232926 33722896 34533893 39515035 49459768 49673469 63427253 75673569 83553031 88693784 93373487 95529087 116229329 137537598 149437233 160423290 161623012 194507942 202795290 203600993 211387778 211595848 220118949 225368636 230057542 260936029 263499480 273433159 274158212 274895963 276382620 298452283 309598413 311119822 326407076 330101321 339820093 390010936 406732448 413319426 418740153 420883515 433801669 458740802 467652365 476904525 487332747 488931351 518567911 520724532 522962083 526694557 567779067 579898023 588783626 597770543 617795622 646952652 652327662 662260678 678794791 707930694 717426369 718656345 738793703 741171049 756601344 793180654 811524942 836556643 861304729 884625818 885661730 887153808 888946620 893580007 905834162 920526019 921188076 923490756 928295780 933825752 935497458 940617431 960695736 966939624 968322157 973607238 976125079 985707439 996143122
200 -992654236 -978282708 -967417144 -966228093 -962276762 -950527854 -940965826 -938468024 -935303695 -932404984 -930993711 -889231442 -873797829 -870955002 -866680039 -865520259 -831949465 -810832929 -806120297 -805200113 -803394011 -799277089 -790412827 -789931596 -766961140 -749720726 -732176552 -713234154 -695404319 -690799790 -672269218 -660669991 -647147628 -624350875 -601844054 -598729624 -593821445 -585207596 -573083362 -572261235 -561173365 -555255393 -552828645 -534703044 -528358253 -519901068 -518549437 -509214651 -507636983 -500817300 -495589943 -488610800 -486554262 -465462427 -463745834 -453657357 -424129748 -413717381 -413506723 -375608039 -362727826 -350590280 -336513179 -318336208 -317142685 -308636954 -306816813 -300536340 -297046690 -291393502 -290244954 -274692237 -270014861 -261620064 -253301970 -239364680 -226407392 -220929176 -220090311 -209013780 -208430906 -205287976 -201225989 -156528123 -149845475 -148496892 -147218494 -133177512 -106395297 -104501463 -80030382 -68119277 -66221586 -60933655 -44791478 -27979603 -18227156 -1820006 2548652 3753316 9144181 13108075 17538170 43080874 59607631 62646479 66657628 84001517 105391101 128453689 132677048 149473123 159093130 165349818 171154403 173342810 174736427 179862341 194679381 217495845 225898269 265944145 282013852 286804400 294018286 300358040 316443168 349545688 352799315 366633461 394095600 394827337 402309303 404432207 407180257 421968568 459621611 460363593 468654554 469136969 474123610 479534247 482383213 486689734 487186064 493877014 498561950 545714877 556009376 557193758 559038169 580084018 597173017 600518615 606512461 626056051 627314353 638420005 638925158 639677398 645467148 653141875 701419167 706591767 714739308 714829020 718068083 727534113 759348434 777643565 792839781 795159233 800025660 807866568 810972639 817151486 825410860 858704233 859337701 871681149 890061772 890785921 894274393 896460027 919249478 927899421 927957845 941437894 945636319 948584082 951546204 953392615 954808392 955434727 963001982 968364580 974385472 984620448 993511678 995998325
200 -998648200 -998512157 -992825863 -991599454 -987959420 -981860958 -977922150 -974592224 -965634961 -955112561 -938924791 -920358341 -918604221 -910746303 -906111115 -882108463 -880226208 -878559189 -878322191 -873957891 -871904294 -857521299 -856307364 -853626529 -849480359 -844695158 -835693187 -829202009 -829105684 -811130197 -787763376 -776733775 -772739625 -766499201 -762702669 -753688835 -751578960 -739665823 -729684028 -709698555 -704929232 -700988621 -676391591 -674200475 -641258240 -624793820 -619621249 -615738276 -576588102 -572262270 -571486987 -564547967 -559591835 -549599071 -531033339 -480363867 -480041011 -463053253 -453111872 -452022008 -445995065 -441258490 -423883241 -419792655 -412302459 -409888433 -409128860 -404218685 -383434076 -372697515 -359306286 -353899945 -326632397 -322681655 -296002055 -288285044 -287861193 -287790760 -280755417 -266272982 -258679243 -244706455 -219877488 -219829082 -218950754 -189655670 -168731487 -160723124 -140436895 -130502699 -127837100 -123478540 -115461373 -87000410 -36398761 -28435115 -12259940 -4329373 -2044505 6920150 11172622 26306462 27937328 28618259 33870509 36144651 83372434 91249466 101342567 107925076 135337103 138963695 146136212 151561293 161331544 165063208 171517616 172213498 206573139 217162909 239330695 244797340 256591810 292204169 297027275 299443553 300822210 306794654 320499240 329035531 331145086 345937706 364774027 372484544 373788711 378319816 379927778 393047953 394236262 396305601 398929828 399252056 403640508 417687089 421885728 428331651 429302907 471661626 481584071 516770882 525614611 525720850 528304375 535701462 536264726 546585820 550162777 565083892 572153127 575371709 577878731 584534978 586360122 597797236 601213781 602870381 611591260 614818539 615874514 623949196 627368403 644821447 668010846 683959208 696083618 696422652 704750273 718748836 723941867 730988249 735568607 754586991 764989424 780854720 787895685 812086276 829979288 834039245 834844936 850633694 867738286 868062490 898899692 899775189 906906003 915393726 922062658 936455069 957897859 972313375
200 -981417714 -973495183 -968596997 -963357539 -963112091 -953514051 -951602701 -940692089 -934208999 -933218518 -929958658 -927860362 -924795579 -920554888 -919382640 -908625285 -908071805 -896011027 -879191205 -876760512 -874066896 -872166738 -827151522 -824395778 -801112318 -793893531 -786022439 -777020991 -772495047 -769563523 -761077009 -746300148 -740786107 -720699550 -709405836 -683077525 -674939853 -662293594 -650160437 -594219136 -589388256 -579279356 -557408179 -556594481 -541190492 -519835577 -512787531 -504228558 -473472358 -452439688 -446678083 -436405014 -429218025 -423706278 -414983702 -396849750 -383905877 -383725805 -382972743 -381905272 -378230968 -376667264 -371375166 -349402868 -348643551 -342773275 -338082194 -333488862 -311169126 -301192037 -300294160 -298266653 -294559098 -278494854 -276296945 -256478180 -245219253 -233679111 -227298770 -188860779 -186068578 -184666092 -181226662 -167171334 -162652902 -142942259 -128514390 -124190929 -82650811 -81687605 -73620894 -71710426 -65523849 -57334664 -45035491 -27814171 -23243477 -20157799 4116766 9474874 35229478 38718218 44000797 45864224 52301238 61887920 64794684 74209961 80858295 83955429 91917562 102282710 110894640 132552888 139524556 140690592 141431416 168854993 180390555 182595196 204954161 206089711 208508304 220581677 230203499 261209406 261674242 290769729 291717669 300442866 307138111 307659269 324663090 339721226 344131423 345349037 345782622 378327325 387243570 390577072 392231438 394645454 401150135 405515391 411964146 434721147 435281512 450439168 480473062 503754639 536031683 540514769 549757575 574773449 578904586 584629259 588629690 605408219 608394442 614849329 620154620 622364675 659514263 660085352 662183705 664730768 671016774 672436159 678520039 680237645 681268318 690132830 710093054 726353123 734542543 761075568 774511108 797978168 822228657 822367832 826692711 827061291 827501598 866015997 878801891 914640287 921158088 922818289 931529907 934505384 938815107 941001015 942753079 943422265 945257278 949286766 951364866 954045463 962037545 994411358
200 -996316629 -983651647 -978379722 -971391002 -970660453 -966452525 -926541487 -918891672 -903116652 -901412555 -886837129 -849526193 -842994698 -825848038 -806732609 -803199713 -801135178 -794009268 -789388766 -779418751 -772098915 -757115973 -740613308 -721880290 -715657971 -714157251 -712455876 -706140099 -689852631 -674567512 -673066575 -663457347 -647745764 -640478795 -637092239 -591355060 -589460703 -582535861 -579816512 -573672035 -560410093 -557851262 -555360943 -553493054 -548595022 -543778495 -535278099 -521407035 -496674167 -489940883 -480205251 -478060487 -477702229 -465448349 -446717400 -430960163 -427091359 -423388966 -413037954 -410797961 -409321427 -408546054 -400753267 -376099105 -360310654 -359200142 -359195421 -352976350 -348170646 -347260121 -342624690 -312706844 -278795758 -275983189 -265664416 -260268439 -255295978 -231006649 -216947372 -203284456 -202086679 -201659907 -188398412 -183136666 -178655017 -170892890 -164456755 -163842539 -154295981 -150896040 -150605801 -122904681 -108264146 -61771532 -43629839 -43276697 -14456640 -5558994 4282731 6790127 14510921 32410241 51401617 54725312 92967552 95433929 108911057 122977308 130593677 139782775 140202145 141348964 180166161 188156523 197118958 199619378 200765976 202511482 204658305 206481789 218780981 219006466 220935482 221015431 224076422 225518547 258299640 259926564 273698774 275290823 294095378 302666846 307007760 312862311 315751722 320691415 321244660 344536645 345078701 345180374 353606172 365147806 379929720 394920512 406500243 427162522 433249295 435091869 435902280 454473309 458516792 461300687 478240484 479803036 490693813 522593812 533549326 540597795 541345562 544167085 553663721 594642744 596262482 601004032 612503116 629867667 642634565 643107740 643141681 651088177 653907681 656437204 682888795 721607566 728223487 735366971 740961986 766854331 782753514 789412106 813503898 818340789 826915220 840028828 843189501 884740613 906480900 909445742 923714627 926185927 927630769 929011498 929355889 949842608 959753867 966898924 970702270 973906235 981941304 982417483
200 -986663817 -983321470 -981037363 -972777281 -971837391 -956910637 -945157520 -940756172 -937260347 -930507492 -920235727 -909702662 -902541099 -891935121 -882151173 -871622241 -850751129 -841439536 -838211729 -838122219 -833467662 -829538089 -826208784 -785211259 -778949557 -768166987 -767640753 -743742665 -715024820 -714531144 -687283544 -678923430 -660172765 -651544270 -648692001 -641162019 -628480166 -619031423 -617996604 -609603011 -608523616 -598447579 -597274722 -587602236 -582943287 -577936110 -568543419 -549092872 -544988662 -541977134 -538329333 -534727128 -524380639 -488134425 -482167777 -480890904 -473029095 -451689433 -442000276 -411248471 -405697069 -401342305 -397960519 -397606358 -378530716 -377499503 -375609349 -375268769 -353334258 -334794433 -332527863 -320505663 -299349928 -298528841 -297352087 -296155885 -288814768 -284075312 -274042571 -232896878 -230057166 -206174206 -191684954 -176037856 -167244521 -162972062 -162650504 -148494207 -139941711 -126839931 -106248738 -95945660 -84382809 -59486291 -51934008 -43284192 -40015490 -34381900 -16906420 -14293362 -13130963 -8389602 -5299341 -5150225 9124151 31369340 33342482 35697522 38873828 66316317 75862008 103767751 108439326 124697606 133280345 154702397 156041682 156858309 161801115 203116822 204839886 205915112 210806698 210832148 213478269 218576337 222740690 226637940 249818685 249909530 250007124 254424737 303667980 325227453 327850807 332401228 339711200 350810533 353889147 369814745 373325808 375679871 378185219 411883167 414793489 416892145 417380701 425852667 439109595 454926903 475716472 477775735 482099663 495028467 499147439 548786413 580072142 592018980 594134672 595120407 600422807 609960142 620732016 628027304 628062015 641305251 654861229 682229616 691637136 699379871 703282223 733400351 738097620 748088451 753057053 784740167 785128897 787815588 791087536 792026576 795528550 801909225 819561398 820251641 829428370 850502091 858722972 861752823 863978343 866760009 877587631 878299037 890433314 914462923 917487028 933858576 972362451 989940768 993156746 996754887
200 -995906832 -953537032 -949383798 -947872495 -944479385 -939344086 -934549258 -923563446 -914517407 -894391446 -883920129 -883655155 -882011918 -881002384 -863683843 -839144277 -828524993 -824204353 -816862662 -813857333 -795692582 -783402113 -776986641 -742051447 -710927394 -709010046 -652687042 -638188012 -631850873 -606879568 -596653430 -592998870 -567610437 -565374733 -525580894 -514159806 -512144020 -501669685 -498055612 -482331170 -471681960 -466648864 -461374756 -460678353 -439095834 -405909644 -397447814 -394639641 -378233131 -364477538 -358423110 -356882788 -355244984 -353387483 -349104882 -343349618 -337193020 -326033839 -324314653 -313268699 -307645608 -304545679 -300288380 -294563022 -283140616 -281134205 -275487036 -269796174 -263336742 -252529330 -236055850 -227032940 -221490053 -200555176 -190674916 -186422393 -149293278 -133359242 -132473312 -124349493 -119990674 -115545375 -110905879 -104033686 -99996762 -98215641 -86755085 -72934014 -66113036 -50270893 -45879649 -45396111 -31953624 -27208270 -14946362 -11166964 8544577 20224079 60253534 68376234 69758869 71200134 76382069 80956704 81191776 87491725 107755887 109719990 109866998 114456876 119814215 142201283 145580593 165840229 169954007 184819685 191108706 206323543 228673563 230708513 256365995 266553654 277272211 290003540 290304652 290777081 311542366 314243549 316775895 317241994 324593032 334318469 335167532 340838208 351193580 364927887 381171295 397309921 406848316 420451867 427666572 429938203 431871381 437531595 442079131 454915509 465899379 484731258 515046447 520422030 533941106 537187465 539315106 545545069 573084640 592266668 604082010 615900765 623971095 624749681 635291151 637475644 667721083 671193470 684542161 684587782 691233364 691957926 693570703 695383961 721669089 724082826 727017880 737860958 737998810 740888939 741615820 744578225 757372462 761471967 767370586 768199973 788295606 806193451 829911796 858836951 862516287 866110991 881015069 897290068 908684591 925834407 929306117 949205123 949213383 964049674 964709218 976571658 986261324 995091859
200 -987543962 -984999097 -979444083 -932325915 -931926525 -925965014 -921749914 -916916592 -915236577 -896118229 -887899514 -885424581 -879995695 -871741878 -867530737 -859161678 -849708240 -833848411 -828925148 -815042712 -802050692 -781724612 -759548870 -759075285 -758984602 -738085375 -728028535 -697145044 -683385852 -659566678 -652784790 -641737093 -641191125 -633461963 -630870384 -627935810 -624405161 -609564323 -575360259 -543110611 -542164588 -496936137 -475715482 -472140583 -471438163 -468659380 -468620465 -461543063 -459479406 -448702990 -439762047 -436195198 -433897290 -414295885 -404239484 -393242148 -384580020 -364604277 -361907007 -359762189 -355965097 -353892110 -347591248 -342283254 -324946192 -320103305 -282988949 -275969394 -273602991 -263969799 -258427545 -254900796 -248320555 -236848837 -228336221 -225475667 -225077251 -220469886 -210588632 -204267875 -194885568 -192449872 -177053115 -175469450 -173367189 -155165727 -146720819 -140250731 -139289889 -138312721 -125803067 -121652647 -119659903 -110550667 -104983690 -97262458 -89814034 -79161955 -78268423 -69166194 -57187040 -43278467 -21726182 -10536821 27316746 55264865 59759407 74027476 75847118 77987107 78497802 81854355 96235474 97870111 98031940 104909234 136481662 150206215 173359027 202471360 229260735 232962709 250352521 256442566 264803844 279346715 316017284 318591411 329104475 340038214 347721052 348490488 358340234 361308852 362909866 379556645 390119488 394140458 398010031 404500279 406144693 424428948 424676117 436684321 436772167 446997166 458931164 465755983 474310175 489719505 493919411 528808394 536836484 538783039 544710856 563958462 589581837 590573825 591111152 594361809 595007825 598535297 604599307 607035173 614542180 630015775 637444037 638743392 641248358 648611346 663555062 678846068 688150563 694709423 701871890 709399199 726965774 730770135 736825434 739882737 746239009 753779317 760196246 762246713 762399243 784003235 790708299 853634437 863572980 868074445 871505383 873581642 881438296 903439303 910608394 912301940 914456715 992494758 997466426 999563004
200 -998326757 -998128206 -993812148 -985016723 -970362320 -966303514 -965830270 -959625530 -950672806 -918199781 -903012072 -885968549 -883318850 -875369033 -856105293 -840644412 -836150425 -830984348 -775481654 -774953710 -751893730 -734148805 -678250042 -678213843 -659461669 -655669519 -648375744 -644386719 -637851336 -633469573 -618409272 -614596814 -603824849 -596684459 -595373650 -586289202 -575866646 -574314256 -568953974 -553297695 -535161990 -531571652 -530412379 -512142254 -479688871 -479250356 -471308953 -436384707 -435369196 -419914955 -408367920 -406640251 -404091586 -395545874 -390100467 -388422650 -378673320 -355591885 -355319895 -348225665 -345700479 -317942019 -310112103 -291877727 -282343596 -279676669 -278132562 -261986110 -258040497 -257709579 -255734069 -254617118 -223013653 -143897159 -121406330 -116414975 -89712260 -82895606 -67747272 -42952513 -42600842 -32037538 -23393931 -20671153 -15863873 -12088862 1940030 24682932 29215545 29610100 34875414 43865532 66047806 73750749 89372114 111284795 126465704 162750948 184013485 207302877 211348422 238053082 241668735 246789509 258166602 259829987 265021907 274185508 275238441 295017516 299638476 302436776 314864108 326490353 334512376 336705125 338423095 339410972 346014871 379674880 384941630 385397572 394757375 408397996 409997555 425168527 434039606 436977459 440151675 442249019 470083963 472980360 474770427 477256189 499577777 502265398 509109608 520989453 527320866 544249212 545012744 574131785 589030253 589210705 591639866 596882982 597415889 598533268 606762954 610177382 615783602 637686419 639541799 652890046 671777259 673539915 673542879 690289335 690322707 703255932 712208888 712883288 723007627 730114375 734528360 740511156 757489561 757844038 768525289 786457576 798056047 808036066 808703302 809677303 810337237 821383988 823471242 838964695 841010930 841357660 843496528 867553214 878930021 896857020 910780621 911005486 919216103 927131895 939173484 941257488 954107513 964387034 964529701 967112681 980168001 982932824 991825164 994097837 995028545 996508309
200 -965035808 -962646732 -958970925 -951408871 -944296214 -934795235 -924313280 -915594049 -899271059 -886917847 -873962252 -868650662 -849660293 -834962218 -831217187 -829323335 -808573482 -806397357 -802448501 -792637654 -777164426 -769269509 -767913192 -767823626 -758600534 -747849622 -725244094 -705636186 -701149676 -695288675 -694983785 -674822339 -671729524 -653852063 -636631838 -632103636 -632060038 -616446576 -615273680 -608382736 -604318289 -596906065 -583141080 -573688309 -568542188 -568046180 -567788433 -565579138 -564678482 -555616935 -541174820 -526689912 -511356889 -501548192 -497976417 -481818809 -474813929 -464462784 -454126256 -425684148 -417865833 -415136432 -403104994 -398517561 -397698521 -393734357 -391479462 -368971014 -353771709 -347284173 -335749377 -330841454 -328547210 -326668282 -324131447 -321405610 -309897448 -301896440 -300552792 -299737472 -289864934 -275875783 -269037564 -261212845 -248343581 -248167648 -243956211 -226413516 -132759655 -122724250 -117760775 -112979181 -110214758 -109192652 -108951123 -106335316 -90564437 -90148539 -85210945 -83640031 -77083299 -49779264 -39991758 -34129336 -32079832 -29679181 -24139371 -17203895 -15859882 -8986880 -5512043 -4033089 7764681 12667550 34725387 46669211 51819115 55489032 67937505 70690435 75705321 89477075 102563826 112672305 149108903 163656750 164735182 189740292 192765713 200313275 212597211 220025303 229647693 238327576 240069634 253176207 281408183 291890340 321898235 329166538 349001708 371516626 372769747 383530755 383562437 388962815 396994725 400519601 405665449 414195887 431057588 453693618 456536715 468107494 471700053 491979272 494066418 499709441 505853598 522806341 525994570 545862675 558041761 574685125 584536043 590845485 596846303 629806454 638852742 646465234 672801372 675722010 683667918 700103719 712990205 713107856 713952203 717900541 719739560 734316042 770118744 774023613 800047694 813648715 820006901 832665682 843173739 851566476 853521817 857685276 887279038 907427674 912817449 914824826 956447463 963831805 965904855 967986575 975458245 988151021
200 -983169741 -966497004 -965722162 -955779313 -944549467 -943904075 -942717760 -940536892 -936451313 -935784728 -928330577 -918533129 -902013318 -892246615 -878233983 -870089475 -838305481 -822562099 -808399988 -804102485 -771767588 -766934648 -765887929 -764548582 -757815010 -752913528 -731412917 -728496021 -707288895 -705809350 -697339002 -689481978 -679525707 -658271950 -655513252 -628467338 -628007583 -604263359 -602413700 -597631876 -586109671 -585760229 -577897797 -572866944 -562297124 -549890511 -548243023 -530634380 -513521906 -503451464 -500971423 -500730454 -471217621 -470678637 -457443972 -451862487 -450501190 -445239894 -444123826 -437901618 -431430364 -418926325 -409248734 -407665218 -400046260 -388162331 -381107742 -374183767 -358199406 -353005051 -307513501 -282145345 -272720661 -260647891 -247930424 -246425864 -241581684 -231660541 -220471973 -190917611 -176070928 -172312948 -153980111 -152259200 -148548090 -143363672 -143084123 -140350345 -140162885 -128333738 -118412227 -116286078 -113153621 -111633569 -94317157 -93619565 -89886163 -85377916 -79858442 -72560305 -57364739 -30969510 -28526701 32649524 39225701 42561340 59363325 73245050 88120833 97943225 113517110 114274216 138902477 142973198 162339552 162474926 168408912 168495943 205456930 207415919 217111260 223170340 238349987 247639008 261798456 262137634 264323937 285257423 290653041 296574032 312023618 314407858 325862061 326858721 332068900 334272587 338769008 352147076 354011551 381515138 384761389 394318570 394495811 401535781 413193958 417549675 421232149 441361237 472740762 500235573 509890874 524241600 527225689 527420083 527447597 532060797 539996453 564469805 570742290 581619317 600861283 614706293 621534044 622470981 658037472 668353342 670838164 681603730 683005956 696651198 714156188 729420981 731698604 735159809 736792850 744884030 747488364 751472392 759420043 761917476 763155734 770941822 797854827 801793503 805794557 813639725 853584907 883253309 890851914 899325041 906662095 908370518 910079746 912959015 930737110 945464328 960183985 991875382 995979128 998613480
200 -996922168 -988048529 -982495556 -974249531 -971708350 -946382458 -943833229 -922176437 -918952638 -918113749 -917184092 -911046084 -902973864 -899103096 -888302462 -876036598 -862711123 -858451736 -830073074 -828013542 -807428529 -801741164 -794010831 -791653995 -784634265 -783012380 -778168163 -774771905 -771518110 -761550203 -749824680 -747205750 -737392663 -734891654 -708245550 -702656062 -698100746 -688071134 -686459874 -656113925 -637713208 -637198119 -637170321 -636375924 -634219392 -633984379 -617275587 -586352787 -551964807 -545572855 -541099524 -499327644 -476099440 -475067869 -455567874 -454209939 -444992205 -440074961 -432387953 -418155038 -414950017 -414427747 -406431735 -372041145 -363496727 -336842239 -326438196 -288220054 -286720440 -279337208 -277129045 -275837954 -273544169 -232700535 -232006396 -231309267 -222259127 -217935006 -211268156 -206634968 -191106163 -187945310 -177950833 -168451620 -136241759 -130370624 -117167831 -105864476 -101431239 -99804266 -91351250 -85051199 -77003414 -67292398 -63928389 -46300640 -25090733 -18070425 -14725635 1021823 6614588 8242589 14622724 44387445 50720080 87445685 105680680 110340277 127774820 162480780 168416762 188439630 211230834 211424186 211842519 216131318 228949947 234873250 244642518 256235896 256955241 264800726 265361892 272565902 279313574 282058280 292527646 295829666 295832637 298316374 299940432 302710888 310120998 327463205 340040576 345774561 354556730 370681761 370765710 390634244 423942975 427376146 433270483 443328193 452829648 454410101 454882820 470017758 498796699 507174035 508352696 509491595 520158377 542182287 545949861 567477096 568890646 576768703 582326753 594777447 627631164 638722798 639121040 639190669 682933157 694383559 704144064 732162831 736308286 737959113 738141744 741409307 760718289 771415787 784746585 785536133 814970344 820049288 828121523 836156170 853929554 870418269 876633389 877736540 880800835 883240027 884933014 919682108 920391523 928548843 938507415 944360413 945153716 953564008 963963996 975589484 987194762 990439017 991151661 994927831
200 -992111404 -987998225 -955213052 -946373677 -943931821 -943431602 -933465387 -930633404 -922669534 -913205696 -903374365 -897859134 -878212980 -872752133 -868432400 -863850818 -861520017 -860958901 -850861555 -823550754 -823058078 -815149241 -803135302 -800282645 -784609177 -783025255 -781353668 -780020970 -768706648 -765097691 -762214291 -761974793 -757409061 -754561818 -754548250 -720598217 -664190588 -657178669 -637635271 -630801519 -608345080 -590208437 -563178756 -562683498 -559710397 -549049804 -545983699 -538036707 -518808254 -511456742 -501302448 -489756151 -478218757 -477853857 -468024496 -457848345 -412120471 -402878083 -370549033 -365930031 -360608769 -351344951 -346679249 -335594014 -327586552 -316104916 -294568294 -285033256 -257439294 -253095441 -243787118 -242909518 -242588334 -241284985 -219534662 -212319418 -203544015 -194225898 -192280811 -178028840 -158270292 -154956058 -151783133 -133919926 -132645114 -122853740 -116037536 -108370352 -92501237 -88331412 -81019384 -43920738 -37961524 -35411871 -28365656 -11568729 -365350 16151320 16266490 19657967 21841996 32049192 38396136 42248875 54099755 57219407 104646531 111093597 115226551 117846072 118702873 126311095 126699864 132500148 135986936 146948832 170108133 174347945 176023377 197112894 212085252 219482118 242125526 264367561 268147952 276451340 285231939 287083504 312220453 316913870 322426578 336004771 352989651 374353423 378110321 397410554 404036873 410040455 420094280 426722299 434686477 448575636 450750623 451950181 468308519 477225028 478398930 482720398 487585531 489502007 490580584 493127888 498798371 532038080 553155852 568907255 572469178 589246824 595125545 610257120 629875648 632749740 633508598 641488975 681500621 701181027 729346028 748017474 749279606 753906895 762262537 765534507 785545055 785794929 787295331 788721531 789102552 801559634 817898245 825276488 826765474 829992618 835701520 837411291 839720151 865563952 866625256 869204493 875606638 881667839 887927311 905324965 923583566 927506934 928223161 939161436 953546787 960060732 963323726 976117327
200 -993959193 -987347337 -953922154 -933817220 -921347399 -916678854 -910821869 -910251368 -909894946 -903348877 -897523506 -892246685 -885524626 -857846498 -849676916 -842317418 -841352533 -828008178 -826884228 -803763034 -803163997 -802008731 -793631164 -763324812 -758669698 -746146386 -723127721 -715276392 -702489926 -684550107 -679856908 -675897363 -670061308 -659947709 -648213323 -640716299 -635005692 -629279594 -621374340 -616120013 -615917670 -593378582 -592743830 -568834734 -565332058 -552055779 -543627073 -532819338 -522338736 -521467532 -515533094 -496991498 -476399384 -469054534 -465030525 -463641636 -451466735 -429153887 -417036647 -409544534 -402721350 -383801941 -378903974 -372074511 -369132420 -367543613 -347076569 -341626884 -338341426 -318464128 -309916209 -301499613 -299568293 -296571466 -257386576 -252595161 -252011624 -249275142 -247629472 -237310325 -200719025 -200488825 -184571149 -179148906 -174905908 -155353348 -146125255 -137908621 -115348164 -93271535 -74055632 -67962904 -58136151 -52287120 -39562985 -35198100 -23981876 -8386912 -7358253 -1821795 35464766 44091460 67422588 68917497 73789322 76556915 98124433 109941859 111016740 114271696 115202417 129319363 134705194 138840095 141965121 144186407 150834355 151818821 152382206 162824738 169093367 172403097 193968971 213597904 226353649 234390981 237548152 242650283 248060206 268337200 271006860 273151197 273306098 279569464 293170713 297442165 307845592 311372734 331067157 331490330 331532271 347536747 402990381 414635499 415966583 419267036 431462257 445286324 448125218 451137374 465388691 476076171 481715046 498726868 504437965 523385110 541526711 557969432 558660234 569048143 581869082 596984862 601649547 604383229 605401622 606825963 610219886 626015086 626347286 654212357 664559927 683674522 688167494 692163391 696244192 697690454 706409918 728697462 734384533 735769431 752548699 761574716 773532298 776411137 777714941 799306350 807056864 811537303 820785402 858926644 873103564 878474959 898682541 903985261 919274031 935983929 938572424 965485651 974502816 997552738
200 -998363886 -994994225 -993447772 -986929706 -981611575 -974691585 -958172351 -952354436 -940230376 -918056100 -912107288 -896357719 -870978101 -844234990 -839952094 -826347299 -814554465 -796546692 -792738684 -787072744 -786273037 -782694810 -768209345 -731830207 -730635210 -722319234 -713526478 -712699088 -706731376 -704728480 -693526182 -692685495 -682841390 -664451551 -661788947 -642360557 -642319280 -637300014 -635604044 -629314757 -624103063 -623370027 -616329806 -609569037 -602126731 -589610359 -585363889 -572026803 -552619774 -543746070 -543088390 -529163644 -527909787 -515353903 -495412160 -494592869 -493146249 -469471661 -428530067 -415166758 -411219788 -408919206 -402921208 -392983379 -389856100 -379648903 -374551095 -373752711 -372908143 -326684625 -324121964 -316100402 -312059734 -311157138 -309541436 -296306947 -283388457 -262466940 -237346386 -235141134 -222715701 -222212688 -209639832 -206979164 -192768350 -184209021 -161707395 -151753077 -140384177 -126607742 -72041690 -50623691 -50222526 -39106870 -27288092 -21756711 -4564998 7648532 9922217 11066825 11714507 17577498 29179361 32456760 63879291 74418730 76544637 104024714 107614355 118475373 124376550 126528476 127039459 136824592 138626007 145682023 149753582 151180535 171639876 188834097 195837586 204691369 210240383 213040722 229425063 243624958 265622484 283090062 283293403 284768954 292825678 297732193 302950216 305280996 312940279 314984647 319575099 322096403 338376086 340583400 340798032 342912350 345216588 360130710 362487230 364256618 373628099 373888620 379361843 400121211 403456135 409365697 414737840 416830808 424070175 432445434 449930569 463388130 464479926 490607303 500718321 509781501 518000281 527727105 529682988 532758206 559566187 578859101 632775736 640222343 663623845 664926017 670594178 684444319 701074527 735176033 748938037 749833148 754717057 767416968 779352348 792374983 808495048 820767336 835577092 838098287 845071950 864718934 880524021 889024686 902112100 910180709 924011403 932091365 937426047 947445189 948731584 978920715 983734068 995946030
200 -999833207 -987852837 -971022003 -962424808 -942526826 -928732171 -926315809 -924264682 -918297898 -916321311 -912827136 -894871164 -885510821 -883880265 -872512328 -871860716 -852726741 -846868166 -843996308 -832276306 -828971487 -815969315 -804221868 -800428946 -796643348 -767178151 -759447418 -756803297 -755077326 -748868641 -735791408 -735759714 -733701095 -730343810 -729382713 -718088854 -695287913 -689697997 -689426867 -665099524 -656190837 -651081899 -641084691 -623449372 -606054026 -589873180 -566992866 -560864744 -550440391 -549054117 -536691265 -535222282 -533957699 -531019272 -528383802 -480437238 -479000685 -468300578 -444777587 -438433826 -431203208 -431124213 -426494991 -424481417 -419514437 -417262215 -415097300 -409721596 -408643360 -406782845 -396782086 -395036134 -383755234 -366055436 -365655217 -350374824 -332242066 -314277322 -285614488 -281270205 -269373519 -253674343 -236792846 -230876619 -229531390 -220497012 -209355761 -200485777 -190332588 -174576169 -162586920 -160601724 -158015410 -140859167 -139819880 -117489443 -108765949 -106685572 -91519100 -87063341 -70994802 -68420899 -21721374 -19007384 -16471769 -9725698 -6427078 7676239 8791860 24626328 33969147 34516233 51860806 77028096 85121189 107700838 108416073 130512463 140548058 143804059 148768775 161056917 180339578 181197195 191449877 193325816 212832598 229892828 242453986 243309452 245631819 250892931 251122687 257169659 264669603 323076244 323193593 338541604 350286412 354318679 360526658 362002946 376276988 378107685 379522780 407851221 432737584 435677268 444249680 451721777 454885056 460734798 474198691 478487361 507991443 513987187 528581156 571301898 577817051 590636877 641562928 650619354 654049851 658146633 678415825 691829580 694550491 719022378 720627911 721894919 724417859 725624062 736064586 739675836 740617488 774535714 798826128 801799862 808093304 808197058 823580904 847444035 868887043 871315425 884981064 885197557 889173016 897758975 899473065 903324719 918941342 925662272 945283974 948976746 950788811 961328732 962924448 985782979 993058146 996373214
200 -994247020 -974158096 -967020397 -954584964 -941757201 -932045368 -925935976 -895454282 -885150734 -877289937 -874059591 -860632335 -856491408 -853801715 -850950677 -833781822 -832742421 -819220595 -791526633 -763485668 -714173547 -649899405 -647080628 -603675380 -598271281 -596770505 -589204775 -588015370 -579686710 -573145329 -562726591 -561776715 -542558112 -527355956 -525605123 -479835072 -472275294 -467052745 -445444972 -442540634 -442507262 -436277137 -390254445 -385099400 -351942602 -349286112 -334972196 -329325102 -322259474 -320600965 -315698189 -314363565 -310107018 -305961415 -298744539 -295556640 -291976705 -285616930 -285583701 -273720953 -259578907 -232751302 -232200525 -230222943 -214833906 -210419374 -209564059 -202245061 -201789846 -194936541 -173160366 -172585310 -160330329 -154041385 -133904552 -127875095 -92158570 -78747635 -74973477 -72702814 -59152559 -14291908 -12065985 -1138265 4905715 5727148 11868411 31090867 37084356 78029452 84117375 87787104 90246128 91625256 95052435 116550579 123750907 124328489 127402243 129675037 132932437 135148088 145029169 145661320 147300174 147348573 164133710 168705342 173257951 176691113 184300168 199046371 202321977 204260954 210859927 223879559 233219904 237461928 245142384 248336479 260752230 271391753 292471148 295574942 299796076 304892187 324358581 350359699 351761972 352996094 357603786 380298485 389774746 414509959 419088954 419838729 420398768 425447217 437859010 438425403 445550447 469962329 474332250 475470014 480245021 489907650 490716453 522972892 551704498 588245006 590260413 592879824 594262836 605729766 606758578 608692886 609583268 613889605 628220471 628251495 630124034 630341636 641752398 653574000 661486660 678773872 681176786 683545826 717052134 724125893 730474081 736070362 746417665 746471576 767503352 790129609 819477847 839531424 856860711 868770959 882767324 886217525 892623456 893664623 906290949 913094826 925838900 933174199 937730581 939498192 943819626 950527780 951666703 954647660 962187573 973831337 980950341 981753154 983382748 999818165
200 -996736473 -993394330 -985029581 -984224442 -976805814 -972869218 -970842116 -967101371 -962679354 -958902609 -927926557 -926510044 -912727494 -899315619 -882878808 -873462474 -856957906 -854836898 -823570403 -817391359 -817246852 -812666949 -800514828 -783332711 -781574970 -777116949 -774491626 -749663841 -744940004 -726803632 -704622602 -694371850 -694146364 -674142366 -672216885 -665624998 -661455465 -652253677 -645655452 -643391539 -607771657 -605990670 -604102886 -599172074 -587130675 -586181750 -577348863 -571306417 -569870830 -564348875 -524845408 -522580493 -505703860 -501766292 -498780669 -482683219 -481394902 -434875706 -419527627 -389392648 -381859600 -361809457 -348537869 -346890463 -335261300 -335116038 -330388040 -307319350 -284529194 -278563336 -275545032 -258917374 -244967671 -235892969 -232799269 -229682116 -202926959 -197369608 -191659325 -188202173 -185176162 -166783386 -147382117 -135518891 -133721728 -129101745 -117646094 -105511770 -104899145 -99037014 -97239389 -96019773 -92928035 -86691169 -74328284 -74252124 -72371576 -46700157 -45045752 -44851185 -44674008 -44419007 -43697953 -36605778 -26054447 -22707520 -20996962 -9991842 -6028060 -1910800 -72134 9298942 17649034 25144185 28693310 35683443 41922353 44771803 62068011 77243239 86184592 87924631 181844894 193160482 202557901 205660679 208780640 216794132 218822246 226815151 252333041 258641488 276478797 276602673 282054889 282593704 283465918 286768385 292019849 295139895 312960079 313023271 313610315 331732001 332020647 334512478 339339103 358874281 367848085 371436155 422274139 424891718 432679421 482204140 487043549 507123138 562280314 565290889 585156433 590213163 592764799 596499537 606405583 613985840 623750366 631910254 641925293 680652969 685246755 685728094 689374115 700012966 701228711 709412775 712790677 735269242 763743442 765164348 769950106 781708407 782555823 798253015 807247026 837900270 839587789 844591138 847434890 848093846 856546383 904887658 921067186 922642832 940800417 958078448 972515171 977074351 980710345 983052202 992153337 994118430
200 -973619677 -973291619 -967313944 -966882394 -960205335 -952842050 -929998599 -917644429 -917044692 -905758362 -905616064 -868934653 -866198835 -851094779 -833349671 -826160373 -820610134 -816064439 -799977125 -767112003 -758063730 -751013668 -743116798 -734283327 -729448277 -701999244 -700521369 -698477881 -687457064 -685964889 -685058706 -677839211 -664258478 -659168695 -658153406 -653338205 -652522712 -647462612 -637425731 -619192638 -577236728 -552355134 -552348681 -544465785 -499222358 -491075128 -487561467 -478808425 -476320753 -472795289 -468970658 -466906771 -454964889 -454493522 -445042925 -425887116 -411389215 -383214577 -377710155 -373640823 -373026293 -353877754 -343501886 -342519785 -330469758 -314034725 -298520465 -285902527 -285857189 -264368033 -256024915 -252972964 -250540778 -249129958 -243747527 -243577755 -236277210 -227586967 -173843175 -173659774 -164955626 -93971978 -85153338 -76265845 -73192751 -57248378 -55342814 -31796447 -27067069 -12238197 -7176889 -1444684 -1078358 -32700 1492523 31100458 44494272 46448382 47359364 82199116 97782561 104113257 104269574 118463527 130035530 149295987 157239839 158447821 171549875 185147351 190940194 197107132 212021020 223432537 229494976 245330652 245738589 253769520 273881673 274463928 286667266 289275103 295783479 312627210 314438343 319182744 340990391 347345303 347528596 350881723 351371853 363426513 367187770 369509095 372643982 378939722 381590698 386012693 398450031 400501950 428381889 438103437 450620021 451301992 468371437 498553164 511353127 515681476 525593582 540980512 541249151 546401471 551174464 555118673 557327554 561708108 567583057 590794632 596299067 610875462 621690385 625974649 626086088 637238225 639147674 651500088 668345861 668829946 682798174 685786740 703789547 705603375 723157172 725369065 731703202 734813354 753176743 759124206 776210665 789859416 803497570 810651883 839546421 864829833 873872467 874234292 879442310 902939827 912333089 915435912 936853701 940934230 950983974 979379684 980259911 989220855 991643534 993329448 996124168 999139060
200 -993179844 -986824002 -951777063 -951285098 -948245724 -947796874 -946029905 -933653842 -929130267 -918074629 -914388342 -906054673 -878953044 -875105109 -840933921 -824001075 -821972605 -808778487 -807766925 -804454375 -789083024 -781112852 -767587716 -745424954 -738437944 -734329122 -726367219 -724683373 -724399199 -719006654 -713616880 -698975743 -697995999 -697962448 -694889003 -672750078 -671696034 -655222782 -645624414 -641618611 -616844646 -606753841 -589018668 -582377186 -580010202 -565406890 -555917238 -534028528 -500434057 -483460646 -479200747 -469916788 -464696986 -462984566 -447935886 -417390182 -389501563 -373650939 -364026291 -342275425 -333825508 -332951061 -332298697 -329831352 -301294534 -289178875 -284239468 -273504207 -272996159 -272403927 -266356510 -259008832 -246295940 -233339551 -232662331 -231425480 -222025204 -219856853 -212480125 -189650496 -187282498 -173321725 -159810152 -156221275 -150126278 -148055586 -142774610 -138691308 -136600616 -110178450 -72894632 -72696666 -45802212 -35287014 -20248058 -8639358 2193052 18022566 38153222 39479908 41527270 44152689 55656692 58129870 62237005 62829133 71308697 72675147 93333199 96567747 124318232 125859545 142543357 146436950 148343253 155614308 169988693 179992415 183424827 187919508 190516476 191518639 192517730 197569403 223469211 240012480 268061276 273776539 282184593 293051571 309802545 326851679 331510970 334095971 336244187 347012615 388074874 389009239 395248757 397262123 408994343 409061553 421899171 423451740 424668594 438838797 454098252 486184060 498712256 500043363 512993462 526181394 533201622 548629013 550747236 604682694 618307242 632146641 641822976 655344583 677688481 695007684 699058549 720825199 727193212 733222192 734528086 740026727 740330232 775297461 777293376 779773018 787605833 809696246 812485946 815209458 832836665 846598004 852609379 852753312 859342046 864408960 870326082 900416614 910558758 922204188 923917544 927585478 932210502 943075213 948085243 949328857 951336384 965177040 966902786 980600249 984015772 985790194 986049958 991798728